order_id,customer_id,order_date,order_value
1,861,2023-02-04,56.71
2,1295,2023-10-16,222.99
3,1131,2023-01-18,48.91
4,1096,2023-06-14,200.94
5,1639,2023-01-13,72.46
6,2170,2023-07-21,1050.11
7,467,2023-08-17,48.99
8,1239,2023-12-12,28.41
9,331,2023-01-01,36.37
10,1483,2023-11-15,150.65
11,2136,2023-08-05,52.66
12,2920,2023-02-03,1287.32
13,131,2023-12-25,262.27
14,1686,2023-09-23,54.73
15,770,2023-05-08,36.37
16,2392,2023-07-31,70.12
17,1516,2023-09-20,48.81
18,2854,2023-11-08,49.82
19,2434,2023-03-21,48.83
20,1216,2023-06-14,40.9
21,956,2023-09-09,1395.21
22,2325,2023-01-12,53.96
23,1185,2023-10-31,44.77
24,460,2023-07-31,41.56
25,22,2023-10-09,57.51
26,2301,2023-04-22,51.77
27,748,2023-07-30,44.55
28,2905,2023-08-27,52.89
29,475,2023-09-25,220.57
30,1083,2023-10-25,59.14
31,2559,2023-11-13,242.34
32,2048,2023-02-27,61.18
33,2748,2023-02-03,50.44
34,976,2023-09-20,68.46
35,1807,2023-12-31,59.35
36,190,2023-02-04,172.77
37,2735,2023-09-28,70.03
38,563,2023-08-15,52.01
39,1900,2023-01-25,39.45
40,1268,2023-08-22,62.46
41,2880,2023-02-28,57.15
42,1529,2023-09-08,46.2
43,647,2023-12-01,63.82
44,2069,2023-03-27,32.39
45,2889,2023-09-08,67.12
46,2215,2023-06-29,55.21
47,1298,2023-07-26,40.11
48,2436,2023-12-10,45.14
49,601,2023-05-29,58.75
50,2364,2023-03-12,223.86
51,2062,2023-05-01,176.91
52,242,2023-09-10,51.71
53,2042,2023-04-03,56.43
54,2825,2023-09-13,170.21
55,2613,2023-09-11,34.59
56,2946,2023-12-18,50.69
57,1364,2023-10-15,50.78
58,2140,2023-11-05,44.13
59,1391,2023-02-28,59.1
60,1479,2023-03-10,55.13
61,2557,2023-03-27,48.55
62,776,2023-10-01,1861.86
63,35,2023-08-15,61.65
64,2254,2023-03-22,40.56
65,1956,2023-04-24,50.21
66,1586,2023-07-03,51.04
67,1022,2023-10-07,43.93
68,2614,2023-11-18,54.41
69,1130,2023-11-14,66.84
70,1501,2023-02-23,165.3
71,703,2023-07-16,231.4
72,2450,2023-10-20,200.5
73,2778,2023-10-20,43.56
74,1580,2023-10-18,43.07
75,162,2023-06-29,48.95
76,202,2023-08-10,43.0
77,1982,2023-10-01,53.59
78,996,2023-09-01,57.42
79,2318,2023-06-03,33.83
80,816,2023-10-31,48.86
81,456,2023-09-30,36.01
82,1276,2023-05-15,54.03
83,1017,2023-11-09,50.35
84,2344,2023-01-08,67.42
85,2768,2023-05-08,60.22
86,338,2023-02-25,50.68
87,879,2023-05-06,203.4
88,1077,2023-06-08,52.82
89,792,2023-02-28,57.56
90,2265,2023-02-27,53.55
91,764,2023-05-20,50.34
92,2236,2023-06-25,44.0
93,380,2023-04-18,55.87
94,493,2023-07-30,49.05
95,1181,2023-03-15,37.86
96,2063,2023-06-16,38.0
97,65,2023-12-23,260.54
98,2569,2023-10-31,65.25
99,1368,2023-08-21,2099.98
100,1153,2023-11-23,49.73
101,2028,2023-07-01,46.07
102,2696,2023-05-02,56.73
103,1496,2023-11-30,36.54
104,1163,2023-07-22,49.75
105,1523,2023-01-29,43.86
106,2641,2023-07-21,2014.87
107,392,2023-04-03,45.92
108,1699,2023-11-25,47.79
109,419,2023-12-22,52.2
110,2337,2023-06-25,63.6
111,379,2023-11-26,59.39
112,1797,2023-07-30,1169.53
113,2279,2023-07-03,40.04
114,2089,2023-04-05,57.99
115,2183,2023-09-30,40.09
116,201,2023-05-17,1358.35
117,1864,2023-08-25,40.4
118,780,2023-12-19,244.18
119,2978,2023-09-22,54.49
120,503,2023-05-15,48.5
121,2455,2023-05-24,202.59
122,1752,2023-01-19,63.73
123,805,2023-08-19,49.95
124,2147,2023-05-14,63.64
125,2732,2023-04-24,64.17
126,1896,2023-05-19,47.04
127,2774,2023-05-05,67.78
128,1571,2023-07-23,44.03
129,961,2023-03-02,57.98
130,2661,2023-09-07,47.75
131,1486,2023-10-25,50.74
132,2691,2023-01-13,53.88
133,1029,2023-09-12,212.61
134,503,2023-03-26,59.62
135,2815,2023-01-20,62.34
136,398,2023-02-19,44.59
137,871,2023-06-13,41.71
138,2843,2023-04-02,58.33
139,393,2023-03-29,44.99
140,207,2023-03-10,48.47
141,1039,2023-02-06,56.44
142,1882,2023-09-10,52.01
143,2940,2023-09-09,43.87
144,1485,2023-05-20,55.3
145,864,2023-12-21,45.78
146,2791,2023-06-17,36.82
147,564,2023-02-23,41.39
148,1021,2023-06-27,43.42
149,96,2023-10-24,62.67
150,1924,2023-10-28,43.28
151,1758,2023-12-25,62.78
152,2533,2023-04-16,47.08
153,2279,2023-05-17,212.37
154,2797,2023-07-09,43.24
155,1679,2023-05-08,50.51
156,541,2023-12-08,233.87
157,1060,2023-02-16,240.3
158,2573,2023-01-05,49.45
159,1184,2023-09-14,202.69
160,1723,2023-10-27,1620.11
161,1820,2023-05-30,47.32
162,2626,2023-10-21,52.67
163,2730,2023-08-31,57.54
164,2605,2023-10-02,16.64
165,1598,2023-07-27,156.83
166,2694,2023-04-25,29.84
167,796,2023-07-14,48.27
168,1052,2023-12-09,43.1
169,1644,2023-06-19,54.89
170,1364,2023-03-23,55.14
171,1982,2023-06-03,63.19
172,1355,2023-05-21,213.2
173,1664,2023-11-10,38.72
174,1530,2023-05-26,56.67
175,2039,2023-11-19,42.64
176,1497,2023-05-02,43.33
177,2238,2023-09-09,33.87
178,1409,2023-12-09,45.26
179,1401,2023-11-07,43.03
180,1307,2023-03-30,38.65
181,2681,2023-02-27,60.99
182,2676,2023-03-04,53.95
183,973,2023-12-13,39.45
184,1769,2023-11-04,43.55
185,1283,2023-10-07,40.44
186,710,2023-03-13,58.32
187,1480,2023-01-09,62.57
188,1435,2023-04-04,212.56
189,649,2023-12-05,39.65
190,318,2023-12-02,51.16
191,1258,2023-06-01,44.2
192,684,2023-12-22,199.63
193,664,2023-02-09,66.73
194,1999,2023-12-25,155.29
195,1632,2023-03-03,44.1
196,1496,2023-09-11,58.7
197,1137,2023-03-10,51.57
198,1854,2023-09-02,57.27
199,1521,2023-12-31,56.26
200,2490,2023-06-19,48.73
201,564,2023-06-27,41.33
202,1292,2023-07-08,51.36
203,1637,2023-09-17,61.96
204,3000,2023-03-13,39.4
205,699,2023-01-17,60.53
206,2161,2023-12-07,49.49
207,2,2023-02-26,53.76
208,642,2023-08-06,49.66
209,2268,2023-04-17,41.25
210,1590,2023-10-31,195.66
211,855,2023-06-22,48.81
212,1760,2023-08-07,42.3
213,2433,2023-09-04,48.6
214,1662,2023-08-06,62.84
215,1154,2023-01-31,52.0
216,1077,2023-02-16,49.25
217,1708,2023-05-14,61.74
218,2778,2023-04-18,211.08
219,1696,2023-03-13,52.81
220,1734,2023-11-23,42.75
221,1440,2023-04-18,1052.58
222,2295,2023-11-05,48.32
223,836,2023-09-29,46.77
224,203,2023-06-20,39.58
225,123,2023-04-26,155.45
226,401,2023-11-25,47.26
227,767,2023-03-15,170.71
228,294,2023-09-13,794.92
229,2328,2023-03-22,43.17
230,2932,2023-09-25,30.5
231,198,2023-05-08,41.97
232,1931,2023-11-22,25.53
233,2800,2023-08-23,68.88
234,2192,2023-02-10,48.1
235,609,2023-06-30,173.67
236,1148,2023-06-06,69.12
237,187,2023-02-28,52.5
238,2512,2023-12-11,154.8
239,1795,2023-09-06,28.18
240,660,2023-07-11,46.04
241,2812,2023-01-24,202.23
242,1956,2023-03-21,56.76
243,2451,2023-05-14,157.33
244,1370,2023-08-01,41.58
245,1987,2023-12-14,36.61
246,1535,2023-06-15,49.71
247,147,2023-12-14,51.79
248,2912,2023-12-03,44.85
249,1735,2023-03-12,53.43
250,1844,2023-08-02,29.24
251,489,2023-03-06,54.92
252,2977,2023-08-09,57.85
253,1960,2023-11-04,50.3
254,1664,2023-10-13,58.39
255,2599,2023-07-04,50.88
256,2386,2023-07-26,61.84
257,2920,2023-04-09,39.58
258,641,2023-08-30,58.51
259,1803,2023-06-07,40.53
260,2521,2023-04-08,56.51
261,1970,2023-02-11,41.14
262,2199,2023-05-19,178.78
263,1439,2023-10-10,40.58
264,1635,2023-08-15,49.64
265,263,2023-03-13,54.61
266,1788,2023-08-31,35.8
267,2192,2023-01-18,51.38
268,2394,2023-03-18,29.13
269,624,2023-02-14,1107.32
270,1017,2023-12-09,43.0
271,881,2023-05-20,54.14
272,2050,2023-06-26,39.16
273,2945,2023-08-10,46.5
274,1328,2023-04-02,38.83
275,2302,2023-01-22,48.93
276,453,2023-06-21,64.74
277,1184,2023-04-02,51.35
278,2057,2023-07-11,46.67
279,1683,2023-03-18,63.78
280,2864,2023-10-08,68.3
281,2256,2023-12-30,44.52
282,1155,2023-06-28,50.47
283,404,2023-08-26,224.89
284,2200,2023-05-15,56.86
285,2102,2023-12-31,60.27
286,1697,2023-10-07,51.94
287,628,2023-01-19,49.76
288,587,2023-03-24,40.21
289,1649,2023-08-16,39.52
290,1444,2023-09-22,59.01
291,1446,2023-04-22,61.01
292,104,2023-09-08,57.63
293,254,2023-06-13,65.69
294,2558,2023-12-24,48.6
295,1497,2023-06-17,60.47
296,99,2023-08-09,55.44
297,2201,2023-10-31,50.61
298,1885,2023-07-10,39.36
299,2962,2023-11-21,41.39
300,1920,2023-06-19,49.06
301,878,2023-02-14,31.1
302,338,2023-01-14,49.66
303,2870,2023-08-19,211.04
304,957,2023-06-06,46.44
305,1705,2023-05-14,56.94
306,161,2023-02-06,64.86
307,1604,2023-02-22,51.1
308,2849,2023-01-18,57.43
309,398,2023-02-07,38.65
310,1301,2023-07-06,51.55
311,816,2023-07-15,59.0
312,1528,2023-08-31,1646.73
313,1920,2023-10-27,44.16
314,1416,2023-10-30,69.79
315,1159,2023-02-04,219.38
316,1219,2023-08-03,51.93
317,401,2023-08-07,50.75
318,640,2023-11-12,1161.72
319,2736,2023-03-31,60.84
320,460,2023-11-04,39.75
321,955,2023-09-09,68.17
322,470,2023-01-08,51.4
323,1046,2023-09-13,34.42
324,2798,2023-12-29,49.98
325,1694,2023-07-27,61.39
326,2086,2023-05-11,54.52
327,2278,2023-08-12,16.7
328,563,2023-07-16,59.21
329,2486,2023-05-22,1788.07
330,1800,2023-09-09,42.08
331,2075,2023-04-06,36.64
332,226,2023-01-26,54.96
333,798,2023-04-21,43.13
334,2332,2023-05-03,49.72
335,2927,2023-07-05,55.51
336,960,2023-06-17,254.63
337,1505,2023-02-20,35.27
338,453,2023-01-05,62.19
339,816,2023-03-18,31.38
340,659,2023-06-09,38.29
341,547,2023-07-27,47.97
342,1216,2023-09-14,56.63
343,17,2023-07-24,62.43
344,1244,2023-09-12,24.46
345,2206,2023-01-11,42.84
346,2525,2023-01-08,51.86
347,1070,2023-02-01,56.88
348,2566,2023-01-28,1388.73
349,2147,2023-07-25,41.47
350,1769,2023-08-16,59.17
351,1061,2023-05-08,50.92
352,2328,2023-09-12,30.45
353,2545,2023-07-31,1822.82
354,302,2023-08-27,42.91
355,181,2023-07-26,51.59
356,607,2023-11-14,42.38
357,700,2023-10-10,43.95
358,993,2023-09-02,51.3
359,1140,2023-02-14,29.2
360,191,2023-04-15,54.48
361,2301,2023-12-14,42.21
362,981,2023-10-08,46.26
363,2976,2023-08-22,236.78
364,2007,2023-07-08,34.35
365,1185,2023-02-13,140.46
366,128,2023-08-13,52.74
367,2066,2023-05-22,44.77
368,1817,2023-05-16,67.66
369,1759,2023-06-25,41.63
370,2614,2023-05-22,63.72
371,570,2023-03-21,51.8
372,1347,2023-03-23,58.03
373,1896,2023-05-15,155.71
374,2734,2023-07-26,37.36
375,626,2023-12-10,49.7
376,2902,2023-06-26,55.13
377,1687,2023-08-31,36.93
378,155,2023-02-24,56.42
379,2538,2023-05-21,61.07
380,1410,2023-02-25,41.67
381,785,2023-01-15,44.78
382,246,2023-07-04,71.12
383,1501,2023-11-10,52.24
384,1706,2023-03-29,49.94
385,2807,2023-04-07,54.81
386,538,2023-05-24,45.81
387,1891,2023-01-08,51.79
388,1842,2023-08-03,60.76
389,921,2023-06-22,59.69
390,2456,2023-08-11,60.34
391,525,2023-02-09,60.55
392,2876,2023-07-01,49.22
393,1530,2023-09-27,65.17
394,2951,2023-07-06,245.62
395,36,2023-09-02,55.27
396,685,2023-11-05,303.5
397,20,2023-08-19,62.9
398,2369,2023-06-04,44.4
399,2560,2023-06-24,54.38
400,400,2023-12-02,63.65
401,2702,2023-04-25,36.87
402,972,2023-11-07,44.56
403,1907,2023-10-27,31.48
404,2519,2023-01-18,45.89
405,1167,2023-09-29,45.67
406,1116,2023-01-12,52.82
407,834,2023-10-28,16.92
408,1824,2023-07-11,49.63
409,2775,2023-08-20,55.1
410,1983,2023-04-03,47.19
411,854,2023-08-06,64.24
412,51,2023-10-05,38.46
413,575,2023-12-19,2144.96
414,1149,2023-10-30,55.28
415,2198,2023-01-29,26.72
416,2362,2023-10-28,49.4
417,2618,2023-03-18,40.09
418,2353,2023-01-09,63.53
419,1716,2023-01-24,45.6
420,682,2023-01-15,147.25
421,838,2023-06-13,27.17
422,1078,2023-01-13,52.52
423,2492,2023-12-13,50.66
424,2661,2023-06-21,38.55
425,2312,2023-12-23,48.63
426,1596,2023-11-23,65.49
427,5,2023-07-19,36.37
428,1127,2023-03-17,44.82
429,1220,2023-06-13,44.16
430,774,2023-03-02,46.68
431,877,2023-09-02,58.93
432,992,2023-06-04,38.29
433,2932,2023-09-14,51.93
434,47,2023-09-01,57.73
435,2915,2023-06-11,40.17
436,2871,2023-03-09,261.45
437,2984,2023-12-10,63.96
438,2704,2023-10-04,45.2
439,269,2023-06-10,37.69
440,370,2023-09-16,55.63
441,636,2023-11-03,57.95
442,1130,2023-12-01,56.72
443,1694,2023-04-05,64.04
444,1683,2023-09-03,61.81
445,657,2023-08-09,45.62
446,120,2023-05-03,148.73
447,831,2023-07-06,47.29
448,1811,2023-09-19,24.3
449,1082,2023-09-30,46.88
450,1975,2023-03-01,60.28
451,1370,2023-05-05,75.27
452,741,2023-12-03,58.93
453,117,2023-12-07,70.31
454,1854,2023-02-20,48.76
455,2839,2023-06-27,45.59
456,1151,2023-05-19,38.42
457,1932,2023-11-23,71.23
458,1013,2023-06-19,67.81
459,1665,2023-02-08,54.63
460,1082,2023-03-10,57.06
461,634,2023-08-24,46.0
462,513,2023-02-17,116.28
463,2850,2023-02-26,42.14
464,1120,2023-10-04,47.12
465,1142,2023-12-04,73.39
466,560,2023-04-09,50.71
467,488,2023-01-15,38.61
468,897,2023-11-21,65.55
469,1213,2023-06-28,55.2
470,704,2023-11-28,1807.75
471,1471,2023-03-03,46.01
472,581,2023-04-29,43.96
473,2838,2023-02-06,64.51
474,2909,2023-05-14,220.6
475,2295,2023-01-26,37.64
476,154,2023-01-08,27.94
477,1680,2023-01-04,33.43
478,997,2023-01-21,55.03
479,2745,2023-05-29,60.24
480,1244,2023-01-25,51.71
481,1093,2023-05-23,37.92
482,1009,2023-09-02,29.85
483,2142,2023-02-12,191.72
484,1774,2023-10-20,48.57
485,958,2023-07-04,51.02
486,453,2023-02-11,60.65
487,1228,2023-04-02,62.43
488,2960,2023-11-13,40.37
489,2266,2023-11-20,41.33
490,2522,2023-02-22,35.35
491,2480,2023-03-25,44.39
492,2389,2023-02-03,66.56
493,551,2023-03-17,48.27
494,1636,2023-12-19,35.35
495,1313,2023-07-16,1926.25
496,1758,2023-10-13,43.5
497,357,2023-03-29,80.97
498,2071,2023-08-23,61.63
499,1786,2023-08-20,50.45
500,2570,2023-01-07,54.26
501,1782,2023-10-19,61.39
502,2850,2023-02-07,47.71
503,2810,2023-02-21,45.49
504,2490,2023-05-23,241.91
505,1632,2023-08-09,668.16
506,2817,2023-08-28,251.82
507,1016,2023-05-23,65.12
508,1349,2023-12-15,50.4
509,516,2023-12-29,56.29
510,2840,2023-02-18,1558.75
511,336,2023-10-04,37.09
512,1783,2023-09-28,30.61
513,2306,2023-01-14,68.45
514,497,2023-10-25,32.86
515,896,2023-01-15,1442.75
516,2208,2023-08-22,192.63
517,852,2023-03-04,274.58
518,1688,2023-07-15,52.05
519,1932,2023-01-27,140.21
520,2738,2023-04-03,54.37
521,2428,2023-04-15,53.06
522,1569,2023-11-05,32.06
523,957,2023-02-21,50.69
524,2739,2023-11-15,58.83
525,1637,2023-06-30,59.44
526,1292,2023-02-26,66.94
527,1441,2023-04-30,198.54
528,1192,2023-11-04,209.73
529,1067,2023-12-29,253.13
530,285,2023-02-12,64.01
531,2445,2023-05-15,48.52
532,12,2023-09-17,46.96
533,1631,2023-07-16,43.9
534,2547,2023-05-13,220.26
535,754,2023-09-12,1670.98
536,2083,2023-08-08,42.74
537,2775,2023-12-02,1399.31
538,2897,2023-02-10,55.55
539,90,2023-09-12,901.56
540,776,2023-01-02,57.78
541,2653,2023-07-14,1522.73
542,1626,2023-08-30,30.93
543,418,2023-05-29,42.54
544,115,2023-07-17,55.17
545,617,2023-10-26,2001.26
546,826,2023-09-02,59.04
547,1650,2023-12-04,49.22
548,1517,2023-04-18,46.85
549,413,2023-07-31,48.58
550,729,2023-06-05,2208.35
551,2809,2023-01-26,47.98
552,676,2023-03-23,50.98
553,1893,2023-03-24,818.03
554,2505,2023-05-11,51.7
555,2968,2023-11-25,54.53
556,2240,2023-04-10,29.67
557,2787,2023-09-13,61.89
558,1123,2023-02-18,52.67
559,1572,2023-03-04,61.04
560,978,2023-11-07,47.25
561,1009,2023-10-17,54.79
562,2144,2023-04-15,1976.4
563,1688,2023-04-15,68.72
564,2711,2023-11-21,45.13
565,37,2023-01-15,43.79
566,1549,2023-06-24,217.38
567,2327,2023-09-16,30.16
568,2265,2023-07-30,38.92
569,2915,2023-09-16,53.19
570,873,2023-04-12,56.91
571,1822,2023-09-17,44.89
572,1297,2023-12-10,58.62
573,2110,2023-06-08,1867.29
574,596,2023-02-14,57.76
575,1904,2023-10-28,41.89
576,729,2023-09-08,44.67
577,1366,2023-11-27,204.1
578,397,2023-06-14,54.35
579,699,2023-07-12,50.04
580,2225,2023-01-09,70.06
581,1636,2023-03-06,48.22
582,396,2023-10-09,47.69
583,2493,2023-06-30,48.36
584,76,2023-10-09,61.06
585,265,2023-10-06,34.78
586,2503,2023-01-30,59.91
587,1820,2023-09-23,69.01
588,718,2023-11-24,42.86
589,2783,2023-08-05,203.68
590,851,2023-11-16,57.27
591,1391,2023-04-15,39.44
592,144,2023-07-03,1435.11
593,885,2023-11-26,35.52
594,396,2023-05-28,268.05
595,2996,2023-04-15,63.9
596,2939,2023-02-16,23.85
597,1493,2023-03-28,64.57
598,1168,2023-11-05,59.61
599,2617,2023-05-09,48.56
600,1063,2023-09-15,69.25
601,2157,2023-11-10,46.3
602,1066,2023-05-27,46.17
603,1210,2023-03-13,321.53
604,2983,2023-05-20,241.51
605,2446,2023-01-27,54.93
606,634,2023-01-29,38.61
607,1157,2023-09-28,48.36
608,1239,2023-06-23,71.28
609,733,2023-09-10,45.87
610,235,2023-03-01,51.67
611,2706,2023-04-17,55.64
612,751,2023-08-08,47.6
613,2636,2023-09-16,57.08
614,954,2023-05-26,41.94
615,2540,2023-02-21,41.62
616,2961,2023-03-01,49.48
617,1543,2023-02-03,43.88
618,1198,2023-04-06,79.43
619,1677,2023-03-30,41.0
620,1192,2023-11-12,60.63
621,2218,2023-08-19,51.61
622,1417,2023-10-02,51.42
623,2994,2023-09-03,190.46
624,2843,2023-04-21,52.5
625,2682,2023-08-22,38.56
626,1218,2023-10-05,177.67
627,1541,2023-06-15,211.31
628,2077,2023-05-08,106.08
629,1446,2023-08-25,40.66
630,2387,2023-10-18,54.06
631,1520,2023-04-17,47.5
632,1389,2023-05-08,62.66
633,1857,2023-07-14,47.59
634,1366,2023-12-05,51.74
635,500,2023-05-23,49.25
636,1681,2023-04-21,189.05
637,511,2023-03-31,40.98
638,217,2023-09-08,65.82
639,1325,2023-10-07,40.52
640,1156,2023-11-29,48.03
641,1828,2023-08-12,51.04
642,1811,2023-04-11,39.89
643,2493,2023-05-12,40.77
644,2924,2023-01-13,29.98
645,1206,2023-04-08,45.69
646,2215,2023-04-30,54.76
647,91,2023-10-20,59.41
648,714,2023-10-31,40.39
649,1882,2023-07-18,58.01
650,39,2023-01-01,70.14
651,173,2023-03-01,53.33
652,653,2023-09-07,61.17
653,754,2023-05-20,42.66
654,1244,2023-05-29,54.36
655,1082,2023-02-13,34.08
656,1684,2023-07-05,51.81
657,2524,2023-04-18,48.2
658,456,2023-02-13,829.16
659,829,2023-03-19,49.2
660,895,2023-08-14,41.83
661,1385,2023-06-11,54.19
662,1959,2023-10-08,20.46
663,2435,2023-09-10,61.74
664,1997,2023-05-12,1897.59
665,2396,2023-05-24,46.22
666,190,2023-09-23,56.61
667,505,2023-04-19,43.9
668,1215,2023-07-13,221.53
669,1532,2023-02-04,55.65
670,824,2023-10-02,177.27
671,929,2023-07-06,70.37
672,934,2023-08-31,36.0
673,1141,2023-09-21,47.35
674,134,2023-01-10,48.78
675,2106,2023-06-15,35.33
676,685,2023-01-29,51.26
677,2720,2023-09-28,41.83
678,2221,2023-03-28,51.71
679,1853,2023-01-23,45.91
680,815,2023-07-29,62.29
681,1173,2023-02-15,30.0
682,80,2023-01-28,38.02
683,2934,2023-01-26,54.55
684,203,2023-09-23,51.67
685,2812,2023-06-24,69.4
686,1253,2023-01-04,60.88
687,1700,2023-11-07,57.33
688,1251,2023-11-18,45.13
689,1683,2023-03-08,54.52
690,1556,2023-05-15,22.44
691,2095,2023-02-24,36.55
692,1257,2023-01-31,1251.93
693,1550,2023-03-15,77.86
694,1167,2023-01-19,71.99
695,1397,2023-06-05,46.58
696,2704,2023-12-03,39.6
697,471,2023-06-05,41.06
698,1036,2023-05-27,205.89
699,1354,2023-03-28,57.99
700,2784,2023-01-20,56.84
701,2832,2023-09-26,42.59
702,968,2023-11-29,61.8
703,358,2023-02-12,39.68
704,668,2023-11-02,23.83
705,373,2023-01-28,53.6
706,1032,2023-09-17,31.53
707,1146,2023-01-22,48.32
708,1372,2023-04-11,57.58
709,2724,2023-02-08,29.19
710,90,2023-10-17,252.48
711,2746,2023-12-19,50.2
712,540,2023-10-27,59.22
713,2780,2023-06-19,40.32
714,869,2023-10-23,57.16
715,41,2023-12-19,49.12
716,740,2023-05-10,68.22
717,1947,2023-06-05,195.4
718,2550,2023-03-15,52.66
719,1225,2023-12-08,57.35
720,929,2023-03-31,1069.23
721,2037,2023-03-08,42.28
722,2509,2023-08-24,55.69
723,2780,2023-07-19,43.15
724,2800,2023-11-28,55.67
725,925,2023-08-15,43.7
726,2957,2023-12-14,50.19
727,1582,2023-08-21,49.62
728,390,2023-09-23,49.3
729,1618,2023-03-27,47.9
730,2931,2023-04-12,67.33
731,256,2023-08-02,44.03
732,709,2023-04-18,41.49
733,1839,2023-06-14,57.5
734,1945,2023-04-01,48.43
735,2498,2023-07-11,40.33
736,10,2023-12-01,141.45
737,2872,2023-03-27,48.98
738,798,2023-08-10,48.85
739,877,2023-12-29,47.59
740,1029,2023-04-11,238.4
741,1016,2023-08-14,38.21
742,1825,2023-12-30,40.48
743,374,2023-03-01,41.96
744,2194,2023-09-07,49.57
745,224,2023-02-17,50.62
746,1263,2023-04-27,36.64
747,2225,2023-08-15,45.38
748,1803,2023-12-28,34.16
749,853,2023-02-02,56.44
750,63,2023-02-13,42.78
751,1241,2023-06-14,30.81
752,2875,2023-12-11,178.97
753,2843,2023-10-19,55.87
754,689,2023-12-03,48.02
755,1485,2023-12-10,59.11
756,1634,2023-10-14,144.93
757,2153,2023-12-30,53.0
758,511,2023-08-13,224.23
759,385,2023-10-13,42.33
760,405,2023-07-23,42.26
761,2871,2023-06-21,31.12
762,518,2023-01-12,48.28
763,476,2023-11-03,48.53
764,2001,2023-05-01,143.0
765,2757,2023-09-01,36.01
766,1669,2023-06-01,40.79
767,1894,2023-06-01,62.85
768,2819,2023-07-07,180.95
769,1461,2023-01-13,40.72
770,2725,2023-04-01,57.56
771,714,2023-07-19,49.48
772,83,2023-03-15,52.92
773,1169,2023-09-13,38.52
774,2505,2023-10-03,49.35
775,1902,2023-11-24,71.06
776,2049,2023-11-25,45.88
777,51,2023-03-12,47.62
778,685,2023-03-19,260.54
779,717,2023-10-11,56.86
780,1470,2023-05-10,61.09
781,449,2023-02-12,62.59
782,881,2023-01-08,34.3
783,488,2023-01-13,37.5
784,1824,2023-08-01,165.92
785,2082,2023-04-21,50.19
786,2143,2023-10-18,43.51
787,1575,2023-01-23,51.32
788,2202,2023-10-29,54.56
789,250,2023-09-11,49.17
790,674,2023-01-15,58.38
791,438,2023-05-10,59.51
792,2166,2023-03-02,51.76
793,771,2023-04-25,52.73
794,268,2023-11-16,56.77
795,1985,2023-11-04,43.87
796,1078,2023-11-21,30.49
797,236,2023-03-08,55.43
798,389,2023-09-06,59.02
799,763,2023-06-24,1810.34
800,1849,2023-12-05,51.4
801,2449,2023-01-02,39.6
802,624,2023-06-21,1490.89
803,2815,2023-11-30,46.29
804,2967,2023-10-11,38.92
805,1253,2023-02-23,41.95
806,2901,2023-03-08,49.18
807,578,2023-04-12,40.53
808,2123,2023-04-30,45.5
809,435,2023-07-10,56.7
810,2151,2023-10-31,41.14
811,764,2023-02-16,209.49
812,2786,2023-08-10,41.66
813,2854,2023-01-21,48.51
814,1330,2023-06-07,38.76
815,2146,2023-12-14,50.79
816,2846,2023-06-08,54.66
817,1359,2023-08-23,201.09
818,2907,2023-05-30,235.71
819,2483,2023-09-14,48.24
820,447,2023-06-14,214.39
821,2018,2023-03-18,45.39
822,1332,2023-03-26,54.92
823,249,2023-02-15,34.52
824,166,2023-02-16,60.71
825,1359,2023-08-01,55.14
826,1020,2023-02-28,57.19
827,542,2023-02-23,55.6
828,759,2023-12-08,57.86
829,2129,2023-01-12,34.98
830,2181,2023-07-11,47.07
831,797,2023-01-06,44.11
832,2948,2023-11-05,65.7
833,138,2023-05-24,50.69
834,2232,2023-12-12,49.84
835,1354,2023-09-18,52.82
836,2833,2023-03-14,37.12
837,1876,2023-06-23,54.78
838,69,2023-08-20,52.46
839,2594,2023-09-27,43.62
840,2101,2023-12-28,53.0
841,1474,2023-08-10,62.92
842,205,2023-02-21,48.55
843,2174,2023-04-26,2233.6
844,43,2023-01-26,52.53
845,1907,2023-02-22,210.29
846,2159,2023-12-31,1158.83
847,761,2023-01-29,69.88
848,2896,2023-01-19,49.94
849,2143,2023-10-30,59.79
850,1995,2023-10-06,42.53
851,1936,2023-04-27,51.51
852,900,2023-04-16,220.37
853,360,2023-11-05,48.81
854,2948,2023-08-15,61.99
855,1720,2023-12-18,40.98
856,281,2023-07-05,56.83
857,1888,2023-09-18,57.64
858,667,2023-01-16,141.31
859,93,2023-09-30,44.42
860,672,2023-06-09,50.29
861,1970,2023-12-24,54.16
862,61,2023-09-07,45.63
863,2682,2023-08-12,1693.32
864,1029,2023-09-13,63.62
865,1490,2023-06-29,44.09
866,604,2023-01-20,30.37
867,682,2023-04-22,47.47
868,2582,2023-04-30,57.04
869,1429,2023-07-13,47.68
870,2886,2023-04-21,55.67
871,2693,2023-07-29,41.35
872,2281,2023-01-01,198.12
873,524,2023-02-27,46.52
874,2394,2023-04-03,46.63
875,2594,2023-08-09,55.67
876,1969,2023-07-30,67.22
877,1102,2023-08-20,50.51
878,1754,2023-09-19,50.16
879,1837,2023-12-30,62.33
880,2842,2023-04-13,203.47
881,2297,2023-02-19,70.92
882,2095,2023-04-20,40.95
883,1145,2023-03-29,45.78
884,2262,2023-01-20,66.17
885,2287,2023-01-14,58.47
886,1080,2023-05-13,248.65
887,2398,2023-10-23,74.49
888,107,2023-02-03,64.82
889,2879,2023-07-27,48.62
890,48,2023-10-28,58.8
891,337,2023-07-18,24.72
892,1050,2023-03-21,75.11
893,2852,2023-03-12,260.25
894,1281,2023-06-04,40.53
895,2056,2023-03-19,36.36
896,625,2023-03-19,46.09
897,1891,2023-06-21,31.64
898,1277,2023-10-16,51.49
899,1716,2023-02-02,57.76
900,2767,2023-10-27,45.13
901,303,2023-10-03,38.29
902,639,2023-01-07,58.34
903,56,2023-06-09,37.48
904,726,2023-08-28,26.64
905,526,2023-01-24,31.63
906,474,2023-08-02,47.21
907,28,2023-03-11,31.21
908,2126,2023-08-04,49.18
909,365,2023-04-14,61.18
910,2714,2023-08-03,47.8
911,526,2023-02-23,54.05
912,2747,2023-10-21,46.49
913,1336,2023-11-26,58.75
914,883,2023-12-02,54.0
915,1031,2023-07-22,25.58
916,1027,2023-10-15,51.89
917,1647,2023-02-14,48.72
918,919,2023-11-13,41.84
919,2798,2023-07-17,49.19
920,2411,2023-08-04,32.23
921,1775,2023-11-05,40.88
922,1532,2023-11-28,52.83
923,2854,2023-07-03,198.64
924,2787,2023-01-27,43.82
925,1907,2023-06-15,35.88
926,1216,2023-11-14,62.01
927,1655,2023-10-01,51.91
928,485,2023-12-31,56.54
929,2076,2023-04-13,44.14
930,714,2023-11-29,47.69
931,1063,2023-04-14,38.34
932,1977,2023-09-02,53.89
933,1297,2023-11-01,38.71
934,1255,2023-06-18,58.98
935,2134,2023-04-26,268.96
936,126,2023-05-21,37.41
937,2860,2023-12-22,61.94
938,537,2023-05-05,27.41
939,2193,2023-01-25,62.3
940,2073,2023-07-13,203.94
941,1604,2023-04-10,48.51
942,67,2023-01-05,47.85
943,233,2023-01-19,58.91
944,2157,2023-06-19,44.69
945,1170,2023-10-01,36.58
946,2159,2023-09-11,43.52
947,2276,2023-05-01,50.49
948,111,2023-02-01,53.88
949,1494,2023-05-29,33.95
950,2082,2023-09-23,27.01
951,623,2023-02-06,203.75
952,2796,2023-06-26,45.79
953,2643,2023-12-08,42.06
954,2473,2023-01-13,52.08
955,2661,2023-07-02,47.81
956,1542,2023-05-25,52.28
957,2740,2023-09-22,168.86
958,1306,2023-03-29,61.53
959,1762,2023-02-15,54.77
960,1976,2023-04-29,51.12
961,2363,2023-01-19,53.21
962,877,2023-08-08,55.27
963,1990,2023-08-21,36.92
964,1313,2023-04-04,177.3
965,1461,2023-09-08,146.49
966,2710,2023-09-07,51.83
967,2325,2023-10-09,66.78
968,1734,2023-08-20,54.77
969,1606,2023-02-15,49.98
970,1527,2023-02-15,59.53
971,2672,2023-01-14,38.75
972,2564,2023-03-26,2534.9
973,2891,2023-11-15,70.48
974,2398,2023-11-24,212.87
975,1631,2023-01-03,58.93
976,2871,2023-01-28,53.69
977,1161,2023-06-06,39.43
978,759,2023-12-09,52.22
979,2947,2023-11-29,55.13
980,243,2023-11-28,40.56
981,2591,2023-06-24,46.11
982,1064,2023-04-24,55.66
983,229,2023-11-27,59.24
984,2596,2023-09-07,38.28
985,920,2023-02-28,40.5
986,1247,2023-07-22,54.9
987,6,2023-11-11,43.73
988,468,2023-08-27,30.13
989,1756,2023-08-22,38.45
990,75,2023-10-30,53.47
991,4,2023-04-05,50.83
992,1871,2023-05-21,48.61
993,646,2023-11-30,58.17
994,118,2023-04-23,62.94
995,2929,2023-04-19,57.39
996,1630,2023-12-28,56.83
997,2552,2023-12-11,64.32
998,2022,2023-10-16,54.41
999,947,2023-04-07,63.06
1000,2622,2023-12-01,47.17
1001,1465,2023-01-16,42.01
1002,194,2023-02-13,52.84
1003,847,2023-08-18,41.36
1004,2763,2023-04-18,50.58
1005,1416,2023-08-05,1285.16
1006,1459,2023-09-17,55.8
1007,2221,2023-11-08,46.38
1008,1669,2023-11-16,56.52
1009,2374,2023-07-15,35.91
1010,1434,2023-04-05,67.8
1011,1142,2023-02-25,36.18
1012,2884,2023-02-01,52.09
1013,1811,2023-08-19,45.53
1014,724,2023-01-09,44.06
1015,225,2023-07-10,45.52
1016,532,2023-12-27,51.48
1017,113,2023-07-19,45.24
1018,2188,2023-11-30,226.24
1019,559,2023-06-10,221.59
1020,2049,2023-03-28,55.79
1021,2138,2023-01-21,63.42
1022,654,2023-11-07,33.4
1023,320,2023-03-17,53.86
1024,1574,2023-05-21,58.74
1025,1829,2023-05-06,58.46
1026,1918,2023-09-08,54.07
1027,139,2023-03-25,42.44
1028,2893,2023-02-17,50.48
1029,2027,2023-03-19,62.28
1030,2307,2023-01-30,30.29
1031,902,2023-10-12,39.13
1032,690,2023-05-16,59.04
1033,2040,2023-05-20,22.45
1034,10,2023-02-10,54.6
1035,261,2023-10-09,43.46
1036,1943,2023-02-19,1027.65
1037,1674,2023-09-15,49.31
1038,2220,2023-11-07,52.31
1039,2946,2023-12-26,51.32
1040,2061,2023-09-27,40.31
1041,1192,2023-05-14,45.11
1042,1620,2023-08-22,2136.52
1043,321,2023-05-08,30.84
1044,1343,2023-04-14,38.57
1045,1637,2023-09-11,48.04
1046,2377,2023-04-05,62.31
1047,2833,2023-12-03,56.88
1048,2825,2023-08-05,42.02
1049,1995,2023-03-02,59.84
1050,2959,2023-09-25,188.66
1051,1944,2023-08-29,42.27
1052,2039,2023-01-13,59.82
1053,1119,2023-05-27,50.62
1054,1605,2023-08-28,30.08
1055,2366,2023-03-30,1179.73
1056,236,2023-04-05,35.76
1057,1970,2023-11-11,223.66
1058,334,2023-10-20,42.08
1059,1909,2023-01-25,204.72
1060,376,2023-09-29,53.26
1061,1161,2023-06-15,39.33
1062,2636,2023-09-07,1375.47
1063,1571,2023-03-28,51.75
1064,2561,2023-05-22,53.02
1065,1320,2023-05-14,42.5
1066,2966,2023-10-06,48.9
1067,1856,2023-05-06,43.46
1068,1373,2023-11-12,69.01
1069,873,2023-05-21,38.67
1070,1253,2023-12-22,62.67
1071,2318,2023-04-13,43.75
1072,1852,2023-08-14,207.12
1073,2846,2023-03-04,41.52
1074,1315,2023-10-21,61.5
1075,725,2023-11-02,39.93
1076,2053,2023-09-11,41.27
1077,2899,2023-06-29,29.5
1078,78,2023-02-09,55.04
1079,2622,2023-09-21,66.02
1080,132,2023-07-08,57.2
1081,601,2023-01-08,55.44
1082,1773,2023-04-14,34.64
1083,1066,2023-08-13,44.81
1084,2137,2023-02-03,228.24
1085,2450,2023-08-24,50.46
1086,2344,2023-08-16,42.47
1087,1864,2023-07-07,49.81
1088,1319,2023-11-09,66.63
1089,616,2023-01-22,64.36
1090,2848,2023-12-09,57.06
1091,2470,2023-02-09,52.56
1092,1889,2023-06-22,45.79
1093,1047,2023-06-28,67.26
1094,575,2023-03-27,49.53
1095,2191,2023-05-13,53.12
1096,993,2023-12-17,60.47
1097,2713,2023-01-13,47.52
1098,2193,2023-01-28,58.26
1099,1249,2023-03-25,59.39
1100,503,2023-11-14,38.97
1101,1998,2023-12-15,58.43
1102,821,2023-12-09,51.37
1103,2152,2023-10-07,44.86
1104,1971,2023-12-20,60.21
1105,198,2023-09-20,47.49
1106,1670,2023-06-15,44.48
1107,2627,2023-10-20,63.17
1108,2439,2023-03-09,63.35
1109,1203,2023-08-14,48.14
1110,2602,2023-06-19,44.9
1111,1472,2023-03-27,61.73
1112,1647,2023-05-13,54.71
1113,1693,2023-06-27,43.52
1114,1313,2023-12-09,52.52
1115,2036,2023-09-09,61.95
1116,478,2023-01-15,43.78
1117,1255,2023-08-11,49.02
1118,923,2023-07-20,63.59
1119,420,2023-04-17,47.18
1120,2205,2023-09-07,192.78
1121,2598,2023-03-30,43.81
1122,1121,2023-05-05,50.36
1123,951,2023-04-23,239.12
1124,2337,2023-05-17,47.33
1125,1278,2023-09-04,41.74
1126,2244,2023-06-15,44.87
1127,2646,2023-05-30,180.86
1128,1858,2023-12-29,47.37
1129,517,2023-12-09,42.45
1130,1659,2023-03-09,55.51
1131,1866,2023-08-09,59.51
1132,2913,2023-09-28,44.7
1133,1142,2023-11-17,45.05
1134,2854,2023-11-06,46.54
1135,1933,2023-12-15,170.0
1136,815,2023-01-20,46.04
1137,2276,2023-10-16,59.86
1138,1901,2023-04-10,51.46
1139,2264,2023-09-09,45.43
1140,2996,2023-03-18,145.19
1141,2063,2023-05-15,160.36
1142,2095,2023-06-22,46.77
1143,2372,2023-12-29,46.49
1144,2892,2023-07-20,198.51
1145,130,2023-08-05,58.03
1146,95,2023-07-27,35.4
1147,2675,2023-03-15,39.79
1148,2803,2023-01-11,68.15
1149,1956,2023-10-14,164.83
1150,794,2023-09-13,52.83
1151,1835,2023-01-12,50.44
1152,2117,2023-03-19,57.7
1153,1684,2023-06-21,65.54
1154,11,2023-04-06,51.32
1155,1866,2023-11-02,63.43
1156,2920,2023-09-30,1173.55
1157,2598,2023-06-28,35.91
1158,712,2023-03-05,57.57
1159,2071,2023-05-12,1527.95
1160,815,2023-12-09,39.74
1161,346,2023-09-29,54.79
1162,2350,2023-11-15,55.23
1163,363,2023-11-28,33.82
1164,2444,2023-12-07,58.96
1165,2266,2023-04-19,187.67
1166,2189,2023-09-30,42.73
1167,985,2023-06-17,1763.91
1168,1640,2023-06-29,54.59
1169,828,2023-02-27,59.25
1170,2731,2023-03-20,64.92
1171,356,2023-03-02,63.54
1172,1348,2023-05-01,43.79
1173,2936,2023-07-26,42.45
1174,1864,2023-02-03,50.31
1175,127,2023-03-11,50.9
1176,604,2023-01-17,41.61
1177,1929,2023-01-20,35.12
1178,1014,2023-11-11,58.37
1179,51,2023-03-10,66.49
1180,2827,2023-08-03,48.74
1181,1431,2023-06-10,58.61
1182,1793,2023-04-12,222.03
1183,2862,2023-07-25,56.45
1184,1637,2023-05-25,64.45
1185,1646,2023-02-26,61.79
1186,2468,2023-03-24,50.0
1187,1206,2023-09-26,38.24
1188,2873,2023-07-06,68.23
1189,1855,2023-01-06,35.9
1190,567,2023-12-19,48.37
1191,2419,2023-12-16,170.15
1192,936,2023-04-20,43.4
1193,1935,2023-05-18,50.73
1194,2709,2023-02-20,166.37
1195,1333,2023-02-20,69.87
1196,202,2023-03-28,60.29
1197,2361,2023-03-09,37.71
1198,117,2023-03-25,38.41
1199,937,2023-02-11,48.89
1200,575,2023-08-07,40.6
1201,2292,2023-02-26,33.94
1202,537,2023-08-14,110.2
1203,1626,2023-07-15,19.89
1204,2123,2023-09-05,41.58
1205,386,2023-06-15,227.87
1206,475,2023-03-03,40.41
1207,418,2023-09-20,50.69
1208,2395,2023-04-22,50.18
1209,2688,2023-09-10,50.72
1210,939,2023-07-18,57.75
1211,955,2023-06-27,36.87
1212,876,2023-01-26,62.22
1213,763,2023-09-03,59.44
1214,1203,2023-01-19,48.44
1215,1206,2023-09-22,32.84
1216,664,2023-11-13,70.11
1217,25,2023-01-20,47.78
1218,1991,2023-04-16,38.63
1219,1204,2023-08-25,51.47
1220,710,2023-11-02,37.41
1221,1880,2023-09-03,52.97
1222,1185,2023-03-22,1565.51
1223,2225,2023-05-30,50.74
1224,285,2023-01-10,53.23
1225,63,2023-11-17,146.8
1226,1003,2023-08-12,52.47
1227,662,2023-09-21,51.08
1228,2714,2023-05-29,26.08
1229,2204,2023-10-05,51.67
1230,1493,2023-10-01,247.74
1231,967,2023-07-13,49.46
1232,849,2023-06-21,66.35
1233,1108,2023-09-22,62.12
1234,689,2023-11-06,74.42
1235,148,2023-01-26,64.85
1236,342,2023-12-16,31.99
1237,2524,2023-12-22,159.67
1238,1087,2023-01-26,26.42
1239,1725,2023-02-03,65.7
1240,1384,2023-09-21,69.09
1241,2609,2023-05-18,37.66
1242,327,2023-10-31,52.9
1243,1793,2023-07-02,47.11
1244,1760,2023-12-29,65.89
1245,990,2023-08-30,46.96
1246,2263,2023-02-23,38.22
1247,2483,2023-06-17,48.49
1248,952,2023-04-29,51.96
1249,723,2023-05-23,63.35
1250,2080,2023-03-22,52.73
1251,2718,2023-09-02,43.69
1252,2333,2023-12-18,211.17
1253,429,2023-12-24,52.65
1254,1501,2023-03-03,71.16
1255,286,2023-02-15,78.22
1256,2066,2023-03-28,59.6
1257,769,2023-04-09,66.46
1258,2638,2023-10-22,55.49
1259,1395,2023-02-22,126.04
1260,194,2023-07-11,62.31
1261,2550,2023-03-21,1561.21
1262,988,2023-01-16,58.41
1263,1137,2023-12-26,55.51
1264,2162,2023-11-22,49.22
1265,1702,2023-07-13,46.32
1266,947,2023-05-21,45.38
1267,831,2023-04-18,49.92
1268,1921,2023-10-30,53.36
1269,2973,2023-09-22,40.17
1270,55,2023-10-17,60.41
1271,800,2023-07-28,50.19
1272,778,2023-06-14,63.69
1273,1482,2023-12-08,51.73
1274,1902,2023-11-16,219.48
1275,2210,2023-06-01,151.42
1276,2135,2023-10-17,52.2
1277,55,2023-09-25,50.17
1278,1824,2023-05-31,44.53
1279,1202,2023-07-26,50.85
1280,833,2023-09-12,58.97
1281,313,2023-12-19,49.21
1282,2807,2023-05-21,54.31
1283,1859,2023-12-09,59.9
1284,2008,2023-12-24,121.5
1285,2007,2023-04-06,27.96
1286,2491,2023-08-15,50.07
1287,1791,2023-07-12,223.2
1288,328,2023-10-30,39.32
1289,2809,2023-11-10,33.35
1290,2627,2023-04-28,58.68
1291,1288,2023-01-05,60.01
1292,2144,2023-12-18,41.21
1293,1112,2023-08-31,34.3
1294,1312,2023-01-21,1695.17
1295,2862,2023-06-01,43.55
1296,2539,2023-05-08,47.97
1297,452,2023-05-04,47.74
1298,1524,2023-05-26,195.91
1299,165,2023-10-04,45.11
1300,182,2023-11-06,41.14
1301,2517,2023-06-01,2054.09
1302,910,2023-12-26,1424.09
1303,2783,2023-04-21,61.53
1304,823,2023-04-26,52.69
1305,944,2023-07-07,56.64
1306,2002,2023-02-26,36.89
1307,2055,2023-09-08,99.32
1308,330,2023-05-30,58.02
1309,775,2023-06-11,39.92
1310,2199,2023-04-30,59.97
1311,147,2023-03-11,50.58
1312,915,2023-12-17,44.91
1313,1572,2023-04-09,60.28
1314,1309,2023-06-16,45.7
1315,2748,2023-10-25,59.73
1316,82,2023-05-31,38.93
1317,514,2023-11-22,262.79
1318,1921,2023-01-02,44.36
1319,2863,2023-06-01,56.51
1320,2757,2023-12-31,40.89
1321,1940,2023-03-06,56.32
1322,746,2023-11-22,65.93
1323,1410,2023-03-10,45.41
1324,707,2023-05-01,52.96
1325,471,2023-04-19,35.18
1326,396,2023-11-12,49.27
1327,1556,2023-09-04,46.99
1328,2309,2023-04-03,44.31
1329,805,2023-09-25,41.96
1330,934,2023-04-13,37.08
1331,1280,2023-04-22,50.85
1332,1758,2023-11-17,220.97
1333,905,2023-10-31,35.53
1334,1077,2023-12-10,47.32
1335,2988,2023-03-03,50.62
1336,1891,2023-10-27,52.23
1337,1524,2023-05-16,50.47
1338,2902,2023-02-24,52.65
1339,1388,2023-04-18,1745.38
1340,1304,2023-10-30,183.0
1341,593,2023-09-15,1055.13
1342,2762,2023-09-10,49.41
1343,2680,2023-08-10,47.66
1344,2107,2023-06-16,56.12
1345,128,2023-06-09,936.62
1346,736,2023-06-15,40.96
1347,2769,2023-07-24,48.0
1348,2574,2023-09-24,42.53
1349,521,2023-05-18,43.88
1350,2600,2023-12-12,38.61
1351,237,2023-09-05,86.11
1352,1305,2023-02-24,29.06
1353,1782,2023-07-28,35.52
1354,1302,2023-01-17,57.58
1355,2542,2023-03-09,44.36
1356,2052,2023-05-13,46.26
1357,2714,2023-07-07,144.28
1358,442,2023-11-04,51.1
1359,2077,2023-05-18,51.86
1360,2658,2023-06-23,47.69
1361,805,2023-04-07,49.0
1362,75,2023-06-20,249.73
1363,2886,2023-06-03,140.38
1364,2176,2023-07-02,45.59
1365,2090,2023-08-30,44.89
1366,1380,2023-10-31,49.37
1367,41,2023-10-12,1454.71
1368,2982,2023-01-27,64.53
1369,2082,2023-12-26,56.94
1370,1701,2023-03-01,217.44
1371,1402,2023-07-21,219.16
1372,588,2023-09-07,45.35
1373,1623,2023-12-28,66.15
1374,342,2023-03-10,50.47
1375,2075,2023-01-21,40.58
1376,646,2023-06-01,46.15
1377,731,2023-04-12,49.47
1378,168,2023-04-05,32.32
1379,610,2023-12-27,45.72
1380,2316,2023-08-17,197.16
1381,1773,2023-05-05,32.77
1382,2041,2023-09-15,40.23
1383,2869,2023-11-18,41.74
1384,455,2023-08-24,41.55
1385,2954,2023-06-11,55.99
1386,1709,2023-02-11,239.02
1387,2970,2023-10-03,54.75
1388,702,2023-12-19,53.66
1389,2682,2023-03-09,47.6
1390,1600,2023-06-22,53.74
1391,130,2023-11-27,25.76
1392,1846,2023-05-05,46.06
1393,1387,2023-06-19,40.07
1394,2867,2023-02-16,178.02
1395,693,2023-09-18,40.57
1396,1395,2023-08-05,54.12
1397,794,2023-11-01,55.2
1398,29,2023-05-04,43.91
1399,149,2023-10-20,60.77
1400,1320,2023-06-11,57.8
1401,2059,2023-07-20,41.66
1402,2724,2023-10-02,235.36
1403,1137,2023-07-25,48.52
1404,187,2023-02-09,50.49
1405,2855,2023-09-30,71.17
1406,2792,2023-07-07,50.81
1407,1251,2023-12-21,50.48
1408,1334,2023-04-03,43.18
1409,98,2023-02-11,51.22
1410,55,2023-04-17,246.87
1411,2671,2023-11-24,59.25
1412,2712,2023-03-06,1392.42
1413,758,2023-12-31,60.68
1414,406,2023-11-05,1342.69
1415,2117,2023-05-15,44.58
1416,1313,2023-01-24,28.52
1417,1786,2023-01-28,58.03
1418,751,2023-03-03,56.93
1419,1763,2023-09-30,43.28
1420,365,2023-08-17,49.2
1421,2027,2023-01-20,53.13
1422,482,2023-01-03,171.08
1423,2249,2023-08-06,54.61
1424,154,2023-11-03,46.65
1425,1525,2023-05-16,233.05
1426,2121,2023-01-03,44.76
1427,2761,2023-07-12,57.21
1428,2344,2023-03-14,60.47
1429,1041,2023-12-27,58.6
1430,1665,2023-04-28,53.06
1431,1241,2023-06-03,176.97
1432,61,2023-07-28,50.28
1433,939,2023-02-03,46.22
1434,1640,2023-05-17,59.75
1435,2090,2023-11-14,1089.13
1436,25,2023-04-30,57.75
1437,1063,2023-04-25,50.76
1438,131,2023-01-13,50.5
1439,1253,2023-03-10,68.21
1440,108,2023-11-29,47.29
1441,172,2023-09-14,46.87
1442,1459,2023-03-30,55.15
1443,102,2023-02-16,47.56
1444,2914,2023-09-17,55.57
1445,2572,2023-08-16,52.48
1446,2323,2023-06-29,35.71
1447,1637,2023-01-10,47.53
1448,2865,2023-10-11,44.44
1449,1041,2023-05-06,42.06
1450,330,2023-05-14,52.95
1451,1521,2023-06-04,57.94
1452,12,2023-09-05,53.78
1453,1342,2023-05-20,53.52
1454,216,2023-11-14,41.48
1455,339,2023-06-25,56.38
1456,1800,2023-11-19,53.61
1457,2709,2023-06-23,61.23
1458,1751,2023-03-15,44.77
1459,1509,2023-12-17,50.3
1460,2422,2023-05-23,71.51
1461,710,2023-10-19,299.0
1462,1224,2023-04-22,46.59
1463,2514,2023-07-25,55.42
1464,1113,2023-05-11,56.5
1465,1292,2023-04-20,40.79
1466,489,2023-03-08,47.97
1467,1562,2023-03-27,47.1
1468,47,2023-10-02,1280.65
1469,778,2023-08-15,55.9
1470,1040,2023-11-21,55.27
1471,711,2023-01-10,39.18
1472,401,2023-12-21,35.99
1473,1818,2023-10-15,54.56
1474,250,2023-04-22,60.26
1475,391,2023-01-24,42.82
1476,335,2023-10-18,137.43
1477,629,2023-12-05,60.44
1478,137,2023-11-22,51.04
1479,2931,2023-06-17,65.34
1480,2736,2023-04-19,63.84
1481,1522,2023-07-09,41.64
1482,827,2023-12-21,47.44
1483,727,2023-07-15,43.18
1484,1501,2023-02-02,59.21
1485,2642,2023-07-24,51.06
1486,990,2023-11-08,58.69
1487,2420,2023-07-01,56.29
1488,935,2023-05-27,64.12
1489,402,2023-09-25,37.58
1490,1467,2023-01-11,50.25
1491,615,2023-03-11,62.1
1492,1297,2023-09-13,53.27
1493,1183,2023-08-07,50.05
1494,2668,2023-10-24,42.88
1495,2236,2023-12-28,57.55
1496,1122,2023-09-16,216.63
1497,131,2023-01-03,35.25
1498,2853,2023-03-25,246.65
1499,1195,2023-06-05,62.03
1500,2984,2023-05-31,56.75
1501,183,2023-06-25,40.18
1502,364,2023-07-14,168.01
1503,39,2023-04-17,44.83
1504,2545,2023-05-14,42.35
1505,1373,2023-10-03,50.54
1506,921,2023-12-18,69.89
1507,2770,2023-06-04,49.35
1508,16,2023-10-04,45.55
1509,493,2023-08-24,1621.03
1510,1450,2023-08-28,39.03
1511,1132,2023-01-13,53.5
1512,2942,2023-12-08,53.44
1513,311,2023-02-04,48.63
1514,739,2023-02-16,56.82
1515,546,2023-08-02,38.06
1516,2462,2023-05-26,63.91
1517,251,2023-06-08,58.48
1518,759,2023-05-05,47.18
1519,1805,2023-04-20,50.17
1520,1298,2023-02-06,63.75
1521,1632,2023-10-04,45.12
1522,1915,2023-01-14,31.95
1523,814,2023-12-13,48.61
1524,29,2023-08-20,51.88
1525,958,2023-11-12,196.56
1526,2033,2023-05-04,62.45
1527,477,2023-10-06,186.3
1528,318,2023-04-21,43.44
1529,245,2023-05-04,210.88
1530,748,2023-01-30,805.07
1531,697,2023-04-25,51.7
1532,272,2023-03-31,176.24
1533,1772,2023-07-31,42.46
1534,1263,2023-02-07,49.63
1535,2425,2023-03-24,47.35
1536,266,2023-01-27,44.29
1537,2974,2023-08-05,62.63
1538,921,2023-12-26,1440.5
1539,340,2023-08-03,189.16
1540,389,2023-08-09,60.06
1541,2625,2023-01-15,57.94
1542,2051,2023-09-16,41.96
1543,1166,2023-09-23,54.28
1544,376,2023-04-30,30.94
1545,2034,2023-05-08,48.62
1546,2372,2023-07-30,51.28
1547,146,2023-01-11,42.96
1548,1982,2023-06-25,53.2
1549,293,2023-05-13,62.08
1550,432,2023-11-21,51.42
1551,705,2023-11-16,46.64
1552,2997,2023-01-14,58.94
1553,1999,2023-02-19,47.98
1554,2633,2023-03-13,51.08
1555,399,2023-03-10,39.7
1556,2865,2023-01-16,256.95
1557,964,2023-11-30,37.71
1558,2235,2023-12-23,45.78
1559,2042,2023-02-25,34.52
1560,1829,2023-04-15,34.88
1561,2109,2023-05-12,42.68
1562,939,2023-02-17,57.84
1563,710,2023-09-05,58.98
1564,807,2023-09-30,66.16
1565,1464,2023-04-21,51.4
1566,1326,2023-11-22,39.97
1567,11,2023-12-02,21.44
1568,1086,2023-12-15,53.95
1569,1869,2023-02-07,32.04
1570,2274,2023-12-23,34.98
1571,2612,2023-08-28,262.48
1572,772,2023-11-14,44.92
1573,1595,2023-05-01,62.1
1574,1608,2023-02-17,59.25
1575,1334,2023-01-10,162.84
1576,885,2023-08-21,35.24
1577,1390,2023-02-05,34.5
1578,226,2023-01-04,53.54
1579,825,2023-02-13,45.09
1580,2266,2023-02-25,56.98
1581,937,2023-02-11,60.89
1582,2801,2023-09-12,1425.59
1583,2554,2023-08-16,49.23
1584,2307,2023-04-24,35.64
1585,1912,2023-08-25,53.86
1586,1797,2023-06-23,36.52
1587,54,2023-09-12,61.81
1588,727,2023-10-04,47.17
1589,2737,2023-12-01,59.35
1590,1545,2023-03-10,50.28
1591,1044,2023-11-22,244.23
1592,1914,2023-08-18,40.22
1593,1777,2023-03-08,43.31
1594,1597,2023-10-31,216.53
1595,1915,2023-02-05,1669.72
1596,2467,2023-06-08,53.1
1597,2738,2023-05-29,47.8
1598,850,2023-01-27,54.82
1599,2110,2023-03-13,51.33
1600,2264,2023-09-05,32.59
1601,3,2023-04-11,53.96
1602,160,2023-07-09,48.5
1603,781,2023-04-06,60.26
1604,893,2023-10-09,40.93
1605,2031,2023-11-18,55.45
1606,2377,2023-10-05,44.5
1607,580,2023-01-17,48.71
1608,1934,2023-09-20,976.75
1609,1381,2023-04-17,39.74
1610,1291,2023-03-09,43.7
1611,1641,2023-05-08,58.61
1612,952,2023-10-20,62.64
1613,2683,2023-10-21,69.83
1614,988,2023-04-06,786.85
1615,1219,2023-01-01,57.95
1616,921,2023-10-25,49.29
1617,2786,2023-06-29,48.94
1618,1356,2023-06-30,69.58
1619,170,2023-08-23,44.21
1620,521,2023-11-15,47.76
1621,1487,2023-12-03,30.14
1622,40,2023-01-08,53.46
1623,1561,2023-01-27,167.25
1624,1419,2023-11-04,61.49
1625,955,2023-05-26,66.38
1626,984,2023-04-01,51.69
1627,975,2023-12-08,52.9
1628,38,2023-09-29,60.03
1629,2376,2023-11-18,64.55
1630,1275,2023-01-05,54.04
1631,1200,2023-03-23,50.29
1632,1626,2023-08-07,43.88
1633,914,2023-04-28,35.1
1634,454,2023-03-22,60.17
1635,37,2023-03-11,36.64
1636,1712,2023-04-25,45.1
1637,796,2023-09-20,57.47
1638,973,2023-11-02,54.93
1639,593,2023-05-22,55.16
1640,1138,2023-07-26,51.28
1641,1325,2023-04-21,64.16
1642,2272,2023-10-30,42.11
1643,318,2023-04-22,64.22
1644,2397,2023-02-12,44.92
1645,2163,2023-12-13,55.66
1646,2746,2023-10-12,61.04
1647,1347,2023-05-08,49.93
1648,1592,2023-07-04,50.98
1649,1890,2023-08-17,33.94
1650,2088,2023-08-09,40.83
1651,1997,2023-12-18,53.59
1652,1773,2023-04-27,39.16
1653,1313,2023-03-11,64.43
1654,1286,2023-03-11,53.53
1655,216,2023-04-20,295.28
1656,2384,2023-05-12,53.58
1657,2140,2023-02-25,58.57
1658,2401,2023-03-30,51.14
1659,2619,2023-05-17,55.07
1660,2864,2023-05-11,54.87
1661,1705,2023-08-06,226.75
1662,2829,2023-06-25,45.1
1663,363,2023-06-20,67.84
1664,2605,2023-04-10,43.07
1665,1717,2023-05-09,40.78
1666,1194,2023-02-26,54.46
1667,356,2023-06-30,34.83
1668,191,2023-09-03,52.04
1669,2470,2023-05-24,33.96
1670,700,2023-02-20,43.62
1671,2055,2023-08-06,57.17
1672,2181,2023-04-14,44.9
1673,557,2023-02-24,35.62
1674,826,2023-09-14,64.64
1675,2809,2023-12-12,50.84
1676,1055,2023-06-05,53.54
1677,2583,2023-02-22,1465.84
1678,426,2023-11-25,44.17
1679,2720,2023-07-06,31.6
1680,2411,2023-12-30,51.01
1681,1575,2023-05-30,48.13
1682,2130,2023-09-21,51.11
1683,2404,2023-09-07,30.16
1684,589,2023-10-25,28.57
1685,2013,2023-07-30,57.04
1686,1548,2023-01-25,1944.12
1687,295,2023-10-21,57.93
1688,1986,2023-12-07,48.53
1689,1248,2023-06-01,258.79
1690,1549,2023-01-24,54.81
1691,1691,2023-09-09,63.48
1692,1137,2023-03-01,31.38
1693,1257,2023-03-07,45.12
1694,2065,2023-02-22,45.49
1695,360,2023-04-16,40.83
1696,2914,2023-04-06,40.49
1697,700,2023-06-25,50.95
1698,448,2023-02-08,52.8
1699,2904,2023-06-17,35.4
1700,2413,2023-02-11,208.23
1701,675,2023-04-14,44.78
1702,1008,2023-11-29,35.1
1703,1350,2023-07-23,61.42
1704,2515,2023-01-08,59.71
1705,2462,2023-10-09,44.78
1706,586,2023-02-12,241.27
1707,1257,2023-04-20,68.2
1708,1248,2023-07-29,62.62
1709,994,2023-08-25,57.48
1710,1436,2023-12-22,32.04
1711,572,2023-11-15,35.02
1712,2383,2023-02-18,205.8
1713,1246,2023-04-25,56.57
1714,2085,2023-06-04,40.57
1715,989,2023-05-17,56.1
1716,278,2023-06-16,51.15
1717,1220,2023-11-17,43.55
1718,2964,2023-07-18,32.24
1719,1888,2023-03-12,39.4
1720,484,2023-01-07,61.48
1721,1266,2023-07-19,275.49
1722,731,2023-12-02,40.88
1723,2240,2023-03-08,179.72
1724,1041,2023-05-18,55.31
1725,2572,2023-08-30,66.32
1726,918,2023-08-01,53.64
1727,2449,2023-06-30,62.39
1728,886,2023-09-11,53.62
1729,2753,2023-04-11,129.57
1730,22,2023-12-17,66.24
1731,474,2023-03-28,55.36
1732,2258,2023-07-04,207.64
1733,2354,2023-04-01,194.96
1734,704,2023-09-05,52.0
1735,687,2023-08-02,129.47
1736,285,2023-12-25,54.07
1737,716,2023-09-06,57.91
1738,763,2023-05-06,47.57
1739,1251,2023-01-04,228.93
1740,948,2023-03-29,45.96
1741,2429,2023-05-31,59.1
1742,2508,2023-06-25,57.95
1743,1031,2023-07-30,43.16
1744,29,2023-09-16,54.18
1745,907,2023-04-01,47.97
1746,2927,2023-09-16,65.16
1747,2127,2023-07-10,41.76
1748,2995,2023-03-22,58.19
1749,2507,2023-05-18,66.38
1750,570,2023-12-16,62.82
1751,2007,2023-05-06,43.9
1752,1454,2023-12-22,1442.67
1753,738,2023-11-05,30.24
1754,516,2023-12-09,45.18
1755,2001,2023-08-18,35.09
1756,2445,2023-12-11,1249.98
1757,39,2023-11-06,63.71
1758,887,2023-01-20,52.4
1759,2845,2023-02-18,53.92
1760,2205,2023-05-15,51.94
1761,1099,2023-01-29,39.62
1762,2932,2023-02-17,40.64
1763,1824,2023-09-26,187.06
1764,1711,2023-01-03,42.52
1765,974,2023-09-15,39.57
1766,1563,2023-01-16,56.79
1767,2897,2023-04-04,51.9
1768,2796,2023-12-24,47.54
1769,989,2023-05-14,49.3
1770,21,2023-10-28,52.61
1771,2351,2023-11-23,52.25
1772,869,2023-05-13,51.03
1773,84,2023-11-08,66.96
1774,1683,2023-02-01,48.42
1775,1977,2023-11-01,231.62
1776,1411,2023-09-26,46.46
1777,1531,2023-01-25,27.89
1778,570,2023-11-12,66.84
1779,934,2023-02-28,48.91
1780,1981,2023-08-01,47.13
1781,1856,2023-06-05,73.04
1782,793,2023-11-10,45.02
1783,792,2023-10-03,57.87
1784,1810,2023-07-29,50.25
1785,1295,2023-02-26,47.01
1786,2540,2023-07-04,56.07
1787,2256,2023-02-23,47.96
1788,1608,2023-07-28,60.86
1789,1084,2023-12-08,55.84
1790,2478,2023-10-20,53.43
1791,985,2023-12-06,56.34
1792,1681,2023-10-31,51.1
1793,520,2023-09-09,46.54
1794,591,2023-10-31,48.31
1795,1051,2023-04-22,38.56
1796,1710,2023-01-06,38.01
1797,2036,2023-07-10,56.98
1798,2247,2023-11-30,56.29
1799,2435,2023-10-06,40.34
1800,349,2023-12-06,57.48
1801,960,2023-01-13,190.71
1802,1964,2023-10-30,1058.45
1803,693,2023-02-13,62.46
1804,1560,2023-04-15,33.54
1805,378,2023-06-09,208.22
1806,2947,2023-06-03,37.94
1807,2964,2023-08-30,37.99
1808,527,2023-06-30,80.71
1809,2782,2023-01-14,273.86
1810,2254,2023-06-29,49.52
1811,2503,2023-10-19,42.62
1812,1260,2023-09-21,50.11
1813,1876,2023-06-17,50.39
1814,1764,2023-08-02,48.57
1815,521,2023-05-30,60.98
1816,1702,2023-01-16,53.69
1817,1017,2023-04-01,61.12
1818,2774,2023-04-30,45.86
1819,1014,2023-09-10,152.97
1820,2549,2023-03-01,50.0
1821,117,2023-09-23,155.12
1822,2434,2023-01-31,39.02
1823,1368,2023-01-21,61.07
1824,584,2023-08-07,41.92
1825,395,2023-03-22,39.32
1826,1088,2023-10-16,44.71
1827,2769,2023-01-31,54.55
1828,72,2023-08-22,57.18
1829,274,2023-02-05,818.47
1830,2014,2023-05-12,54.89
1831,1344,2023-11-20,72.41
1832,338,2023-12-12,41.92
1833,1390,2023-05-12,49.48
1834,607,2023-01-09,58.23
1835,166,2023-01-30,1667.91
1836,1568,2023-04-25,55.08
1837,2059,2023-10-28,67.46
1838,1325,2023-01-04,47.56
1839,729,2023-11-21,53.44
1840,2849,2023-08-25,50.31
1841,2044,2023-01-23,222.04
1842,102,2023-01-16,45.22
1843,1416,2023-01-22,71.3
1844,779,2023-03-13,59.47
1845,214,2023-10-31,57.69
1846,1112,2023-08-18,34.11
1847,1577,2023-04-17,1855.22
1848,2449,2023-07-27,46.88
1849,2636,2023-07-27,64.61
1850,2937,2023-09-20,61.03
1851,1696,2023-02-20,53.78
1852,592,2023-03-06,55.29
1853,1334,2023-09-22,50.38
1854,1110,2023-12-04,230.86
1855,2140,2023-10-28,220.21
1856,2721,2023-06-24,35.1
1857,714,2023-06-01,28.71
1858,936,2023-09-23,65.65
1859,1952,2023-11-25,59.85
1860,242,2023-10-31,47.37
1861,2044,2023-06-12,53.09
1862,2,2023-12-09,61.96
1863,2273,2023-08-26,51.51
1864,2849,2023-07-18,233.73
1865,1769,2023-01-16,2024.77
1866,1950,2023-11-05,41.27
1867,2637,2023-10-23,175.11
1868,2164,2023-12-22,66.86
1869,918,2023-10-03,1385.01
1870,2242,2023-08-27,43.39
1871,2919,2023-03-10,35.26
1872,90,2023-10-28,153.11
1873,1710,2023-01-06,36.88
1874,2170,2023-08-08,49.09
1875,143,2023-09-11,57.22
1876,106,2023-10-22,57.03
1877,887,2023-12-24,44.94
1878,428,2023-04-17,35.95
1879,1329,2023-10-22,58.6
1880,1896,2023-04-28,64.94
1881,1995,2023-06-17,67.71
1882,317,2023-09-08,65.35
1883,1987,2023-03-23,41.53
1884,635,2023-02-23,50.36
1885,1926,2023-08-28,55.74
1886,2057,2023-01-12,42.31
1887,2822,2023-07-28,54.29
1888,2271,2023-06-14,1362.02
1889,1440,2023-10-21,41.88
1890,553,2023-01-07,172.47
1891,716,2023-03-19,37.82
1892,1288,2023-03-06,42.52
1893,1714,2023-04-12,50.08
1894,1884,2023-12-23,117.77
1895,1108,2023-10-27,164.73
1896,1342,2023-10-14,58.64
1897,111,2023-06-20,51.53
1898,251,2023-03-18,34.67
1899,2431,2023-02-17,47.19
1900,2055,2023-09-12,50.07
1901,459,2023-03-23,55.22
1902,1108,2023-07-28,53.44
1903,208,2023-07-28,42.23
1904,900,2023-03-25,37.37
1905,22,2023-01-10,1556.98
1906,410,2023-01-29,47.41
1907,895,2023-10-31,56.67
1908,515,2023-04-26,45.91
1909,809,2023-09-26,192.92
1910,874,2023-02-16,40.1
1911,14,2023-12-25,46.71
1912,971,2023-04-01,64.13
1913,2135,2023-02-22,57.95
1914,2957,2023-08-06,34.06
1915,1561,2023-12-14,59.51
1916,1325,2023-03-18,40.01
1917,1267,2023-07-23,65.29
1918,2170,2023-02-13,48.43
1919,750,2023-06-05,58.63
1920,685,2023-01-02,42.0
1921,1928,2023-12-23,59.29
1922,2357,2023-11-09,55.43
1923,695,2023-02-26,62.57
1924,2336,2023-10-17,59.03
1925,307,2023-02-27,39.97
1926,1990,2023-09-11,39.94
1927,2962,2023-06-29,64.36
1928,662,2023-06-06,56.37
1929,549,2023-02-04,50.35
1930,312,2023-03-16,38.65
1931,2921,2023-10-16,44.93
1932,1083,2023-03-16,41.44
1933,2972,2023-11-25,32.58
1934,1738,2023-03-19,55.06
1935,755,2023-09-12,35.69
1936,35,2023-09-22,205.9
1937,445,2023-10-31,46.43
1938,2141,2023-03-08,71.32
1939,1983,2023-08-09,62.4
1940,1231,2023-06-13,54.13
1941,353,2023-08-08,70.35
1942,903,2023-06-21,40.44
1943,1356,2023-09-11,64.75
1944,2910,2023-07-29,59.94
1945,1749,2023-07-07,53.12
1946,159,2023-07-10,52.81
1947,1978,2023-08-03,148.05
1948,957,2023-03-27,61.67
1949,2072,2023-04-16,1790.42
1950,404,2023-11-28,34.68
1951,2853,2023-10-23,34.52
1952,516,2023-01-19,68.86
1953,2780,2023-02-16,45.53
1954,1388,2023-03-06,62.65
1955,2580,2023-05-26,63.43
1956,956,2023-10-13,198.85
1957,2200,2023-03-07,43.5
1958,1713,2023-01-05,47.46
1959,2995,2023-04-03,52.71
1960,608,2023-12-19,40.07
1961,2468,2023-04-04,62.09
1962,1274,2023-04-16,48.57
1963,2914,2023-05-13,43.48
1964,1536,2023-12-07,35.97
1965,2626,2023-11-10,67.3
1966,2383,2023-03-20,42.6
1967,1442,2023-07-31,71.34
1968,2980,2023-01-08,174.38
1969,1798,2023-06-08,52.45
1970,295,2023-09-25,47.8
1971,755,2023-05-29,49.45
1972,1395,2023-12-16,54.81
1973,186,2023-04-01,44.34
1974,1270,2023-08-24,51.96
1975,637,2023-10-16,43.33
1976,1292,2023-12-22,38.74
1977,530,2023-06-17,47.18
1978,2069,2023-07-12,45.84
1979,2959,2023-07-06,45.6
1980,2915,2023-09-28,37.75
1981,794,2023-04-24,51.61
1982,2148,2023-01-11,44.31
1983,2800,2023-02-24,44.26
1984,478,2023-09-15,55.23
1985,1623,2023-03-06,62.98
1986,940,2023-06-21,41.09
1987,526,2023-09-29,60.33
1988,2382,2023-05-30,46.64
1989,2,2023-12-28,161.19
1990,375,2023-05-26,133.83
1991,2341,2023-07-28,56.35
1992,2885,2023-10-13,51.13
1993,553,2023-01-10,27.06
1994,2366,2023-08-15,52.41
1995,1526,2023-07-05,51.37
1996,1852,2023-03-03,177.94
1997,381,2023-03-26,44.05
1998,1647,2023-05-14,30.79
1999,14,2023-11-19,44.42
2000,504,2023-10-24,43.34
2001,2279,2023-06-20,63.45
2002,2009,2023-08-01,54.14
2003,130,2023-01-18,59.46
2004,838,2023-11-10,44.33
2005,2939,2023-03-01,65.62
2006,2041,2023-03-29,64.42
2007,28,2023-01-27,41.48
2008,2114,2023-03-09,44.68
2009,1253,2023-10-05,27.01
2010,261,2023-02-09,55.02
2011,2047,2023-04-19,45.08
2012,1473,2023-03-15,47.15
2013,1448,2023-03-07,35.45
2014,460,2023-06-17,55.36
2015,301,2023-09-19,63.71
2016,2967,2023-10-01,57.92
2017,2335,2023-12-03,55.5
2018,630,2023-12-24,37.87
2019,270,2023-08-25,60.88
2020,2640,2023-08-03,46.68
2021,1994,2023-10-13,1081.33
2022,1629,2023-05-29,34.54
2023,1802,2023-11-14,37.52
2024,2892,2023-04-17,46.95
2025,862,2023-05-21,237.03
2026,1281,2023-03-17,56.24
2027,2181,2023-01-09,60.42
2028,1800,2023-07-15,49.59
2029,1707,2023-10-22,51.48
2030,2561,2023-10-07,49.96
2031,2361,2023-04-28,56.91
2032,576,2023-10-17,71.38
2033,2934,2023-03-02,48.5
2034,2004,2023-12-01,58.57
2035,1308,2023-11-02,207.3
2036,1957,2023-02-20,63.55
2037,2735,2023-02-21,64.59
2038,2021,2023-05-02,69.47
2039,2213,2023-06-16,39.43
2040,2353,2023-01-08,36.8
2041,1656,2023-02-14,40.9
2042,1580,2023-12-10,37.95
2043,1848,2023-09-02,48.19
2044,2204,2023-10-11,52.58
2045,1391,2023-04-17,1402.8
2046,1743,2023-01-27,37.31
2047,1926,2023-07-12,58.52
2048,620,2023-12-03,51.46
2049,1275,2023-12-23,56.55
2050,957,2023-03-03,61.44
2051,1940,2023-03-03,58.78
2052,2382,2023-10-09,66.74
2053,969,2023-05-01,43.41
2054,2559,2023-10-07,44.14
2055,1317,2023-02-08,60.3
2056,1044,2023-10-04,55.75
2057,282,2023-04-04,36.12
2058,2845,2023-04-25,44.61
2059,2167,2023-06-25,46.19
2060,1059,2023-05-01,53.85
2061,198,2023-01-13,57.35
2062,2533,2023-06-12,1234.4
2063,1083,2023-10-02,46.01
2064,2885,2023-06-25,45.86
2065,1185,2023-12-03,43.52
2066,1009,2023-11-20,41.44
2067,2739,2023-06-22,63.17
2068,1230,2023-10-02,49.92
2069,1036,2023-03-05,54.72
2070,490,2023-04-11,55.72
2071,276,2023-11-18,65.77
2072,2741,2023-03-07,128.81
2073,2290,2023-11-27,30.9
2074,1240,2023-02-14,53.15
2075,1275,2023-03-28,182.44
2076,126,2023-03-08,48.57
2077,217,2023-09-16,42.94
2078,1209,2023-07-24,57.26
2079,1247,2023-06-27,55.18
2080,2543,2023-10-07,230.5
2081,2475,2023-12-10,51.48
2082,919,2023-01-17,58.55
2083,1318,2023-10-23,68.62
2084,2199,2023-07-21,42.17
2085,2432,2023-06-21,59.67
2086,1662,2023-09-19,1581.11
2087,308,2023-07-13,53.69
2088,1360,2023-05-29,48.37
2089,1970,2023-02-04,50.8
2090,2794,2023-01-29,44.53
2091,892,2023-09-20,47.89
2092,375,2023-08-09,48.15
2093,2034,2023-02-22,1498.26
2094,1365,2023-10-06,81.87
2095,129,2023-12-19,145.13
2096,1015,2023-03-17,46.16
2097,1800,2023-06-25,59.01
2098,2717,2023-01-10,52.55
2099,1382,2023-04-27,39.15
2100,517,2023-10-07,47.21
2101,1519,2023-08-06,41.14
2102,86,2023-06-24,24.32
2103,1199,2023-08-22,214.41
2104,2359,2023-09-09,66.76
2105,1143,2023-10-22,134.94
2106,2475,2023-11-18,63.3
2107,1994,2023-01-06,44.81
2108,2162,2023-01-21,212.73
2109,303,2023-03-14,42.27
2110,2792,2023-11-26,69.36
2111,588,2023-02-05,47.69
2112,987,2023-08-21,58.72
2113,1864,2023-08-04,30.5
2114,345,2023-07-25,1741.52
2115,814,2023-02-13,49.29
2116,1988,2023-04-01,55.56
2117,2849,2023-11-12,55.96
2118,1311,2023-04-03,55.04
2119,2000,2023-12-05,49.24
2120,1678,2023-03-24,34.56
2121,1328,2023-11-29,48.43
2122,1093,2023-10-09,208.27
2123,2409,2023-01-21,34.89
2124,1010,2023-08-16,30.84
2125,704,2023-05-10,56.11
2126,575,2023-06-24,1760.24
2127,1609,2023-04-18,50.49
2128,1113,2023-10-10,2048.24
2129,688,2023-03-12,43.42
2130,2829,2023-02-19,39.92
2131,2633,2023-04-05,59.13
2132,2637,2023-10-06,65.33
2133,489,2023-12-03,33.73
2134,1348,2023-05-12,67.44
2135,494,2023-10-03,44.68
2136,1668,2023-01-13,1815.35
2137,1638,2023-01-03,27.47
2138,19,2023-08-12,1561.47
2139,2445,2023-06-24,62.92
2140,1001,2023-03-31,44.78
2141,851,2023-08-29,43.91
2142,1389,2023-02-04,53.34
2143,1355,2023-01-14,51.58
2144,1368,2023-07-14,39.48
2145,822,2023-11-02,63.57
2146,455,2023-11-30,37.52
2147,1625,2023-08-01,176.75
2148,2773,2023-01-03,42.13
2149,711,2023-06-28,52.34
2150,2191,2023-02-09,67.47
2151,917,2023-06-13,30.52
2152,2876,2023-11-03,52.67
2153,2653,2023-08-23,40.94
2154,1497,2023-09-14,40.75
2155,1441,2023-12-26,56.39
2156,305,2023-04-26,54.74
2157,736,2023-02-21,213.55
2158,2339,2023-05-22,188.75
2159,1964,2023-03-27,57.13
2160,2150,2023-02-15,51.89
2161,2010,2023-11-28,50.55
2162,2915,2023-08-26,58.46
2163,2890,2023-01-10,38.82
2164,962,2023-06-01,57.67
2165,2990,2023-03-02,170.75
2166,1027,2023-01-18,38.7
2167,2133,2023-03-27,48.12
2168,2376,2023-05-17,62.2
2169,2864,2023-08-18,11.44
2170,1474,2023-05-08,36.13
2171,2502,2023-04-14,89.42
2172,1948,2023-07-05,25.14
2173,2677,2023-06-27,34.6
2174,1178,2023-12-23,57.11
2175,665,2023-01-06,39.99
2176,12,2023-12-07,56.74
2177,1157,2023-11-03,64.47
2178,304,2023-02-05,32.37
2179,1764,2023-11-23,73.4
2180,2831,2023-12-22,63.39
2181,43,2023-10-08,45.71
2182,944,2023-10-27,41.82
2183,2391,2023-01-14,1557.17
2184,1350,2023-08-25,47.34
2185,2546,2023-10-12,46.2
2186,2412,2023-11-26,59.99
2187,891,2023-02-19,38.13
2188,2475,2023-09-18,44.62
2189,1005,2023-04-20,57.77
2190,21,2023-07-16,36.38
2191,407,2023-09-09,55.6
2192,2667,2023-03-29,48.57
2193,1015,2023-11-09,52.77
2194,336,2023-01-26,68.32
2195,1839,2023-09-19,47.96
2196,1148,2023-05-24,42.47
2197,2447,2023-03-01,51.87
2198,2841,2023-12-22,63.6
2199,1828,2023-09-25,54.23
2200,715,2023-03-16,57.24
2201,51,2023-01-03,40.59
2202,324,2023-03-04,38.85
2203,789,2023-08-24,50.13
2204,141,2023-08-17,38.95
2205,470,2023-10-02,56.59
2206,787,2023-01-18,58.48
2207,1826,2023-03-21,206.35
2208,1358,2023-08-03,65.58
2209,1917,2023-06-20,38.17
2210,964,2023-11-25,53.8
2211,373,2023-09-12,48.15
2212,2542,2023-05-06,57.26
2213,1693,2023-09-12,32.62
2214,2799,2023-03-13,48.35
2215,1180,2023-02-07,203.9
2216,2339,2023-11-20,2025.71
2217,1672,2023-07-23,64.47
2218,106,2023-06-21,58.87
2219,1444,2023-08-11,63.26
2220,2718,2023-08-05,58.69
2221,1682,2023-09-02,36.3
2222,2,2023-12-02,40.78
2223,2637,2023-07-10,59.01
2224,2692,2023-10-25,53.34
2225,2138,2023-11-16,51.71
2226,350,2023-07-01,49.76
2227,1287,2023-11-30,55.25
2228,1063,2023-07-24,42.69
2229,2957,2023-12-27,53.0
2230,2207,2023-07-18,52.66
2231,2360,2023-11-28,68.58
2232,445,2023-06-14,65.84
2233,2346,2023-08-30,41.6
2234,952,2023-05-10,47.3
2235,36,2023-08-15,51.07
2236,1108,2023-05-02,67.78
2237,1476,2023-02-13,42.96
2238,1799,2023-07-15,179.59
2239,1846,2023-12-24,50.49
2240,1409,2023-07-23,50.67
2241,1196,2023-11-14,59.95
2242,1400,2023-09-14,44.38
2243,1709,2023-01-17,50.89
2244,1386,2023-09-29,65.38
2245,2607,2023-01-09,1214.59
2246,2939,2023-09-06,47.12
2247,2189,2023-07-20,55.1
2248,2935,2023-02-28,58.79
2249,1301,2023-05-20,44.9
2250,2774,2023-04-29,759.46
2251,1244,2023-02-10,40.63
2252,521,2023-11-18,29.2
2253,1807,2023-11-27,47.43
2254,10,2023-09-24,189.59
2255,984,2023-01-08,43.32
2256,2426,2023-07-02,206.06
2257,1657,2023-05-14,71.63
2258,1661,2023-06-30,57.99
2259,2730,2023-12-21,62.15
2260,2632,2023-03-13,42.98
2261,2200,2023-04-23,39.7
2262,720,2023-04-17,58.25
2263,1073,2023-10-17,60.24
2264,859,2023-11-09,68.21
2265,1317,2023-04-27,40.23
2266,1604,2023-04-30,41.02
2267,50,2023-05-27,64.93
2268,2712,2023-11-23,36.18
2269,2579,2023-07-29,72.11
2270,2905,2023-10-23,54.31
2271,146,2023-04-13,55.63
2272,915,2023-05-04,160.21
2273,1463,2023-09-02,47.68
2274,2290,2023-12-22,36.79
2275,581,2023-07-28,60.53
2276,2735,2023-11-10,54.01
2277,1585,2023-04-19,51.39
2278,483,2023-12-14,42.33
2279,1250,2023-02-19,55.18
2280,673,2023-04-15,54.93
2281,631,2023-01-27,50.63
2282,2709,2023-10-15,177.25
2283,662,2023-09-14,47.22
2284,2853,2023-09-30,50.42
2285,2467,2023-05-17,48.39
2286,988,2023-12-06,55.3
2287,1547,2023-10-28,65.01
2288,650,2023-11-18,36.31
2289,969,2023-02-01,38.24
2290,2638,2023-02-14,49.37
2291,1101,2023-09-22,45.23
2292,2557,2023-01-30,50.99
2293,441,2023-03-25,44.0
2294,921,2023-06-15,66.76
2295,770,2023-11-12,50.07
2296,1344,2023-01-01,40.96
2297,1827,2023-09-06,74.22
2298,263,2023-09-18,215.75
2299,1578,2023-03-04,46.26
2300,2685,2023-06-13,54.94
2301,2507,2023-11-17,40.77
2302,999,2023-11-30,49.48
2303,700,2023-07-20,60.05
2304,2350,2023-08-10,44.76
2305,1604,2023-06-01,60.87
2306,1242,2023-05-12,52.9
2307,1126,2023-04-24,62.91
2308,2602,2023-08-05,54.52
2309,2336,2023-07-15,31.05
2310,1191,2023-10-08,1006.08
2311,2669,2023-07-21,62.41
2312,1006,2023-05-15,134.07
2313,36,2023-08-22,40.67
2314,744,2023-05-21,1693.56
2315,1765,2023-07-15,59.71
2316,353,2023-02-12,38.09
2317,1923,2023-02-26,61.3
2318,73,2023-05-22,1373.61
2319,2696,2023-07-29,212.77
2320,1377,2023-03-13,56.69
2321,1915,2023-08-12,66.95
2322,1094,2023-01-27,59.84
2323,2473,2023-05-08,44.19
2324,708,2023-04-16,54.83
2325,1805,2023-06-14,60.31
2326,2609,2023-08-03,46.65
2327,2876,2023-03-12,56.14
2328,956,2023-07-23,47.06
2329,2565,2023-06-02,47.04
2330,2476,2023-03-08,51.92
2331,160,2023-03-31,58.21
2332,2197,2023-09-17,61.9
2333,2824,2023-12-28,66.84
2334,1736,2023-08-16,50.21
2335,1586,2023-03-20,56.06
2336,67,2023-04-06,56.5
2337,2429,2023-12-15,174.15
2338,58,2023-11-26,44.17
2339,342,2023-09-03,55.96
2340,1154,2023-09-29,47.97
2341,2775,2023-06-06,39.95
2342,1196,2023-04-26,47.96
2343,2818,2023-01-18,69.33
2344,2662,2023-06-21,50.17
2345,1233,2023-01-16,62.26
2346,2402,2023-08-28,204.66
2347,1495,2023-02-25,36.16
2348,1822,2023-03-20,37.71
2349,116,2023-04-13,33.2
2350,662,2023-10-11,266.63
2351,1466,2023-07-12,45.03
2352,2501,2023-01-05,36.26
2353,1869,2023-04-16,62.29
2354,2335,2023-10-05,61.28
2355,1017,2023-04-10,23.28
2356,311,2023-08-26,229.24
2357,208,2023-09-26,164.42
2358,2666,2023-11-17,51.41
2359,2494,2023-03-27,132.08
2360,2718,2023-11-16,172.04
2361,633,2023-02-01,58.17
2362,2103,2023-12-02,36.49
2363,2960,2023-02-20,979.25
2364,657,2023-03-20,50.5
2365,1424,2023-07-05,56.29
2366,1932,2023-06-23,60.62
2367,2563,2023-04-16,44.2
2368,1680,2023-03-04,43.14
2369,237,2023-03-17,67.23
2370,348,2023-11-12,46.93
2371,2675,2023-11-17,43.33
2372,630,2023-03-22,61.6
2373,1541,2023-12-27,58.98
2374,2004,2023-05-08,33.04
2375,1272,2023-07-02,59.96
2376,364,2023-08-31,47.95
2377,2369,2023-07-04,59.85
2378,286,2023-08-08,60.31
2379,149,2023-03-12,42.26
2380,1108,2023-12-08,44.8
2381,2454,2023-06-03,59.47
2382,456,2023-09-02,1715.64
2383,1767,2023-05-20,60.24
2384,800,2023-03-12,50.55
2385,1185,2023-02-15,50.28
2386,1013,2023-02-16,35.13
2387,2832,2023-03-20,40.12
2388,2508,2023-05-29,53.86
2389,1524,2023-05-10,66.86
2390,2786,2023-05-07,56.23
2391,2557,2023-12-31,45.68
2392,481,2023-04-29,58.89
2393,1687,2023-12-23,34.03
2394,2162,2023-09-19,50.82
2395,2797,2023-09-01,214.31
2396,1602,2023-04-13,61.67
2397,2409,2023-02-06,49.18
2398,341,2023-05-22,21.85
2399,2818,2023-02-06,191.97
2400,2011,2023-01-08,247.58
2401,2809,2023-08-19,48.77
2402,2497,2023-11-29,68.13
2403,1867,2023-10-23,43.98
2404,835,2023-04-17,50.97
2405,1204,2023-12-14,69.19
2406,1726,2023-01-18,34.56
2407,1690,2023-11-09,63.34
2408,311,2023-03-24,61.07
2409,262,2023-10-15,55.19
2410,1443,2023-07-13,47.64
2411,406,2023-08-03,214.65
2412,2191,2023-10-08,52.93
2413,342,2023-08-08,39.04
2414,1340,2023-10-16,51.5
2415,244,2023-12-10,61.66
2416,490,2023-07-13,44.25
2417,12,2023-06-07,45.11
2418,561,2023-04-14,49.11
2419,42,2023-02-03,62.74
2420,2726,2023-04-12,49.13
2421,594,2023-05-07,52.0
2422,1453,2023-08-02,39.32
2423,1827,2023-11-21,47.28
2424,1694,2023-10-23,58.9
2425,134,2023-06-28,58.44
2426,948,2023-03-21,215.02
2427,73,2023-05-21,59.44
2428,399,2023-01-31,57.38
2429,1429,2023-03-04,41.72
2430,2626,2023-02-17,43.87
2431,2907,2023-03-28,44.24
2432,130,2023-10-31,47.11
2433,2979,2023-03-02,47.26
2434,1812,2023-11-30,47.66
2435,2002,2023-10-01,59.97
2436,266,2023-10-11,154.16
2437,1561,2023-03-21,56.98
2438,1986,2023-06-29,39.68
2439,793,2023-09-29,58.4
2440,2301,2023-03-18,44.3
2441,2870,2023-08-09,199.73
2442,1313,2023-10-09,1819.81
2443,164,2023-01-28,186.28
2444,95,2023-12-27,48.52
2445,1806,2023-03-18,46.57
2446,2881,2023-06-13,33.18
2447,1134,2023-01-09,57.86
2448,2384,2023-06-24,76.25
2449,822,2023-11-03,44.98
2450,238,2023-03-17,50.13
2451,2429,2023-09-02,1327.54
2452,2947,2023-05-02,48.23
2453,2531,2023-07-04,63.07
2454,1961,2023-02-01,1342.1
2455,2950,2023-09-07,51.53
2456,1049,2023-02-26,41.73
2457,1677,2023-11-06,40.92
2458,2530,2023-05-24,50.83
2459,2965,2023-11-14,40.84
2460,964,2023-03-25,183.62
2461,537,2023-02-25,25.58
2462,1604,2023-10-06,54.25
2463,1980,2023-09-30,63.68
2464,128,2023-06-15,222.1
2465,92,2023-06-07,249.25
2466,543,2023-09-06,31.23
2467,846,2023-07-05,44.5
2468,1682,2023-03-19,184.08
2469,1852,2023-01-22,39.47
2470,2495,2023-04-18,45.94
2471,390,2023-09-30,66.39
2472,2720,2023-09-09,44.54
2473,1885,2023-01-15,53.94
2474,43,2023-10-31,63.85
2475,254,2023-06-09,44.82
2476,1084,2023-07-24,51.32
2477,2711,2023-04-23,40.99
2478,2515,2023-06-17,42.12
2479,2335,2023-12-19,162.5
2480,1541,2023-09-10,208.48
2481,1954,2023-07-05,39.32
2482,2826,2023-12-13,48.42
2483,2393,2023-08-15,59.95
2484,642,2023-01-16,36.55
2485,2430,2023-06-05,68.88
2486,690,2023-12-20,42.33
2487,1277,2023-04-21,189.99
2488,1951,2023-01-01,58.76
2489,1080,2023-02-10,1491.71
2490,1487,2023-02-17,56.07
2491,457,2023-04-18,36.78
2492,983,2023-06-10,1683.39
2493,2131,2023-06-10,39.41
2494,1123,2023-12-25,58.02
2495,149,2023-05-08,44.74
2496,1353,2023-07-29,53.38
2497,1180,2023-05-31,53.71
2498,190,2023-09-12,52.26
2499,883,2023-08-06,49.04
2500,2311,2023-01-30,56.21
2501,400,2023-02-14,47.63
2502,2812,2023-03-21,45.23
2503,609,2023-02-08,47.99
2504,1796,2023-08-28,37.91
2505,1639,2023-02-14,181.62
2506,1576,2023-03-19,60.26
2507,2833,2023-12-03,41.84
2508,2149,2023-12-15,39.29
2509,1383,2023-10-15,34.53
2510,1404,2023-10-07,44.75
2511,820,2023-04-26,54.29
2512,820,2023-09-26,59.91
2513,420,2023-12-01,53.81
2514,124,2023-11-08,23.99
2515,422,2023-02-22,44.18
2516,1509,2023-03-09,62.25
2517,1598,2023-07-01,1412.08
2518,768,2023-02-03,31.73
2519,2045,2023-10-11,48.86
2520,2531,2023-11-02,40.32
2521,2567,2023-09-06,196.13
2522,2203,2023-04-21,64.51
2523,2140,2023-04-04,1361.84
2524,1550,2023-06-28,35.37
2525,2503,2023-02-16,66.36
2526,1765,2023-10-09,43.06
2527,2045,2023-12-06,41.37
2528,2646,2023-12-28,41.76
2529,510,2023-04-02,43.57
2530,1207,2023-07-31,37.71
2531,386,2023-03-16,49.51
2532,1598,2023-07-21,50.31
2533,2453,2023-10-24,54.09
2534,2294,2023-11-04,242.56
2535,742,2023-07-30,219.78
2536,2709,2023-12-04,61.62
2537,2698,2023-05-14,71.96
2538,1912,2023-11-26,59.97
2539,1447,2023-03-07,51.3
2540,901,2023-10-07,58.36
2541,2113,2023-01-28,49.92
2542,2261,2023-04-27,49.62
2543,2010,2023-11-13,59.29
2544,242,2023-11-21,36.04
2545,2541,2023-04-24,46.9
2546,2386,2023-03-16,40.95
2547,2021,2023-07-21,188.88
2548,173,2023-02-28,41.3
2549,672,2023-01-15,33.38
2550,164,2023-08-19,54.82
2551,465,2023-04-15,49.25
2552,497,2023-06-14,33.87
2553,700,2023-07-18,34.26
2554,2443,2023-12-20,28.76
2555,703,2023-02-04,59.31
2556,1941,2023-06-11,229.56
2557,2356,2023-09-02,40.45
2558,1792,2023-10-14,31.74
2559,183,2023-01-19,59.27
2560,629,2023-10-07,230.54
2561,2558,2023-12-06,42.83
2562,1732,2023-12-14,198.06
2563,546,2023-07-01,63.34
2564,1588,2023-05-27,51.47
2565,624,2023-06-25,47.69
2566,594,2023-06-12,27.92
2567,744,2023-06-24,41.88
2568,1769,2023-02-16,46.6
2569,1460,2023-09-13,42.77
2570,1949,2023-06-23,180.28
2571,2602,2023-04-13,44.21
2572,2069,2023-05-01,52.26
2573,2602,2023-12-16,58.65
2574,2445,2023-05-25,182.17
2575,2673,2023-02-11,70.78
2576,105,2023-01-29,36.16
2577,2240,2023-09-30,52.51
2578,17,2023-01-14,33.88
2579,393,2023-11-02,1778.39
2580,425,2023-11-09,24.9
2581,2177,2023-07-08,42.68
2582,572,2023-12-26,49.88
2583,2077,2023-10-22,212.3
2584,1121,2023-07-02,57.36
2585,242,2023-12-18,63.58
2586,2280,2023-02-05,52.89
2587,789,2023-02-06,206.1
2588,715,2023-01-14,23.41
2589,759,2023-05-03,64.02
2590,2850,2023-03-24,55.63
2591,776,2023-06-08,237.78
2592,2774,2023-11-25,52.52
2593,2248,2023-04-12,139.77
2594,2993,2023-12-03,57.63
2595,79,2023-03-24,68.13
2596,856,2023-02-13,45.81
2597,2515,2023-03-09,32.15
2598,2629,2023-02-17,191.74
2599,1440,2023-02-26,52.15
2600,2988,2023-03-16,49.5
2601,2497,2023-01-22,2128.35
2602,2135,2023-05-12,55.87
2603,2149,2023-10-29,51.48
2604,1032,2023-09-24,74.12
2605,845,2023-10-14,34.92
2606,87,2023-04-30,55.2
2607,2091,2023-09-03,40.84
2608,408,2023-02-25,35.77
2609,2712,2023-02-07,41.16
2610,1669,2023-09-02,38.92
2611,148,2023-01-21,35.37
2612,2325,2023-04-20,44.96
2613,232,2023-04-04,58.21
2614,1951,2023-05-16,192.06
2615,366,2023-08-19,61.72
2616,1675,2023-01-08,61.14
2617,436,2023-11-24,36.79
2618,399,2023-10-17,49.94
2619,1235,2023-09-08,48.06
2620,1415,2023-12-27,40.1
2621,2547,2023-03-28,35.56
2622,2588,2023-07-23,56.95
2623,563,2023-08-07,43.57
2624,2490,2023-08-29,36.68
2625,1285,2023-11-16,45.35
2626,773,2023-09-15,55.12
2627,2398,2023-04-19,59.66
2628,2038,2023-09-13,52.55
2629,2568,2023-10-09,34.79
2630,1344,2023-08-08,42.0
2631,2186,2023-03-24,51.8
2632,1574,2023-04-17,42.74
2633,992,2023-03-10,55.89
2634,2416,2023-04-07,41.14
2635,1247,2023-07-31,42.09
2636,360,2023-10-13,140.29
2637,921,2023-08-25,54.63
2638,2377,2023-01-08,44.53
2639,2511,2023-10-21,64.3
2640,2994,2023-07-08,59.36
2641,963,2023-03-22,47.8
2642,1828,2023-04-18,41.97
2643,2884,2023-11-17,48.66
2644,1614,2023-03-08,50.3
2645,1641,2023-06-23,50.12
2646,2217,2023-12-12,47.81
2647,217,2023-12-17,48.94
2648,378,2023-11-24,71.94
2649,119,2023-02-12,36.74
2650,190,2023-07-06,35.94
2651,2815,2023-10-29,49.28
2652,370,2023-07-19,54.46
2653,1802,2023-02-08,46.11
2654,2197,2023-08-08,31.21
2655,652,2023-11-03,1383.07
2656,1883,2023-01-04,44.66
2657,1512,2023-05-01,48.61
2658,770,2023-12-02,48.97
2659,2422,2023-03-18,1922.5
2660,781,2023-06-28,44.08
2661,1717,2023-05-13,33.86
2662,2208,2023-11-07,52.05
2663,2399,2023-08-17,49.05
2664,1312,2023-10-03,1872.03
2665,2940,2023-06-01,61.2
2666,1250,2023-06-13,185.63
2667,523,2023-10-17,227.92
2668,522,2023-04-19,51.12
2669,783,2023-05-06,234.27
2670,2321,2023-08-28,58.26
2671,936,2023-11-06,68.04
2672,2231,2023-12-11,36.07
2673,1689,2023-05-26,48.92
2674,488,2023-09-09,185.16
2675,1851,2023-07-02,40.9
2676,846,2023-11-05,47.62
2677,2172,2023-11-02,52.7
2678,2838,2023-03-13,43.29
2679,2462,2023-08-07,43.65
2680,2004,2023-07-26,61.86
2681,1749,2023-06-22,33.06
2682,686,2023-05-21,40.63
2683,2161,2023-09-29,58.41
2684,2936,2023-08-02,47.88
2685,2170,2023-09-26,61.21
2686,1568,2023-01-20,52.67
2687,1246,2023-03-07,56.5
2688,39,2023-10-30,51.26
2689,2545,2023-05-27,39.71
2690,780,2023-06-14,57.22
2691,1257,2023-11-06,58.18
2692,2991,2023-01-06,43.97
2693,2197,2023-01-14,70.61
2694,2709,2023-05-12,49.46
2695,1928,2023-12-08,44.61
2696,302,2023-08-31,51.07
2697,2286,2023-08-19,35.29
2698,647,2023-08-16,178.85
2699,663,2023-06-11,37.15
2700,2284,2023-10-10,40.33
2701,1760,2023-09-20,233.83
2702,2251,2023-05-11,60.03
2703,256,2023-08-13,43.95
2704,598,2023-09-15,60.41
2705,662,2023-08-22,54.51
2706,235,2023-12-02,1030.52
2707,1369,2023-11-12,263.84
2708,2582,2023-01-24,182.43
2709,2908,2023-09-28,192.98
2710,770,2023-04-05,49.83
2711,2589,2023-05-22,30.37
2712,213,2023-07-01,58.88
2713,463,2023-07-25,55.43
2714,2484,2023-03-22,52.87
2715,283,2023-10-01,46.3
2716,1487,2023-10-03,68.18
2717,1431,2023-07-27,31.68
2718,88,2023-10-23,2200.97
2719,1068,2023-02-08,60.35
2720,461,2023-10-15,55.91
2721,2326,2023-05-04,50.15
2722,2469,2023-12-30,49.02
2723,1725,2023-10-10,57.32
2724,1377,2023-06-29,57.37
2725,2744,2023-04-07,64.34
2726,515,2023-07-10,34.1
2727,703,2023-03-15,55.43
2728,1654,2023-09-30,27.18
2729,2067,2023-02-18,57.47
2730,23,2023-12-03,248.63
2731,2461,2023-07-29,62.99
2732,1054,2023-04-26,50.34
2733,1831,2023-01-23,187.13
2734,2156,2023-04-08,44.13
2735,1305,2023-11-24,48.1
2736,1135,2023-11-09,52.34
2737,2184,2023-07-09,34.0
2738,362,2023-07-01,42.31
2739,2177,2023-05-28,54.31
2740,1900,2023-12-08,1086.93
2741,1285,2023-01-23,53.83
2742,515,2023-04-15,56.88
2743,449,2023-06-12,47.96
2744,1924,2023-03-08,39.34
2745,1507,2023-10-17,49.88
2746,1248,2023-10-16,42.75
2747,1856,2023-02-15,208.2
2748,874,2023-03-22,53.6
2749,2521,2023-05-27,58.65
2750,1429,2023-08-10,46.76
2751,2350,2023-12-09,57.68
2752,2279,2023-01-15,202.84
2753,1755,2023-05-01,32.64
2754,923,2023-03-19,47.19
2755,2985,2023-11-18,2184.26
2756,2160,2023-10-22,44.86
2757,1037,2023-08-29,232.1
2758,1417,2023-01-18,59.74
2759,2548,2023-09-13,64.78
2760,2980,2023-10-04,35.68
2761,2646,2023-01-27,1564.25
2762,2282,2023-01-02,189.51
2763,2650,2023-12-19,41.2
2764,314,2023-10-22,1597.6
2765,2614,2023-11-08,60.24
2766,2257,2023-12-29,63.77
2767,1998,2023-08-27,48.51
2768,1038,2023-01-13,55.48
2769,1657,2023-07-03,51.91
2770,2635,2023-07-13,52.9
2771,1779,2023-02-25,165.03
2772,1015,2023-08-18,231.53
2773,1094,2023-01-28,45.99
2774,1125,2023-11-16,39.7
2775,698,2023-03-12,65.64
2776,2180,2023-07-29,37.71
2777,1405,2023-07-03,52.23
2778,1156,2023-12-22,56.87
2779,1044,2023-02-10,51.6
2780,1930,2023-09-17,68.86
2781,2584,2023-12-10,63.25
2782,1014,2023-03-25,1312.27
2783,227,2023-02-15,44.03
2784,1829,2023-06-08,56.94
2785,1493,2023-12-10,42.15
2786,822,2023-01-07,75.04
2787,2024,2023-11-29,43.91
2788,871,2023-05-16,41.39
2789,2453,2023-07-02,52.96
2790,2250,2023-07-16,1803.21
2791,2086,2023-06-21,46.46
2792,2990,2023-12-15,143.05
2793,1796,2023-10-03,253.64
2794,188,2023-03-19,50.39
2795,1081,2023-06-27,44.83
2796,941,2023-01-27,263.55
2797,2321,2023-04-30,46.16
2798,2631,2023-10-08,32.01
2799,2564,2023-11-04,46.11
2800,526,2023-07-15,221.11
2801,336,2023-10-04,47.15
2802,2746,2023-01-18,47.87
2803,1079,2023-10-22,223.89
2804,2548,2023-09-28,53.15
2805,2948,2023-02-22,56.12
2806,2814,2023-10-21,58.51
2807,2584,2023-02-21,49.18
2808,162,2023-08-04,64.99
2809,594,2023-03-13,63.94
2810,1939,2023-01-28,43.89
2811,2207,2023-09-09,59.28
2812,60,2023-02-04,33.21
2813,2963,2023-07-20,33.64
2814,1902,2023-09-06,52.63
2815,2259,2023-04-09,35.1
2816,406,2023-11-04,44.47
2817,664,2023-05-20,46.07
2818,1133,2023-03-24,45.24
2819,1100,2023-02-17,66.98
2820,542,2023-10-05,55.95
2821,1338,2023-09-05,35.54
2822,998,2023-06-26,45.52
2823,1141,2023-02-21,57.73
2824,2975,2023-03-20,39.54
2825,868,2023-11-18,60.64
2826,2067,2023-03-05,37.4
2827,432,2023-01-08,60.78
2828,740,2023-08-02,35.1
2829,1374,2023-01-25,49.76
2830,183,2023-09-13,45.12
2831,2161,2023-08-31,47.9
2832,1207,2023-07-17,36.02
2833,2529,2023-04-04,40.4
2834,1170,2023-07-26,55.73
2835,831,2023-01-15,51.22
2836,1652,2023-06-27,150.3
2837,1137,2023-03-16,46.55
2838,2811,2023-04-14,53.58
2839,476,2023-10-21,165.66
2840,2811,2023-06-17,56.14
2841,1327,2023-04-25,41.52
2842,971,2023-02-08,54.93
2843,1020,2023-12-30,52.07
2844,1142,2023-09-30,48.63
2845,1837,2023-05-15,45.96
2846,161,2023-08-20,72.07
2847,2449,2023-02-08,37.61
2848,198,2023-10-18,56.34
2849,1284,2023-11-03,70.36
2850,660,2023-02-16,253.96
2851,1776,2023-02-05,64.96
2852,1071,2023-11-16,34.92
2853,2011,2023-04-05,40.23
2854,399,2023-12-27,69.8
2855,1734,2023-01-13,58.25
2856,1583,2023-05-26,211.16
2857,2126,2023-03-06,52.57
2858,2172,2023-08-16,46.4
2859,75,2023-08-30,61.67
2860,2185,2023-01-08,59.29
2861,602,2023-10-31,57.96
2862,837,2023-12-07,45.37
2863,1529,2023-02-12,53.1
2864,500,2023-09-01,57.6
2865,1597,2023-06-30,48.34
2866,138,2023-03-26,29.9
2867,2098,2023-06-04,285.08
2868,1795,2023-10-02,39.83
2869,973,2023-01-23,258.31
2870,1643,2023-04-25,47.19
2871,1886,2023-11-02,51.34
2872,2302,2023-10-26,39.36
2873,2029,2023-04-09,185.24
2874,2758,2023-04-14,47.62
2875,1901,2023-02-20,42.02
2876,2611,2023-12-28,41.71
2877,2805,2023-04-22,48.59
2878,1450,2023-09-01,1943.28
2879,547,2023-06-18,50.2
2880,922,2023-03-13,52.55
2881,581,2023-05-19,47.46
2882,1373,2023-12-02,41.72
2883,1957,2023-08-19,167.47
2884,2004,2023-08-27,56.06
2885,2097,2023-09-10,58.35
2886,2965,2023-02-18,50.48
2887,704,2023-10-30,45.48
2888,2309,2023-03-13,226.2
2889,2404,2023-09-20,208.67
2890,1626,2023-11-18,57.37
2891,638,2023-08-10,42.21
2892,2791,2023-03-18,46.42
2893,1010,2023-03-03,64.83
2894,2979,2023-06-06,42.95
2895,641,2023-10-21,52.76
2896,2840,2023-05-05,35.93
2897,2660,2023-08-17,40.89
2898,1862,2023-12-06,61.32
2899,2857,2023-06-10,52.91
2900,1206,2023-01-29,57.6
2901,686,2023-04-24,50.05
2902,1852,2023-03-20,39.96
2903,188,2023-01-23,32.13
2904,1620,2023-04-16,40.83
2905,1688,2023-05-11,57.16
2906,985,2023-12-23,42.06
2907,548,2023-06-22,187.8
2908,2773,2023-09-21,35.97
2909,2974,2023-12-08,256.39
2910,1432,2023-10-12,49.03
2911,876,2023-01-02,50.72
2912,618,2023-08-21,942.21
2913,2462,2023-09-08,60.25
2914,1366,2023-11-17,54.97
2915,1244,2023-04-18,41.02
2916,903,2023-10-03,38.32
2917,163,2023-06-29,43.31
2918,1975,2023-08-01,33.48
2919,270,2023-10-20,48.49
2920,632,2023-03-13,36.87
2921,906,2023-10-10,39.86
2922,2015,2023-06-24,172.01
2923,1642,2023-05-03,227.78
2924,205,2023-08-15,64.32
2925,582,2023-10-28,52.2
2926,1580,2023-03-24,1505.2
2927,841,2023-09-10,193.18
2928,1837,2023-05-26,217.14
2929,1252,2023-04-30,55.62
2930,1720,2023-03-06,145.63
2931,1643,2023-10-08,45.34
2932,2644,2023-10-10,62.58
2933,2298,2023-04-16,2032.75
2934,875,2023-10-27,41.29
2935,1465,2023-04-17,49.25
2936,2244,2023-02-05,44.31
2937,690,2023-05-27,54.56
2938,2011,2023-09-19,225.3
2939,2687,2023-06-08,969.12
2940,1423,2023-09-22,59.85
2941,2002,2023-07-21,43.72
2942,672,2023-06-04,53.06
2943,1172,2023-01-13,58.76
2944,1496,2023-10-24,27.4
2945,944,2023-11-18,37.73
2946,2247,2023-03-26,275.97
2947,1450,2023-10-07,176.87
2948,2540,2023-09-02,45.32
2949,896,2023-10-27,56.0
2950,2190,2023-12-28,63.52
2951,1337,2023-12-20,669.35
2952,165,2023-11-12,59.58
2953,2362,2023-01-09,53.8
2954,2069,2023-09-04,53.9
2955,1106,2023-11-08,47.31
2956,1754,2023-10-05,41.83
2957,2353,2023-08-26,44.09
2958,1939,2023-07-22,243.21
2959,371,2023-09-04,53.96
2960,1881,2023-08-23,54.88
2961,853,2023-03-22,46.7
2962,384,2023-12-22,56.19
2963,1932,2023-01-13,56.71
2964,2493,2023-11-23,60.55
2965,425,2023-01-16,56.77
2966,2209,2023-02-14,61.42
2967,629,2023-11-17,51.18
2968,895,2023-05-19,51.89
2969,2538,2023-11-22,164.97
2970,2375,2023-05-28,24.33
2971,598,2023-12-21,47.26
2972,2337,2023-08-24,36.33
2973,593,2023-07-10,49.28
2974,1688,2023-04-11,171.78
2975,573,2023-04-15,54.71
2976,2076,2023-09-07,46.72
2977,2091,2023-04-04,52.57
2978,1705,2023-08-08,49.66
2979,2471,2023-10-25,137.06
2980,177,2023-12-05,51.55
2981,529,2023-05-13,54.17
2982,1634,2023-12-27,55.62
2983,966,2023-06-04,33.19
2984,1518,2023-01-28,21.24
2985,198,2023-10-09,43.0
2986,2658,2023-04-26,68.68
2987,2890,2023-11-01,45.09
2988,853,2023-08-22,43.61
2989,1538,2023-01-01,40.76
2990,2070,2023-12-14,56.63
2991,1081,2023-08-28,44.65
2992,2890,2023-02-27,45.68
2993,98,2023-12-01,24.5
2994,1904,2023-07-02,31.31
2995,435,2023-12-03,53.27
2996,637,2023-01-26,61.88
2997,588,2023-03-18,43.49
2998,344,2023-08-05,212.41
2999,1318,2023-11-24,52.85
3000,1980,2023-11-21,55.37
3001,571,2023-09-19,52.66
3002,611,2023-01-23,63.21
3003,1728,2023-09-01,57.83
3004,2291,2023-06-07,1489.73
3005,1855,2023-07-25,1174.58
3006,2609,2023-11-06,152.92
3007,960,2023-03-28,38.06
3008,2080,2023-09-24,156.05
3009,2439,2023-05-14,42.34
3010,2325,2023-09-24,58.54
3011,532,2023-11-29,65.63
3012,1178,2023-09-25,207.14
3013,2431,2023-02-22,61.09
3014,1092,2023-04-09,37.44
3015,1902,2023-09-04,32.75
3016,884,2023-02-05,57.59
3017,2262,2023-01-28,151.44
3018,1679,2023-08-08,32.56
3019,2424,2023-04-12,30.16
3020,2792,2023-09-20,38.45
3021,2261,2023-09-28,47.45
3022,2127,2023-08-12,49.36
3023,1750,2023-05-19,57.72
3024,2676,2023-10-07,1319.83
3025,2652,2023-10-13,55.58
3026,782,2023-09-07,57.24
3027,2728,2023-11-18,237.35
3028,2106,2023-11-13,209.82
3029,881,2023-03-19,53.4
3030,447,2023-10-24,44.36
3031,2114,2023-12-04,38.47
3032,1784,2023-11-03,1572.9
3033,1278,2023-12-17,36.15
3034,1992,2023-01-13,55.89
3035,1068,2023-12-12,44.66
3036,1578,2023-03-23,33.95
3037,1012,2023-01-09,1386.79
3038,2275,2023-08-01,52.43
3039,774,2023-02-17,56.94
3040,2727,2023-02-18,55.57
3041,1815,2023-11-05,147.5
3042,2649,2023-02-09,42.09
3043,2427,2023-12-29,185.18
3044,1202,2023-10-07,52.12
3045,1451,2023-08-14,260.96
3046,2757,2023-04-18,70.25
3047,307,2023-09-02,67.14
3048,779,2023-09-12,1551.98
3049,2552,2023-02-02,53.03
3050,2316,2023-01-23,57.68
3051,8,2023-11-29,33.47
3052,2556,2023-02-23,60.16
3053,476,2023-11-05,184.41
3054,1321,2023-02-18,37.22
3055,2212,2023-03-19,71.92
3056,485,2023-12-02,896.93
3057,2615,2023-12-24,59.98
3058,905,2023-05-02,45.68
3059,559,2023-12-25,56.59
3060,1968,2023-03-31,188.15
3061,2286,2023-12-12,47.19
3062,1128,2023-07-12,50.82
3063,1234,2023-09-01,48.72
3064,2602,2023-05-29,1537.12
3065,2876,2023-05-26,48.91
3066,468,2023-11-12,53.57
3067,2434,2023-05-21,58.14
3068,2823,2023-10-13,56.53
3069,848,2023-12-05,41.84
3070,2435,2023-04-21,58.47
3071,2925,2023-04-18,59.51
3072,259,2023-10-08,54.85
3073,283,2023-02-19,46.33
3074,1650,2023-01-14,43.27
3075,1899,2023-05-14,181.66
3076,40,2023-03-17,50.65
3077,2534,2023-03-25,58.8
3078,2977,2023-12-09,54.8
3079,2268,2023-06-07,39.06
3080,1015,2023-10-13,45.83
3081,613,2023-11-10,53.62
3082,2976,2023-04-04,179.1
3083,1916,2023-10-24,29.93
3084,688,2023-04-04,50.62
3085,613,2023-02-26,46.13
3086,2308,2023-06-13,53.76
3087,2414,2023-11-16,146.96
3088,1782,2023-04-08,45.89
3089,1811,2023-01-16,43.45
3090,2592,2023-12-10,41.53
3091,2697,2023-03-19,56.53
3092,1548,2023-12-12,34.63
3093,1931,2023-03-13,55.2
3094,2862,2023-09-27,50.16
3095,1153,2023-10-14,47.2
3096,575,2023-03-07,51.83
3097,1911,2023-03-09,41.25
3098,1013,2023-07-12,950.78
3099,670,2023-02-24,51.4
3100,269,2023-06-17,39.86
3101,1284,2023-01-25,59.02
3102,924,2023-05-11,23.45
3103,1126,2023-11-21,234.08
3104,1530,2023-04-12,60.97
3105,1759,2023-10-09,43.47
3106,1595,2023-10-23,1484.05
3107,247,2023-10-21,46.61
3108,1561,2023-09-20,46.21
3109,2179,2023-04-30,266.02
3110,2401,2023-08-19,46.6
3111,2244,2023-10-18,57.93
3112,1940,2023-06-10,52.59
3113,930,2023-06-10,41.7
3114,2693,2023-03-19,41.96
3115,227,2023-02-07,55.02
3116,2749,2023-01-28,48.42
3117,265,2023-04-10,48.95
3118,1396,2023-10-21,53.63
3119,1458,2023-05-04,39.23
3120,646,2023-04-02,44.56
3121,2259,2023-09-12,17.5
3122,1419,2023-04-07,985.36
3123,1474,2023-01-06,44.45
3124,2991,2023-06-18,247.82
3125,1388,2023-09-28,62.32
3126,1900,2023-04-18,49.95
3127,2505,2023-10-26,59.68
3128,2773,2023-02-16,34.47
3129,1250,2023-04-09,60.83
3130,982,2023-01-14,55.52
3131,1155,2023-07-13,48.65
3132,588,2023-06-06,42.16
3133,476,2023-06-03,52.35
3134,1822,2023-04-25,60.53
3135,986,2023-09-15,64.15
3136,2204,2023-05-25,51.29
3137,1242,2023-10-18,1710.46
3138,190,2023-01-10,572.24
3139,1441,2023-08-02,55.08
3140,981,2023-08-21,39.13
3141,1699,2023-06-20,61.1
3142,1716,2023-01-21,65.68
3143,2594,2023-01-15,67.84
3144,41,2023-05-06,56.82
3145,2355,2023-12-07,42.25
3146,943,2023-12-07,42.19
3147,338,2023-08-01,42.16
3148,1338,2023-07-07,54.16
3149,1099,2023-06-21,39.97
3150,2327,2023-09-04,58.31
3151,896,2023-01-05,45.33
3152,2321,2023-08-19,202.32
3153,2885,2023-07-20,37.78
3154,2668,2023-05-29,46.64
3155,1675,2023-03-13,64.01
3156,2910,2023-08-14,45.72
3157,931,2023-03-15,61.57
3158,289,2023-11-03,47.76
3159,724,2023-06-18,40.28
3160,2941,2023-09-06,55.27
3161,2320,2023-10-07,52.41
3162,1954,2023-06-01,57.84
3163,1090,2023-08-12,1195.62
3164,483,2023-08-13,36.41
3165,936,2023-02-07,59.27
3166,2296,2023-02-13,209.24
3167,156,2023-07-04,47.65
3168,1071,2023-08-29,41.63
3169,1959,2023-11-27,45.51
3170,2502,2023-12-17,52.7
3171,2249,2023-07-29,57.62
3172,1684,2023-01-23,47.4
3173,124,2023-05-04,41.84
3174,2049,2023-03-27,47.46
3175,968,2023-02-12,35.22
3176,855,2023-02-09,72.45
3177,640,2023-10-30,45.77
3178,2239,2023-06-18,51.7
3179,1603,2023-06-24,54.96
3180,2564,2023-01-20,52.48
3181,442,2023-04-19,38.66
3182,1945,2023-07-12,34.51
3183,1839,2023-09-01,46.04
3184,1830,2023-11-20,35.2
3185,2191,2023-10-07,41.46
3186,533,2023-08-16,49.4
3187,2275,2023-02-05,36.36
3188,1337,2023-02-14,49.19
3189,949,2023-01-28,57.56
3190,2020,2023-06-03,79.99
3191,460,2023-01-23,29.56
3192,551,2023-07-26,122.76
3193,393,2023-04-01,65.53
3194,1788,2023-12-25,33.32
3195,845,2023-02-07,57.64
3196,2258,2023-08-16,42.58
3197,1139,2023-07-21,51.13
3198,646,2023-12-16,60.69
3199,2267,2023-11-05,55.9
3200,2455,2023-09-11,34.12
3201,1467,2023-02-07,55.1
3202,1378,2023-08-09,43.3
3203,2936,2023-07-06,39.51
3204,2606,2023-02-12,42.67
3205,2598,2023-12-25,36.12
3206,142,2023-04-24,48.44
3207,2660,2023-09-17,33.77
3208,501,2023-01-05,57.13
3209,840,2023-03-09,54.1
3210,2750,2023-08-16,44.47
3211,1683,2023-05-03,42.76
3212,1566,2023-06-22,50.97
3213,2047,2023-12-02,48.83
3214,1531,2023-06-02,54.67
3215,596,2023-09-24,59.16
3216,1905,2023-06-06,63.23
3217,281,2023-06-11,58.24
3218,424,2023-08-02,988.83
3219,2904,2023-01-26,60.0
3220,270,2023-10-19,1897.88
3221,154,2023-07-08,56.13
3222,2662,2023-05-02,55.81
3223,1751,2023-08-18,58.07
3224,662,2023-02-28,215.74
3225,1968,2023-04-06,41.03
3226,83,2023-09-19,67.42
3227,2995,2023-12-20,38.4
3228,2947,2023-11-08,58.98
3229,1450,2023-05-16,1032.51
3230,1299,2023-12-16,43.25
3231,2332,2023-10-10,37.63
3232,980,2023-04-30,55.59
3233,2221,2023-01-25,31.56
3234,2811,2023-12-08,66.78
3235,1660,2023-05-26,77.28
3236,1399,2023-01-12,58.77
3237,633,2023-03-28,54.64
3238,1532,2023-04-19,41.96
3239,787,2023-12-11,46.32
3240,2991,2023-09-23,50.63
3241,398,2023-08-10,59.37
3242,1144,2023-03-15,55.76
3243,934,2023-11-29,39.2
3244,1461,2023-11-06,1356.66
3245,1853,2023-04-12,61.23
3246,2724,2023-05-17,37.07
3247,2984,2023-07-10,58.35
3248,2513,2023-05-22,58.64
3249,286,2023-12-23,35.71
3250,265,2023-03-14,298.66
3251,2368,2023-11-24,200.62
3252,2721,2023-06-16,47.36
3253,2868,2023-06-17,50.43
3254,2137,2023-02-23,41.09
3255,1678,2023-09-16,40.45
3256,1227,2023-04-21,50.69
3257,821,2023-08-20,50.84
3258,1763,2023-06-10,49.68
3259,2382,2023-12-18,51.36
3260,2270,2023-11-23,153.77
3261,41,2023-01-19,61.52
3262,1732,2023-10-17,49.26
3263,68,2023-02-19,22.13
3264,988,2023-06-24,47.83
3265,1800,2023-10-29,51.2
3266,2562,2023-07-03,53.86
3267,1622,2023-07-04,46.09
3268,1656,2023-12-05,38.29
3269,1279,2023-11-03,242.76
3270,695,2023-11-06,42.74
3271,2525,2023-12-12,46.69
3272,1086,2023-03-22,62.96
3273,2929,2023-06-05,37.35
3274,2480,2023-10-02,44.74
3275,1694,2023-10-10,38.85
3276,2316,2023-09-06,174.77
3277,1059,2023-05-27,233.51
3278,779,2023-01-07,56.65
3279,494,2023-06-06,28.71
3280,1586,2023-06-20,51.51
3281,1493,2023-03-10,45.94
3282,1791,2023-04-04,49.98
3283,661,2023-12-29,57.86
3284,1349,2023-07-05,60.71
3285,1328,2023-06-19,53.71
3286,1300,2023-07-23,37.31
3287,1987,2023-02-11,251.93
3288,2045,2023-01-13,62.19
3289,1929,2023-06-03,184.17
3290,1348,2023-10-01,57.89
3291,1059,2023-10-25,54.88
3292,977,2023-02-20,190.13
3293,482,2023-07-31,44.78
3294,728,2023-05-24,53.9
3295,2528,2023-12-23,38.4
3296,1032,2023-01-03,57.83
3297,343,2023-09-11,38.45
3298,1448,2023-12-01,37.56
3299,2380,2023-09-13,51.91
3300,2486,2023-04-08,44.51
3301,2222,2023-06-22,60.87
3302,2607,2023-05-30,53.05
3303,527,2023-10-06,59.96
3304,1897,2023-02-28,35.96
3305,659,2023-04-23,61.12
3306,2074,2023-11-20,39.62
3307,820,2023-08-31,30.88
3308,2653,2023-11-06,55.2
3309,406,2023-02-26,42.72
3310,2280,2023-03-01,1524.1
3311,2581,2023-11-25,56.39
3312,1574,2023-08-04,56.97
3313,1812,2023-08-21,49.98
3314,505,2023-02-24,50.56
3315,179,2023-07-27,40.34
3316,132,2023-03-04,41.19
3317,1847,2023-07-03,152.89
3318,1479,2023-11-07,48.8
3319,2396,2023-10-08,34.55
3320,2588,2023-01-26,46.27
3321,772,2023-06-26,33.49
3322,1430,2023-03-04,49.59
3323,2124,2023-03-14,51.11
3324,579,2023-12-01,52.62
3325,2902,2023-06-16,64.07
3326,1516,2023-08-13,57.32
3327,194,2023-03-06,54.87
3328,2008,2023-03-10,65.41
3329,1186,2023-01-09,41.33
3330,2395,2023-08-24,69.37
3331,2999,2023-07-17,59.96
3332,1385,2023-06-22,34.83
3333,1793,2023-10-09,44.14
3334,1111,2023-01-28,52.63
3335,2262,2023-10-23,1626.74
3336,1937,2023-05-14,59.5
3337,2621,2023-01-27,58.54
3338,780,2023-02-07,39.39
3339,262,2023-07-15,37.9
3340,730,2023-07-22,62.25
3341,283,2023-03-26,60.58
3342,1491,2023-11-16,37.92
3343,362,2023-01-30,56.42
3344,441,2023-04-09,53.65
3345,2141,2023-07-09,21.8
3346,1645,2023-01-12,44.33
3347,2801,2023-04-01,34.93
3348,867,2023-01-30,52.86
3349,1448,2023-08-01,137.22
3350,142,2023-02-07,37.83
3351,1315,2023-12-07,38.12
3352,1456,2023-03-01,246.47
3353,2797,2023-10-21,182.47
3354,1876,2023-12-26,40.75
3355,1848,2023-05-23,62.55
3356,1713,2023-06-29,1355.99
3357,2701,2023-10-12,42.23
3358,701,2023-04-22,61.22
3359,998,2023-08-18,50.22
3360,2097,2023-01-21,59.29
3361,1326,2023-05-25,57.28
3362,881,2023-05-26,47.1
3363,1214,2023-11-12,57.16
3364,1160,2023-06-15,52.85
3365,555,2023-05-20,50.58
3366,404,2023-07-22,47.32
3367,892,2023-09-01,44.75
3368,2913,2023-04-23,43.8
3369,602,2023-07-20,52.07
3370,1831,2023-11-10,1512.83
3371,341,2023-09-16,29.47
3372,1969,2023-09-12,55.8
3373,704,2023-01-23,48.37
3374,318,2023-09-03,48.86
3375,2666,2023-12-05,45.27
3376,1387,2023-11-07,1105.0
3377,2430,2023-11-14,53.37
3378,2281,2023-03-28,55.83
3379,1801,2023-08-07,60.43
3380,1368,2023-12-22,42.74
3381,1573,2023-01-27,63.16
3382,817,2023-10-17,42.02
3383,553,2023-10-16,58.78
3384,856,2023-12-14,61.07
3385,1813,2023-08-11,53.13
3386,2867,2023-12-18,47.29
3387,183,2023-06-27,41.49
3388,1575,2023-05-28,62.7
3389,397,2023-08-15,46.42
3390,1728,2023-12-17,51.6
3391,2827,2023-07-05,57.76
3392,1518,2023-10-21,46.7
3393,907,2023-02-10,50.18
3394,1357,2023-07-10,179.01
3395,2175,2023-03-20,145.29
3396,1,2023-07-24,57.58
3397,19,2023-10-05,60.39
3398,584,2023-09-29,39.91
3399,456,2023-02-01,62.13
3400,2037,2023-05-22,55.01
3401,1133,2023-09-08,59.31
3402,2493,2023-10-21,46.48
3403,1953,2023-04-08,51.9
3404,2650,2023-05-16,37.91
3405,2151,2023-10-04,34.91
3406,988,2023-11-08,64.41
3407,520,2023-10-29,223.48
3408,859,2023-02-12,69.15
3409,174,2023-04-30,2330.72
3410,1367,2023-08-08,60.16
3411,2479,2023-02-15,145.07
3412,727,2023-08-24,52.61
3413,1711,2023-02-17,53.29
3414,1876,2023-07-17,41.82
3415,2898,2023-03-25,47.67
3416,1682,2023-01-31,1424.07
3417,1348,2023-06-10,55.66
3418,990,2023-03-12,44.81
3419,2687,2023-01-08,56.84
3420,420,2023-02-21,120.88
3421,594,2023-02-14,53.54
3422,2533,2023-10-20,45.44
3423,1775,2023-10-27,49.48
3424,2460,2023-02-07,42.85
3425,936,2023-12-21,50.25
3426,1108,2023-08-19,1077.34
3427,1137,2023-09-19,65.65
3428,332,2023-03-09,48.0
3429,2703,2023-06-28,43.8
3430,2089,2023-12-23,52.51
3431,1794,2023-07-05,168.17
3432,959,2023-07-20,26.02
3433,105,2023-01-13,46.77
3434,202,2023-08-02,54.73
3435,2498,2023-08-08,50.88
3436,1843,2023-10-13,220.07
3437,1867,2023-09-01,58.54
3438,1997,2023-12-22,37.34
3439,1290,2023-09-15,905.7
3440,910,2023-02-27,52.09
3441,210,2023-02-05,53.25
3442,563,2023-11-24,52.5
3443,2761,2023-07-12,1175.14
3444,1564,2023-11-29,57.06
3445,771,2023-02-19,29.89
3446,2502,2023-02-01,49.12
3447,2715,2023-04-08,58.8
3448,629,2023-02-12,49.77
3449,1629,2023-12-17,228.92
3450,1702,2023-11-30,54.93
3451,387,2023-11-06,57.46
3452,1936,2023-02-16,50.48
3453,2344,2023-09-27,51.01
3454,2306,2023-11-07,62.09
3455,1105,2023-03-04,41.14
3456,268,2023-01-19,48.64
3457,2467,2023-12-13,50.63
3458,2283,2023-04-11,55.72
3459,1857,2023-02-06,47.49
3460,1999,2023-04-17,46.6
3461,1381,2023-04-02,211.52
3462,1237,2023-11-04,42.35
3463,574,2023-07-04,43.93
3464,49,2023-08-04,793.67
3465,1151,2023-01-28,67.98
3466,223,2023-02-05,51.98
3467,2969,2023-11-16,1579.44
3468,1432,2023-01-18,39.47
3469,1529,2023-12-11,39.16
3470,1820,2023-07-15,1671.74
3471,2325,2023-03-19,184.36
3472,1462,2023-06-16,45.74
3473,1131,2023-03-31,1445.18
3474,1682,2023-09-21,41.2
3475,2468,2023-07-27,54.45
3476,2659,2023-07-31,51.11
3477,375,2023-09-28,67.26
3478,2121,2023-09-20,48.55
3479,2022,2023-09-30,32.04
3480,1054,2023-12-08,40.9
3481,1890,2023-08-02,51.95
3482,1824,2023-03-05,57.4
3483,1475,2023-01-12,51.95
3484,2243,2023-07-29,22.59
3485,1180,2023-11-08,64.64
3486,2895,2023-06-23,41.04
3487,1065,2023-09-13,154.28
3488,2071,2023-04-11,51.47
3489,360,2023-01-16,50.85
3490,2608,2023-07-16,44.92
3491,2720,2023-09-15,217.68
3492,2042,2023-09-01,52.99
3493,1142,2023-12-14,44.3
3494,1636,2023-09-06,47.92
3495,1404,2023-04-15,40.1
3496,1944,2023-07-01,54.27
3497,679,2023-06-04,40.64
3498,2488,2023-10-14,62.84
3499,2981,2023-06-18,63.6
3500,7,2023-02-16,49.05
3501,2469,2023-02-12,54.8
3502,1592,2023-11-17,60.76
3503,833,2023-11-02,46.07
3504,2607,2023-08-09,29.08
3505,1811,2023-01-01,50.44
3506,914,2023-07-19,43.7
3507,2012,2023-05-24,55.86
3508,1443,2023-01-28,67.11
3509,1451,2023-12-08,325.47
3510,1503,2023-12-04,45.77
3511,126,2023-10-05,67.44
3512,2443,2023-02-10,49.17
3513,817,2023-11-28,43.81
3514,2929,2023-05-27,35.91
3515,1830,2023-12-11,48.87
3516,576,2023-06-27,39.76
3517,2373,2023-11-11,51.92
3518,1416,2023-11-21,49.5
3519,930,2023-06-16,44.21
3520,1464,2023-05-03,56.32
3521,833,2023-03-15,39.97
3522,1055,2023-08-27,50.8
3523,1649,2023-09-06,42.7
3524,1901,2023-09-20,49.65
3525,1458,2023-09-09,59.22
3526,2885,2023-12-23,231.23
3527,2974,2023-04-21,1093.32
3528,1400,2023-06-29,56.14
3529,443,2023-07-07,37.45
3530,2123,2023-11-04,54.57
3531,557,2023-07-26,47.39
3532,1179,2023-08-22,52.83
3533,2038,2023-01-24,45.71
3534,363,2023-01-26,39.45
3535,2496,2023-08-06,46.92
3536,1258,2023-12-12,48.68
3537,1842,2023-01-10,51.44
3538,2310,2023-01-17,46.56
3539,1851,2023-09-02,200.3
3540,2173,2023-07-25,50.69
3541,911,2023-09-15,35.05
3542,245,2023-04-22,69.25
3543,542,2023-07-24,62.04
3544,2533,2023-01-27,63.19
3545,2170,2023-03-12,46.16
3546,2173,2023-06-25,1184.57
3547,1573,2023-07-21,42.48
3548,2218,2023-09-05,46.21
3549,124,2023-04-28,54.3
3550,2694,2023-01-09,50.1
3551,1732,2023-03-27,38.45
3552,786,2023-01-23,191.35
3553,2044,2023-08-28,67.1
3554,2249,2023-03-14,47.98
3555,2417,2023-01-27,30.58
3556,797,2023-12-15,56.7
3557,77,2023-03-22,54.5
3558,59,2023-03-25,46.69
3559,2479,2023-07-18,58.93
3560,2686,2023-02-12,185.99
3561,1524,2023-09-20,48.9
3562,1937,2023-04-02,193.11
3563,2157,2023-12-05,142.96
3564,1302,2023-03-25,53.1
3565,68,2023-10-27,50.6
3566,2353,2023-10-23,55.8
3567,1933,2023-05-15,191.22
3568,2722,2023-10-08,36.94
3569,365,2023-02-28,51.61
3570,821,2023-12-25,1914.11
3571,1403,2023-12-08,64.17
3572,2391,2023-08-29,50.39
3573,947,2023-12-08,47.53
3574,2947,2023-04-08,42.83
3575,1578,2023-03-03,49.46
3576,1378,2023-09-21,48.3
3577,1440,2023-04-23,48.35
3578,762,2023-05-26,53.64
3579,341,2023-08-04,63.92
3580,2990,2023-09-13,36.64
3581,383,2023-11-12,220.47
3582,1004,2023-11-12,46.08
3583,1557,2023-12-28,46.72
3584,300,2023-09-15,47.82
3585,139,2023-07-13,55.47
3586,359,2023-12-13,46.17
3587,836,2023-01-14,59.68
3588,1523,2023-10-31,231.84
3589,1628,2023-04-13,68.04
3590,1983,2023-09-02,46.71
3591,1304,2023-09-02,75.89
3592,2531,2023-11-08,55.97
3593,909,2023-09-25,35.71
3594,1135,2023-08-12,54.41
3595,2914,2023-08-08,48.05
3596,2187,2023-11-07,47.5
3597,996,2023-08-05,32.54
3598,2483,2023-01-04,45.07
3599,2557,2023-02-05,53.5
3600,2321,2023-06-27,188.46
3601,2152,2023-09-14,1424.71
3602,1238,2023-01-17,192.25
3603,1785,2023-07-18,61.56
3604,2810,2023-11-14,172.67
3605,2835,2023-02-17,39.44
3606,165,2023-03-03,46.49
3607,999,2023-03-10,218.53
3608,2568,2023-05-27,50.54
3609,1308,2023-12-25,46.01
3610,2565,2023-06-11,46.62
3611,657,2023-08-15,53.2
3612,2661,2023-12-13,43.81
3613,2212,2023-08-18,57.26
3614,1910,2023-06-27,50.07
3615,2047,2023-12-11,45.29
3616,2112,2023-02-25,43.21
3617,1141,2023-03-19,51.57
3618,1890,2023-09-27,263.28
3619,267,2023-07-25,48.02
3620,1846,2023-10-08,46.76
3621,1709,2023-08-16,1215.03
3622,2294,2023-08-27,46.4
3623,2443,2023-10-15,66.08
3624,1511,2023-03-23,49.74
3625,476,2023-11-30,1528.91
3626,977,2023-09-07,27.28
3627,1208,2023-07-12,68.3
3628,1044,2023-04-16,50.43
3629,1961,2023-07-08,71.11
3630,558,2023-10-03,56.84
3631,1018,2023-03-15,61.92
3632,1606,2023-01-10,54.99
3633,883,2023-05-03,45.99
3634,2195,2023-08-04,55.2
3635,666,2023-10-17,176.37
3636,2668,2023-02-09,51.92
3637,1772,2023-07-12,57.84
3638,2868,2023-05-07,39.21
3639,864,2023-10-16,52.9
3640,582,2023-03-12,55.89
3641,695,2023-05-17,43.15
3642,1252,2023-05-24,42.34
3643,1611,2023-12-20,51.08
3644,1240,2023-10-26,37.39
3645,2455,2023-12-11,52.77
3646,399,2023-09-26,60.05
3647,1947,2023-05-19,39.91
3648,715,2023-02-21,35.24
3649,704,2023-01-17,44.57
3650,2809,2023-06-14,63.94
3651,2547,2023-01-13,48.7
3652,1715,2023-07-09,63.88
3653,1973,2023-12-06,67.47
3654,82,2023-12-19,35.22
3655,604,2023-12-28,1521.41
3656,1971,2023-12-18,53.35
3657,1711,2023-09-21,51.14
3658,2047,2023-11-08,216.7
3659,2820,2023-08-09,144.79
3660,903,2023-04-14,69.22
3661,365,2023-12-05,49.44
3662,163,2023-07-17,33.71
3663,2559,2023-10-27,45.27
3664,1864,2023-12-25,54.78
3665,116,2023-06-18,57.58
3666,2989,2023-05-29,59.51
3667,2385,2023-09-06,64.15
3668,881,2023-09-13,63.49
3669,2785,2023-02-11,25.79
3670,840,2023-07-21,62.17
3671,2195,2023-09-01,1946.89
3672,1347,2023-06-06,50.22
3673,2491,2023-10-13,59.68
3674,2885,2023-10-09,53.59
3675,1037,2023-08-26,58.87
3676,943,2023-01-19,185.19
3677,1725,2023-02-22,52.78
3678,2335,2023-03-26,46.46
3679,2768,2023-09-30,40.87
3680,1138,2023-12-26,54.65
3681,2528,2023-08-01,66.52
3682,22,2023-12-27,42.67
3683,1750,2023-04-14,1464.84
3684,683,2023-07-11,53.42
3685,2954,2023-06-26,237.03
3686,1834,2023-05-27,60.0
3687,2368,2023-03-22,39.62
3688,126,2023-07-12,37.03
3689,277,2023-02-06,292.0
3690,2000,2023-11-22,38.33
3691,1228,2023-06-03,67.63
3692,2242,2023-05-10,188.41
3693,696,2023-02-28,52.03
3694,1310,2023-08-12,43.03
3695,57,2023-09-06,63.99
3696,19,2023-08-28,46.0
3697,2312,2023-10-20,177.97
3698,2842,2023-10-14,35.07
3699,113,2023-07-23,55.51
3700,542,2023-04-09,58.07
3701,2695,2023-12-16,78.24
3702,579,2023-06-25,82.86
3703,1089,2023-09-19,173.24
3704,25,2023-09-28,50.96
3705,1573,2023-05-23,53.88
3706,2049,2023-07-08,55.95
3707,2959,2023-09-29,55.26
3708,1573,2023-01-20,57.27
3709,141,2023-11-29,37.79
3710,1768,2023-10-27,55.66
3711,648,2023-02-15,53.38
3712,2236,2023-04-05,2022.81
3713,201,2023-03-05,54.71
3714,257,2023-05-11,55.24
3715,547,2023-01-09,29.3
3716,2242,2023-07-22,63.1
3717,2751,2023-10-25,65.19
3718,802,2023-06-23,38.06
3719,942,2023-03-14,45.0
3720,414,2023-03-25,48.49
3721,2015,2023-02-28,39.32
3722,1382,2023-01-21,54.87
3723,1099,2023-06-06,49.02
3724,910,2023-11-15,34.87
3725,188,2023-11-25,45.97
3726,2016,2023-03-02,45.48
3727,1314,2023-03-05,39.37
3728,2093,2023-11-21,1377.67
3729,2131,2023-06-17,68.38
3730,1147,2023-07-22,36.78
3731,358,2023-05-09,40.17
3732,1552,2023-09-02,64.76
3733,1090,2023-04-16,61.39
3734,2984,2023-11-17,55.56
3735,1681,2023-05-02,56.95
3736,2423,2023-11-14,44.01
3737,162,2023-07-01,59.87
3738,2370,2023-04-13,1657.58
3739,450,2023-11-12,51.58
3740,1498,2023-10-29,45.73
3741,1037,2023-09-18,45.31
3742,2232,2023-04-23,37.15
3743,2159,2023-03-11,59.88
3744,1951,2023-06-09,37.0
3745,2556,2023-08-28,29.23
3746,1314,2023-01-11,49.0
3747,2343,2023-05-18,62.78
3748,2952,2023-06-16,45.57
3749,1239,2023-09-04,47.21
3750,974,2023-12-20,1570.93
3751,632,2023-01-31,163.95
3752,1591,2023-01-12,66.83
3753,1051,2023-08-31,60.18
3754,2781,2023-04-18,134.66
3755,1589,2023-12-02,48.63
3756,2369,2023-11-19,21.51
3757,2961,2023-07-13,1594.44
3758,1694,2023-11-04,1935.75
3759,437,2023-05-13,1621.56
3760,2829,2023-10-08,1484.26
3761,1557,2023-10-18,48.65
3762,1077,2023-06-12,17.87
3763,1305,2023-10-05,40.01
3764,2774,2023-07-22,48.12
3765,2079,2023-04-06,61.94
3766,2385,2023-08-11,43.92
3767,183,2023-08-25,51.62
3768,2592,2023-04-27,62.03
3769,1470,2023-07-11,59.16
3770,1480,2023-10-03,43.0
3771,1590,2023-04-16,152.55
3772,1588,2023-01-04,159.09
3773,660,2023-01-18,1198.49
3774,160,2023-11-03,59.47
3775,2460,2023-01-20,51.13
3776,1012,2023-05-02,148.73
3777,53,2023-05-17,44.95
3778,2456,2023-03-21,23.1
3779,2895,2023-06-03,43.85
3780,1046,2023-12-24,52.46
3781,1054,2023-01-25,53.97
3782,2751,2023-06-18,1481.53
3783,2308,2023-02-28,44.26
3784,1229,2023-10-28,31.71
3785,1495,2023-02-10,32.15
3786,2824,2023-02-07,57.2
3787,1490,2023-04-27,46.16
3788,1036,2023-10-02,44.06
3789,1951,2023-09-27,60.97
3790,850,2023-05-07,55.6
3791,354,2023-01-03,37.76
3792,1099,2023-10-20,50.17
3793,2921,2023-01-16,247.02
3794,1740,2023-09-22,37.5
3795,1465,2023-08-27,48.19
3796,991,2023-09-20,50.75
3797,1265,2023-05-14,64.09
3798,1885,2023-08-01,41.76
3799,1810,2023-01-15,33.96
3800,2342,2023-11-24,39.17
3801,2257,2023-12-26,73.98
3802,1112,2023-05-09,49.02
3803,818,2023-12-18,40.06
3804,1800,2023-05-02,64.32
3805,1961,2023-08-29,39.46
3806,2438,2023-04-25,50.23
3807,2373,2023-07-16,54.78
3808,2988,2023-08-10,44.31
3809,889,2023-08-02,43.57
3810,1856,2023-03-21,44.25
3811,1181,2023-09-20,59.49
3812,668,2023-05-15,42.86
3813,633,2023-11-02,58.14
3814,2625,2023-08-30,55.86
3815,1643,2023-10-30,40.13
3816,137,2023-09-27,33.4
3817,1947,2023-10-14,44.72
3818,1698,2023-02-19,1292.73
3819,428,2023-07-08,47.97
3820,1476,2023-10-24,199.72
3821,2660,2023-01-14,53.3
3822,2959,2023-08-20,51.89
3823,819,2023-09-18,58.74
3824,2189,2023-07-11,210.83
3825,1107,2023-07-22,44.78
3826,2225,2023-09-18,68.15
3827,198,2023-04-23,41.44
3828,2672,2023-12-18,55.65
3829,1996,2023-02-05,51.43
3830,2739,2023-03-20,21.56
3831,2449,2023-10-02,47.3
3832,471,2023-10-05,80.41
3833,2266,2023-06-11,68.54
3834,1949,2023-11-08,59.05
3835,929,2023-01-17,58.1
3836,2011,2023-07-23,40.46
3837,2680,2023-01-17,43.12
3838,2999,2023-07-21,184.3
3839,906,2023-07-29,45.85
3840,2223,2023-03-19,52.18
3841,23,2023-02-25,51.25
3842,235,2023-03-21,54.15
3843,1125,2023-11-02,60.93
3844,929,2023-02-27,59.08
3845,523,2023-01-18,62.4
3846,1809,2023-07-27,249.39
3847,431,2023-05-15,47.66
3848,793,2023-11-28,41.71
3849,1630,2023-01-10,221.34
3850,1737,2023-03-10,70.03
3851,533,2023-12-07,61.11
3852,1747,2023-03-24,58.48
3853,1676,2023-04-19,50.56
3854,1317,2023-02-13,59.02
3855,2858,2023-05-12,60.79
3856,913,2023-01-18,58.16
3857,1125,2023-04-03,39.98
3858,1526,2023-10-21,50.64
3859,1328,2023-05-28,230.77
3860,2919,2023-06-21,55.32
3861,2588,2023-02-20,49.55
3862,1024,2023-01-19,171.11
3863,1577,2023-04-30,48.4
3864,1379,2023-11-20,48.81
3865,1520,2023-08-13,54.93
3866,1682,2023-03-07,33.16
3867,1998,2023-05-21,49.12
3868,227,2023-07-08,37.29
3869,1260,2023-06-07,43.36
3870,873,2023-04-08,1067.18
3871,892,2023-06-07,45.43
3872,1479,2023-09-03,40.65
3873,1037,2023-12-10,182.15
3874,2258,2023-08-24,46.72
3875,2789,2023-02-02,59.89
3876,397,2023-12-27,37.48
3877,1124,2023-08-29,37.84
3878,2079,2023-11-26,57.0
3879,2946,2023-12-04,61.65
3880,649,2023-10-02,42.5
3881,329,2023-03-12,32.77
3882,1483,2023-11-09,62.46
3883,952,2023-08-04,54.65
3884,2006,2023-03-20,52.51
3885,2017,2023-06-18,63.23
3886,2669,2023-10-25,2064.83
3887,1879,2023-06-29,46.58
3888,1197,2023-04-26,57.35
3889,1773,2023-09-17,223.5
3890,162,2023-09-17,40.32
3891,1752,2023-01-05,47.99
3892,776,2023-10-24,251.98
3893,1828,2023-04-18,43.93
3894,2322,2023-12-09,54.23
3895,1052,2023-12-26,40.92
3896,2374,2023-04-27,237.41
3897,940,2023-12-23,38.51
3898,540,2023-11-27,54.52
3899,2536,2023-11-27,33.0
3900,822,2023-01-13,36.43
3901,1462,2023-05-22,50.8
3902,1089,2023-07-07,47.79
3903,356,2023-10-08,39.22
3904,235,2023-04-25,46.78
3905,2275,2023-08-24,30.39
3906,1549,2023-12-04,50.0
3907,2097,2023-01-10,42.61
3908,118,2023-07-18,67.58
3909,2102,2023-09-09,44.46
3910,1674,2023-02-19,66.71
3911,2613,2023-05-22,42.8
3912,1068,2023-09-28,69.25
3913,2101,2023-01-16,61.29
3914,558,2023-01-02,260.43
3915,1816,2023-06-07,1520.79
3916,2006,2023-01-30,40.08
3917,2916,2023-03-23,1569.62
3918,398,2023-01-31,54.16
3919,675,2023-08-24,51.41
3920,387,2023-11-29,47.02
3921,2159,2023-05-28,36.55
3922,2662,2023-06-26,51.35
3923,2065,2023-02-04,175.26
3924,884,2023-01-23,52.92
3925,541,2023-04-16,55.36
3926,171,2023-04-07,43.78
3927,2457,2023-08-18,1799.64
3928,740,2023-08-15,36.62
3929,1402,2023-04-10,50.16
3930,2906,2023-02-24,38.53
3931,2278,2023-07-14,34.25
3932,119,2023-01-08,56.21
3933,2832,2023-11-11,53.49
3934,2513,2023-05-08,72.45
3935,2152,2023-02-01,46.83
3936,2746,2023-04-03,1881.5
3937,1996,2023-01-07,44.25
3938,1706,2023-09-15,56.88
3939,1723,2023-12-07,60.13
3940,2223,2023-08-08,52.15
3941,2793,2023-08-28,39.21
3942,1698,2023-04-16,56.52
3943,1445,2023-02-05,52.27
3944,1760,2023-02-14,65.08
3945,1525,2023-10-25,44.11
3946,665,2023-11-05,52.07
3947,33,2023-01-09,193.41
3948,2103,2023-03-28,39.26
3949,2567,2023-11-27,72.05
3950,2804,2023-06-26,59.37
3951,2060,2023-05-10,187.93
3952,1552,2023-07-14,52.78
3953,720,2023-01-11,57.66
3954,2603,2023-11-02,69.85
3955,2421,2023-05-02,51.52
3956,484,2023-08-23,44.49
3957,973,2023-11-27,53.13
3958,2671,2023-01-31,71.7
3959,307,2023-12-14,69.4
3960,457,2023-08-12,59.63
3961,2208,2023-06-02,26.62
3962,331,2023-07-31,65.93
3963,2824,2023-04-02,48.67
3964,225,2023-11-27,177.77
3965,2777,2023-12-14,49.16
3966,1480,2023-05-09,46.99
3967,1083,2023-07-16,49.39
3968,644,2023-02-11,43.41
3969,616,2023-08-16,1450.94
3970,195,2023-07-13,77.07
3971,489,2023-01-18,52.74
3972,2205,2023-11-29,201.8
3973,2658,2023-08-31,55.99
3974,1250,2023-10-03,48.62
3975,2460,2023-05-07,39.49
3976,1103,2023-03-16,55.21
3977,1148,2023-03-03,1866.13
3978,2519,2023-10-15,49.97
3979,1242,2023-07-05,52.36
3980,516,2023-06-27,47.97
3981,1626,2023-06-15,53.91
3982,1128,2023-07-02,30.31
3983,393,2023-01-28,55.75
3984,631,2023-11-26,59.39
3985,1848,2023-09-04,208.87
3986,2656,2023-12-03,44.94
3987,980,2023-01-22,198.31
3988,434,2023-04-06,261.6
3989,2588,2023-05-02,45.97
3990,278,2023-09-07,49.48
3991,233,2023-11-04,57.45
3992,1553,2023-11-30,47.06
3993,1595,2023-11-22,38.62
3994,1114,2023-05-17,43.57
3995,2410,2023-10-04,53.64
3996,26,2023-11-16,42.68
3997,1418,2023-11-28,50.84
3998,2555,2023-03-02,63.27
3999,2315,2023-09-07,46.48
4000,461,2023-04-05,36.36
4001,2504,2023-10-23,66.27
4002,1092,2023-07-03,50.37
4003,1007,2023-09-17,55.41
4004,2911,2023-10-14,39.42
4005,1995,2023-06-04,50.35
4006,491,2023-07-05,1272.9
4007,1073,2023-03-10,53.19
4008,2612,2023-11-22,1729.0
4009,216,2023-09-18,209.37
4010,1724,2023-04-25,215.07
4011,1593,2023-12-13,31.59
4012,2607,2023-01-08,65.21
4013,159,2023-09-22,62.37
4014,2537,2023-09-28,59.75
4015,686,2023-09-06,75.97
4016,2842,2023-04-15,57.31
4017,1777,2023-09-20,210.98
4018,2053,2023-08-12,44.37
4019,1844,2023-11-24,44.5
4020,2409,2023-09-28,1691.41
4021,2507,2023-06-14,36.67
4022,2296,2023-03-24,32.56
4023,1590,2023-10-22,221.15
4024,1697,2023-05-14,59.53
4025,2994,2023-07-30,51.72
4026,2470,2023-11-09,64.31
4027,1947,2023-04-02,50.99
4028,2063,2023-12-03,36.52
4029,2784,2023-05-07,44.55
4030,1146,2023-07-10,66.1
4031,2325,2023-06-08,48.67
4032,1582,2023-11-27,39.88
4033,2501,2023-12-01,52.58
4034,2646,2023-01-10,43.42
4035,2494,2023-04-17,45.58
4036,2258,2023-03-28,57.38
4037,2762,2023-03-08,70.29
4038,2350,2023-03-03,58.59
4039,1933,2023-05-26,173.15
4040,1758,2023-06-02,63.92
4041,2051,2023-04-17,56.89
4042,990,2023-05-28,49.17
4043,1542,2023-07-05,50.41
4044,1117,2023-12-15,69.02
4045,2568,2023-12-08,57.43
4046,493,2023-06-27,253.31
4047,620,2023-12-01,62.76
4048,2379,2023-09-23,1707.81
4049,2381,2023-05-29,51.15
4050,2098,2023-09-04,44.39
4051,1547,2023-09-11,149.4
4052,863,2023-01-29,57.46
4053,1692,2023-12-18,52.23
4054,1606,2023-09-23,60.4
4055,2320,2023-01-13,62.15
4056,580,2023-02-16,175.61
4057,1891,2023-05-31,64.77
4058,1276,2023-02-19,46.59
4059,2608,2023-08-03,41.2
4060,2744,2023-05-12,39.29
4061,1856,2023-04-23,56.54
4062,2494,2023-09-09,217.25
4063,1356,2023-12-07,49.28
4064,1163,2023-02-22,48.03
4065,357,2023-05-10,61.93
4066,1625,2023-11-20,208.4
4067,2322,2023-07-12,42.06
4068,2007,2023-03-20,58.62
4069,2359,2023-02-26,43.06
4070,870,2023-04-07,43.32
4071,886,2023-07-17,53.6
4072,2002,2023-05-15,66.75
4073,2202,2023-05-27,57.67
4074,1414,2023-06-21,38.9
4075,1284,2023-03-04,62.86
4076,620,2023-03-06,43.4
4077,883,2023-10-22,40.03
4078,797,2023-07-30,51.39
4079,2173,2023-04-19,48.08
4080,1297,2023-10-09,71.33
4081,619,2023-06-21,50.33
4082,1835,2023-01-12,47.73
4083,245,2023-11-29,48.4
4084,2896,2023-08-08,56.4
4085,2498,2023-12-08,56.42
4086,930,2023-10-13,55.39
4087,1271,2023-06-21,40.39
4088,520,2023-08-24,244.67
4089,2410,2023-06-15,36.92
4090,8,2023-07-06,60.74
4091,2526,2023-06-19,48.54
4092,2020,2023-02-21,37.64
4093,495,2023-11-15,37.68
4094,1630,2023-07-08,48.79
4095,2881,2023-04-30,62.92
4096,1063,2023-04-15,38.05
4097,2641,2023-06-11,40.26
4098,187,2023-10-22,50.92
4099,2802,2023-02-10,47.8
4100,1878,2023-12-30,58.53
4101,2141,2023-06-14,55.91
4102,86,2023-11-17,45.14
4103,137,2023-12-01,57.35
4104,2469,2023-06-09,25.75
4105,2122,2023-09-21,1452.47
4106,1637,2023-12-19,46.29
4107,2219,2023-01-18,52.11
4108,1752,2023-06-22,45.82
4109,2218,2023-12-18,46.4
4110,1788,2023-02-02,46.13
4111,872,2023-09-18,61.2
4112,2370,2023-07-29,42.47
4113,2504,2023-11-26,51.41
4114,944,2023-06-13,53.53
4115,1627,2023-01-05,46.23
4116,2838,2023-02-03,55.11
4117,2661,2023-10-07,233.73
4118,2937,2023-05-25,65.73
4119,349,2023-12-17,68.01
4120,1677,2023-03-12,58.8
4121,1197,2023-12-14,67.98
4122,10,2023-08-18,51.94
4123,2788,2023-05-05,227.05
4124,1462,2023-10-05,61.76
4125,667,2023-09-28,1323.45
4126,2594,2023-12-23,46.95
4127,1523,2023-01-15,55.67
4128,2177,2023-08-30,61.89
4129,601,2023-06-02,1547.37
4130,2653,2023-02-22,55.13
4131,327,2023-05-29,37.45
4132,980,2023-12-24,44.98
4133,2452,2023-08-07,196.59
4134,629,2023-04-23,64.05
4135,1630,2023-10-15,215.23
4136,2766,2023-10-04,32.19
4137,274,2023-03-24,53.99
4138,685,2023-08-06,56.52
4139,116,2023-08-14,55.97
4140,861,2023-09-27,46.41
4141,2004,2023-01-15,44.2
4142,693,2023-10-17,45.67
4143,1106,2023-12-05,62.84
4144,2372,2023-09-22,1031.93
4145,2162,2023-07-18,178.03
4146,1793,2023-06-07,49.38
4147,154,2023-11-29,45.83
4148,1901,2023-07-26,33.52
4149,1428,2023-06-23,53.33
4150,1290,2023-07-03,42.85
4151,315,2023-09-22,61.01
4152,1065,2023-09-03,57.85
4153,105,2023-02-05,52.47
4154,1925,2023-09-16,2030.15
4155,1914,2023-01-19,57.86
4156,1217,2023-01-23,51.06
4157,1425,2023-04-14,67.56
4158,2402,2023-08-29,53.55
4159,1773,2023-12-27,53.54
4160,1961,2023-07-23,45.3
4161,2781,2023-09-10,51.14
4162,1604,2023-05-22,54.83
4163,709,2023-10-29,43.87
4164,651,2023-05-23,48.18
4165,2872,2023-09-28,70.13
4166,947,2023-11-03,46.81
4167,661,2023-04-20,48.59
4168,2147,2023-01-08,61.54
4169,2636,2023-03-10,42.04
4170,2330,2023-07-09,44.95
4171,2451,2023-06-28,57.12
4172,1133,2023-03-04,62.85
4173,700,2023-03-09,60.03
4174,2247,2023-07-25,257.02
4175,2039,2023-01-06,67.81
4176,2375,2023-04-29,54.11
4177,2202,2023-11-09,40.41
4178,552,2023-01-31,56.77
4179,405,2023-01-06,723.43
4180,462,2023-07-26,35.87
4181,2180,2023-06-06,43.8
4182,2839,2023-03-08,36.81
4183,874,2023-11-26,28.39
4184,84,2023-12-19,36.46
4185,1423,2023-12-02,61.22
4186,2802,2023-10-16,31.4
4187,2676,2023-05-20,64.38
4188,221,2023-10-27,48.95
4189,2601,2023-01-13,1566.58
4190,1392,2023-06-01,62.77
4191,112,2023-11-09,50.55
4192,615,2023-12-18,38.21
4193,1582,2023-04-19,52.9
4194,2972,2023-12-22,65.63
4195,475,2023-05-29,236.31
4196,2884,2023-07-23,63.78
4197,1914,2023-11-03,51.5
4198,271,2023-01-21,51.7
4199,2469,2023-03-01,1189.65
4200,1921,2023-01-21,39.73
4201,2755,2023-12-29,35.87
4202,1391,2023-09-02,59.88
4203,40,2023-03-14,44.52
4204,1983,2023-03-17,40.59
4205,2237,2023-07-05,193.14
4206,994,2023-03-19,50.14
4207,2013,2023-03-06,53.5
4208,2584,2023-12-08,42.82
4209,290,2023-10-17,196.9
4210,2481,2023-02-25,50.7
4211,2519,2023-11-27,53.83
4212,2676,2023-09-16,50.7
4213,279,2023-07-09,55.1
4214,2925,2023-01-06,184.18
4215,581,2023-01-06,56.74
4216,863,2023-07-10,62.11
4217,254,2023-05-28,50.8
4218,181,2023-09-15,49.34
4219,681,2023-08-06,35.3
4220,825,2023-03-31,61.91
4221,700,2023-11-08,153.89
4222,2614,2023-12-18,229.51
4223,1350,2023-01-10,54.59
4224,1381,2023-03-28,46.44
4225,1674,2023-09-07,232.55
4226,2728,2023-11-22,52.47
4227,2439,2023-05-31,47.74
4228,1639,2023-04-23,47.03
4229,1958,2023-01-30,44.84
4230,212,2023-05-08,60.29
4231,1539,2023-03-19,65.38
4232,384,2023-02-24,40.5
4233,1715,2023-11-01,1473.37
4234,342,2023-02-03,53.84
4235,1839,2023-04-15,213.36
4236,1988,2023-06-21,34.12
4237,844,2023-01-22,44.92
4238,1535,2023-10-14,46.85
4239,420,2023-04-15,51.18
4240,2799,2023-05-29,160.7
4241,1989,2023-09-29,63.88
4242,1933,2023-10-03,56.69
4243,1850,2023-10-26,1417.87
4244,306,2023-06-21,42.78
4245,2750,2023-02-16,49.74
4246,869,2023-04-24,55.96
4247,2585,2023-10-02,51.42
4248,1136,2023-10-31,195.18
4249,1435,2023-07-26,51.22
4250,206,2023-08-30,48.53
4251,496,2023-10-28,42.28
4252,1910,2023-07-15,63.97
4253,2552,2023-06-13,44.87
4254,1046,2023-06-25,51.56
4255,213,2023-12-09,41.93
4256,310,2023-09-28,53.64
4257,2709,2023-04-20,51.39
4258,1992,2023-06-21,64.85
4259,2801,2023-12-18,1486.64
4260,272,2023-07-21,51.52
4261,1823,2023-06-17,54.42
4262,2986,2023-04-12,51.13
4263,2080,2023-03-27,50.52
4264,443,2023-05-22,39.97
4265,2210,2023-12-03,50.57
4266,2815,2023-08-01,52.96
4267,254,2023-02-20,1433.68
4268,521,2023-04-22,55.57
4269,977,2023-09-28,51.07
4270,10,2023-03-06,55.95
4271,2774,2023-12-10,44.51
4272,2553,2023-07-02,43.59
4273,2833,2023-11-28,67.89
4274,1584,2023-01-10,39.62
4275,2484,2023-08-22,39.6
4276,1135,2023-10-25,211.25
4277,153,2023-09-01,49.39
4278,1659,2023-12-17,66.0
4279,2965,2023-09-24,73.92
4280,2917,2023-04-28,43.36
4281,2801,2023-05-24,39.49
4282,1857,2023-07-20,31.26
4283,1215,2023-08-27,57.98
4284,1753,2023-11-30,46.26
4285,2611,2023-09-03,47.17
4286,1105,2023-12-12,33.56
4287,2537,2023-01-08,38.4
4288,895,2023-06-01,45.82
4289,1112,2023-07-30,47.63
4290,104,2023-06-07,49.69
4291,1915,2023-02-27,36.91
4292,1007,2023-03-27,42.98
4293,407,2023-02-24,44.93
4294,1402,2023-07-20,37.16
4295,167,2023-05-02,35.63
4296,509,2023-04-18,49.06
4297,1662,2023-10-31,73.33
4298,2361,2023-05-12,28.06
4299,763,2023-07-17,63.09
4300,681,2023-02-16,44.56
4301,2525,2023-08-16,63.38
4302,2121,2023-09-02,48.42
4303,1165,2023-07-22,42.97
4304,582,2023-09-18,46.91
4305,262,2023-06-27,188.97
4306,1364,2023-01-24,52.99
4307,1332,2023-06-24,34.55
4308,2293,2023-10-01,32.64
4309,1539,2023-12-06,847.79
4310,561,2023-09-18,41.35
4311,1100,2023-10-13,42.92
4312,1904,2023-01-01,54.25
4313,175,2023-03-27,59.76
4314,2157,2023-12-04,55.67
4315,2231,2023-03-10,68.19
4316,192,2023-01-31,39.7
4317,65,2023-07-17,61.52
4318,1498,2023-04-01,30.17
4319,1568,2023-12-15,44.95
4320,2912,2023-01-16,38.42
4321,1152,2023-11-06,52.87
4322,1938,2023-10-03,53.45
4323,369,2023-12-04,45.47
4324,851,2023-06-11,45.67
4325,43,2023-07-11,56.08
4326,1908,2023-05-31,48.17
4327,2536,2023-12-31,44.72
4328,78,2023-04-23,50.55
4329,2874,2023-09-30,63.79
4330,1825,2023-06-25,60.01
4331,1294,2023-05-29,55.61
4332,674,2023-06-27,700.46
4333,701,2023-08-11,61.27
4334,759,2023-09-16,56.03
4335,1924,2023-09-30,58.31
4336,2776,2023-07-08,157.48
4337,2973,2023-11-02,215.21
4338,902,2023-03-31,173.99
4339,2937,2023-12-09,55.55
4340,993,2023-09-19,41.54
4341,1192,2023-06-05,38.23
4342,2387,2023-07-19,47.06
4343,2241,2023-02-24,44.08
4344,1477,2023-09-11,54.94
4345,2331,2023-06-22,58.3
4346,390,2023-07-19,51.58
4347,1000,2023-04-12,56.63
4348,525,2023-10-12,42.84
4349,1856,2023-05-31,46.77
4350,1507,2023-04-21,67.1
4351,659,2023-09-23,50.67
4352,2764,2023-04-01,61.26
4353,891,2023-06-26,55.32
4354,1482,2023-08-19,41.93
4355,452,2023-01-29,48.12
4356,2476,2023-10-28,46.98
4357,1538,2023-07-14,47.86
4358,883,2023-11-03,2214.01
4359,313,2023-08-27,169.66
4360,840,2023-12-23,67.55
4361,2567,2023-09-24,49.58
4362,375,2023-08-02,38.51
4363,451,2023-03-23,58.89
4364,595,2023-05-08,51.93
4365,1234,2023-09-19,74.85
4366,500,2023-03-08,68.54
4367,464,2023-03-03,59.49
4368,113,2023-05-13,220.35
4369,1036,2023-05-17,53.02
4370,2379,2023-01-28,58.04
4371,1925,2023-07-30,44.25
4372,140,2023-07-24,61.73
4373,1425,2023-09-10,1349.06
4374,2950,2023-02-07,36.56
4375,517,2023-02-12,52.43
4376,2617,2023-04-27,55.08
4377,1948,2023-07-09,50.34
4378,2894,2023-02-15,42.53
4379,2166,2023-06-15,67.16
4380,888,2023-11-01,224.62
4381,1342,2023-07-22,42.12
4382,50,2023-08-21,43.04
4383,19,2023-09-02,54.14
4384,726,2023-07-28,58.45
4385,2245,2023-09-05,60.23
4386,1474,2023-10-22,62.25
4387,2607,2023-11-23,50.38
4388,452,2023-06-07,53.65
4389,2337,2023-01-01,41.68
4390,1165,2023-08-05,54.1
4391,1108,2023-09-06,50.4
4392,2439,2023-03-10,150.83
4393,215,2023-01-30,48.45
4394,1550,2023-04-25,45.83
4395,2263,2023-01-08,47.93
4396,128,2023-10-02,61.8
4397,1846,2023-11-11,44.43
4398,760,2023-12-01,53.96
4399,2452,2023-02-05,41.51
4400,1816,2023-11-07,52.75
4401,2386,2023-02-13,32.7
4402,2879,2023-06-04,46.61
4403,2762,2023-03-18,45.97
4404,361,2023-03-19,1507.93
4405,569,2023-04-11,42.32
4406,1416,2023-01-30,282.21
4407,2266,2023-02-08,215.64
4408,1598,2023-08-27,47.63
4409,1693,2023-01-13,41.42
4410,202,2023-05-02,37.24
4411,2065,2023-05-24,52.71
4412,2370,2023-06-21,1073.65
4413,518,2023-09-04,61.85
4414,1349,2023-09-04,50.17
4415,1436,2023-02-14,1942.05
4416,1342,2023-09-10,50.29
4417,681,2023-10-18,35.68
4418,1989,2023-07-26,42.47
4419,1492,2023-01-07,200.41
4420,425,2023-08-30,63.96
4421,1969,2023-04-20,44.16
4422,1713,2023-04-24,38.3
4423,2435,2023-11-03,1477.64
4424,778,2023-10-29,50.1
4425,2146,2023-10-03,60.4
4426,1827,2023-04-06,49.34
4427,208,2023-10-21,46.71
4428,1538,2023-07-08,49.99
4429,1660,2023-12-26,51.33
4430,2634,2023-10-15,50.0
4431,2214,2023-06-03,38.6
4432,22,2023-02-27,47.76
4433,154,2023-12-04,45.94
4434,1963,2023-02-19,67.61
4435,219,2023-07-26,45.12
4436,669,2023-02-21,44.97
4437,1519,2023-12-08,58.24
4438,2278,2023-05-30,48.08
4439,2068,2023-02-22,199.94
4440,2601,2023-08-01,45.05
4441,950,2023-03-07,1494.8
4442,2196,2023-08-20,50.79
4443,403,2023-10-26,109.63
4444,596,2023-12-04,50.14
4445,2415,2023-05-31,43.33
4446,1438,2023-07-24,47.01
4447,2850,2023-11-16,46.43
4448,2966,2023-09-12,27.7
4449,1158,2023-05-17,47.15
4450,1743,2023-05-15,58.34
4451,1307,2023-02-23,55.0
4452,73,2023-03-06,48.18
4453,481,2023-01-02,48.29
4454,560,2023-05-12,44.11
4455,745,2023-11-30,49.55
4456,1467,2023-02-01,46.51
4457,100,2023-12-22,42.58
4458,1083,2023-12-26,38.16
4459,2556,2023-08-31,58.17
4460,2306,2023-07-11,65.01
4461,413,2023-05-22,35.17
4462,1089,2023-05-28,61.32
4463,2643,2023-03-30,54.73
4464,1178,2023-02-18,68.38
4465,2009,2023-05-16,38.63
4466,2314,2023-07-10,54.66
4467,821,2023-05-29,52.75
4468,662,2023-03-28,44.55
4469,2995,2023-01-08,39.15
4470,560,2023-08-11,38.35
4471,2965,2023-12-23,34.86
4472,2939,2023-01-16,50.56
4473,1272,2023-10-23,214.66
4474,1814,2023-04-16,193.95
4475,2916,2023-10-10,53.82
4476,610,2023-04-14,59.9
4477,2462,2023-12-27,50.93
4478,25,2023-05-26,69.73
4479,2029,2023-02-04,68.67
4480,284,2023-04-23,49.28
4481,1473,2023-11-04,43.73
4482,2929,2023-02-22,37.97
4483,301,2023-12-13,43.24
4484,1092,2023-03-22,50.69
4485,1031,2023-04-14,42.8
4486,817,2023-11-18,44.94
4487,83,2023-08-30,41.88
4488,1921,2023-01-31,38.04
4489,2094,2023-11-13,63.31
4490,618,2023-07-11,44.64
4491,2976,2023-12-23,42.8
4492,2310,2023-12-27,120.77
4493,176,2023-08-21,143.0
4494,1190,2023-04-08,70.99
4495,2705,2023-02-03,43.95
4496,842,2023-08-31,56.58
4497,370,2023-02-28,47.95
4498,1819,2023-09-16,45.91
4499,2102,2023-01-17,49.72
4500,690,2023-03-19,72.79
4501,1780,2023-07-25,49.39
4502,1365,2023-10-29,55.51
4503,1433,2023-06-15,50.27
4504,367,2023-10-18,34.8
4505,644,2023-04-22,49.13
4506,2427,2023-11-13,44.93
4507,73,2023-12-19,1080.54
4508,2963,2023-05-25,56.21
4509,1272,2023-06-05,41.17
4510,860,2023-06-27,56.22
4511,43,2023-12-12,50.23
4512,2425,2023-05-16,63.61
4513,1065,2023-11-11,38.67
4514,2218,2023-01-18,53.36
4515,2260,2023-12-17,65.37
4516,1517,2023-06-04,41.97
4517,2087,2023-09-29,246.73
4518,369,2023-09-23,49.69
4519,2805,2023-12-26,40.54
4520,151,2023-11-28,65.51
4521,1135,2023-01-16,48.1
4522,1504,2023-01-12,58.82
4523,1460,2023-03-16,51.72
4524,1071,2023-07-31,63.12
4525,1024,2023-06-28,67.01
4526,1599,2023-05-09,63.76
4527,2785,2023-10-10,58.74
4528,2041,2023-07-14,58.8
4529,1390,2023-09-25,49.94
4530,69,2023-01-30,61.47
4531,2347,2023-01-09,50.55
4532,944,2023-11-05,32.93
4533,802,2023-11-06,35.87
4534,2344,2023-06-14,45.11
4535,2251,2023-07-12,39.3
4536,61,2023-11-01,51.97
4537,946,2023-09-17,56.69
4538,1338,2023-07-11,51.25
4539,1185,2023-03-20,50.41
4540,331,2023-06-28,32.14
4541,1552,2023-04-01,1673.59
4542,338,2023-08-03,56.06
4543,1630,2023-03-20,60.88
4544,1328,2023-04-13,48.31
4545,1527,2023-04-21,39.26
4546,1674,2023-11-10,48.16
4547,1362,2023-09-04,42.68
4548,1574,2023-08-22,166.44
4549,2687,2023-03-23,157.87
4550,275,2023-05-12,221.52
4551,1188,2023-08-23,1253.61
4552,2367,2023-10-05,49.17
4553,2637,2023-12-01,38.37
4554,2552,2023-04-09,38.06
4555,2435,2023-02-07,65.86
4556,1994,2023-06-10,61.63
4557,870,2023-04-27,48.57
4558,2881,2023-08-29,52.12
4559,1015,2023-01-26,1441.46
4560,1912,2023-05-16,26.15
4561,603,2023-02-19,52.2
4562,1800,2023-10-21,56.27
4563,691,2023-10-25,53.86
4564,494,2023-10-20,176.81
4565,490,2023-06-03,170.17
4566,2769,2023-08-08,48.53
4567,2557,2023-05-20,24.8
4568,390,2023-02-18,58.02
4569,295,2023-05-22,38.29
4570,1393,2023-02-15,60.09
4571,2844,2023-06-12,52.95
4572,2913,2023-10-12,57.86
4573,1718,2023-09-25,55.23
4574,2597,2023-04-26,47.87
4575,649,2023-03-23,41.26
4576,1874,2023-02-13,59.13
4577,568,2023-07-13,46.79
4578,2901,2023-09-15,44.34
4579,2818,2023-09-30,39.39
4580,445,2023-10-01,50.04
4581,363,2023-10-05,58.5
4582,2171,2023-03-24,161.45
4583,1212,2023-02-27,73.43
4584,742,2023-02-22,133.09
4585,2042,2023-01-01,49.56
4586,680,2023-08-04,48.86
4587,2468,2023-11-13,50.55
4588,1643,2023-08-16,40.03
4589,1573,2023-09-11,51.04
4590,1359,2023-06-08,48.18
4591,2140,2023-10-14,1597.38
4592,63,2023-03-07,185.45
4593,2560,2023-11-05,61.8
4594,1163,2023-04-05,56.29
4595,1229,2023-09-10,43.52
4596,2820,2023-05-30,1976.0
4597,256,2023-01-23,40.97
4598,135,2023-09-01,31.55
4599,875,2023-08-03,49.34
4600,822,2023-05-11,44.64
4601,2136,2023-12-09,50.39
4602,823,2023-05-28,48.94
4603,974,2023-04-19,34.66
4604,2982,2023-02-09,135.28
4605,1778,2023-05-01,53.54
4606,121,2023-10-22,30.41
4607,1638,2023-04-30,37.6
4608,1365,2023-01-18,55.37
4609,1008,2023-06-18,50.64
4610,925,2023-07-17,1505.18
4611,645,2023-05-23,45.7
4612,2033,2023-02-06,52.42
4613,2762,2023-07-05,54.88
4614,2908,2023-09-18,46.48
4615,2069,2023-08-19,50.29
4616,242,2023-09-11,41.01
4617,2503,2023-11-25,38.14
4618,2669,2023-10-24,26.52
4619,2351,2023-01-10,1343.47
4620,1620,2023-11-20,59.39
4621,803,2023-08-18,182.35
4622,964,2023-01-24,42.19
4623,69,2023-03-19,59.08
4624,1153,2023-07-12,46.94
4625,196,2023-04-19,63.46
4626,2188,2023-10-07,48.87
4627,2331,2023-09-20,48.56
4628,2360,2023-11-25,52.91
4629,746,2023-12-29,205.71
4630,1689,2023-12-21,37.6
4631,277,2023-09-25,32.27
4632,61,2023-12-07,45.44
4633,1914,2023-09-16,43.01
4634,2100,2023-12-01,64.32
4635,2201,2023-03-26,46.71
4636,1773,2023-01-10,38.91
4637,1335,2023-10-16,44.32
4638,1838,2023-10-29,49.47
4639,2592,2023-02-28,34.25
4640,567,2023-11-04,236.03
4641,1572,2023-09-19,57.72
4642,622,2023-10-12,55.53
4643,2026,2023-04-29,61.26
4644,1201,2023-06-17,56.59
4645,314,2023-12-19,42.53
4646,2855,2023-07-08,41.53
4647,2896,2023-09-08,203.22
4648,2145,2023-11-20,40.38
4649,2929,2023-08-17,60.32
4650,1237,2023-07-09,51.12
4651,2877,2023-11-12,165.82
4652,137,2023-05-04,61.91
4653,1030,2023-03-25,49.62
4654,2157,2023-10-24,38.61
4655,2595,2023-08-03,56.2
4656,662,2023-08-25,59.07
4657,2473,2023-04-23,38.05
4658,2678,2023-08-05,45.13
4659,2309,2023-11-17,70.23
4660,87,2023-09-03,49.48
4661,2513,2023-12-01,54.41
4662,2124,2023-11-15,55.3
4663,2519,2023-02-06,56.45
4664,2462,2023-03-05,52.17
4665,2873,2023-08-07,76.9
4666,2943,2023-12-08,42.52
4667,2774,2023-02-03,41.84
4668,2505,2023-02-08,57.67
4669,1309,2023-03-08,58.89
4670,1701,2023-07-28,52.47
4671,2701,2023-11-14,163.51
4672,2720,2023-12-10,42.31
4673,495,2023-06-01,46.31
4674,1648,2023-12-31,48.84
4675,1943,2023-07-18,42.6
4676,1069,2023-03-30,44.78
4677,1425,2023-09-05,184.19
4678,597,2023-11-19,43.83
4679,450,2023-03-20,202.42
4680,485,2023-10-12,131.61
4681,646,2023-11-26,53.48
4682,2668,2023-02-01,45.35
4683,1630,2023-03-28,152.92
4684,662,2023-02-08,52.6
4685,758,2023-04-11,30.89
4686,289,2023-09-01,40.92
4687,721,2023-08-20,31.08
4688,638,2023-03-09,61.89
4689,2283,2023-07-11,46.94
4690,2464,2023-01-28,65.66
4691,2986,2023-09-27,35.92
4692,499,2023-08-14,43.23
4693,634,2023-03-18,62.94
4694,1674,2023-08-11,56.87
4695,2031,2023-06-16,57.14
4696,115,2023-10-11,52.56
4697,2980,2023-07-11,71.78
4698,674,2023-03-30,56.28
4699,1737,2023-02-01,57.78
4700,1258,2023-05-17,73.44
4701,2254,2023-06-05,45.21
4702,2295,2023-09-07,52.02
4703,2806,2023-04-05,62.46
4704,147,2023-01-17,39.75
4705,2166,2023-04-27,41.2
4706,412,2023-11-29,34.71
4707,1688,2023-11-07,40.71
4708,2411,2023-01-10,55.17
4709,1533,2023-03-21,55.68
4710,137,2023-05-14,47.3
4711,19,2023-07-22,56.29
4712,2243,2023-04-26,54.28
4713,2378,2023-08-08,52.53
4714,1960,2023-09-10,73.12
4715,2223,2023-06-18,69.16
4716,1002,2023-12-01,46.83
4717,449,2023-11-12,48.79
4718,1949,2023-07-24,193.32
4719,946,2023-10-25,36.64
4720,1378,2023-09-05,40.51
4721,1523,2023-12-31,37.41
4722,141,2023-03-12,39.85
4723,2806,2023-06-05,57.69
4724,1921,2023-04-12,59.44
4725,2978,2023-01-13,52.74
4726,93,2023-09-28,58.22
4727,239,2023-10-19,53.88
4728,205,2023-08-08,59.31
4729,2608,2023-01-15,51.49
4730,1457,2023-08-26,59.06
4731,245,2023-04-27,49.57
4732,832,2023-11-27,67.04
4733,2973,2023-02-25,45.25
4734,295,2023-12-17,67.97
4735,2688,2023-05-12,55.45
4736,856,2023-08-14,204.67
4737,2065,2023-11-04,1787.39
4738,71,2023-08-10,39.47
4739,1293,2023-06-22,62.56
4740,1349,2023-12-06,55.52
4741,305,2023-10-12,52.26
4742,1031,2023-11-05,62.15
4743,1338,2023-06-06,42.32
4744,817,2023-05-31,51.01
4745,1127,2023-07-04,247.34
4746,821,2023-06-27,43.31
4747,193,2023-01-21,71.91
4748,1777,2023-04-22,58.1
4749,529,2023-06-20,58.34
4750,2219,2023-05-18,41.41
4751,251,2023-08-21,61.29
4752,1789,2023-11-28,37.7
4753,2589,2023-01-30,41.43
4754,2027,2023-11-03,58.49
4755,2464,2023-06-10,65.53
4756,2842,2023-03-19,52.53
4757,1404,2023-10-05,60.55
4758,1168,2023-11-16,71.98
4759,2073,2023-01-21,46.82
4760,2716,2023-12-29,43.93
4761,1097,2023-05-23,62.08
4762,2680,2023-02-05,53.67
4763,1848,2023-10-30,46.93
4764,505,2023-08-02,58.76
4765,1622,2023-02-01,48.03
4766,2384,2023-07-05,43.35
4767,2473,2023-06-23,51.31
4768,2547,2023-02-23,47.85
4769,1388,2023-06-10,68.29
4770,2995,2023-09-07,48.32
4771,2678,2023-09-08,1388.56
4772,1223,2023-10-06,69.42
4773,718,2023-06-20,56.07
4774,339,2023-07-02,145.69
4775,659,2023-01-02,41.98
4776,962,2023-07-13,40.05
4777,429,2023-06-15,41.29
4778,899,2023-09-04,207.18
4779,139,2023-09-01,41.82
4780,2990,2023-04-20,56.96
4781,542,2023-11-19,1295.28
4782,2105,2023-03-12,31.64
4783,1256,2023-06-13,32.93
4784,2706,2023-10-12,49.09
4785,2483,2023-04-23,47.05
4786,384,2023-08-16,59.35
4787,2608,2023-10-28,151.64
4788,194,2023-01-16,42.48
4789,2582,2023-01-31,57.06
4790,2566,2023-06-11,1439.12
4791,2764,2023-11-02,59.39
4792,2799,2023-07-12,65.27
4793,2233,2023-07-29,33.24
4794,1896,2023-08-20,53.22
4795,2340,2023-07-03,154.66
4796,732,2023-01-15,215.08
4797,2164,2023-11-01,40.82
4798,2873,2023-07-28,24.72
4799,685,2023-06-21,62.05
4800,82,2023-09-23,54.36
4801,2882,2023-01-20,1749.96
4802,2381,2023-03-11,37.8
4803,2605,2023-01-08,45.24
4804,2383,2023-02-03,50.72
4805,532,2023-08-12,35.52
4806,1984,2023-06-28,45.02
4807,221,2023-09-03,51.42
4808,635,2023-09-17,45.84
4809,1770,2023-04-18,29.54
4810,2371,2023-08-30,920.57
4811,1875,2023-01-24,48.86
4812,3,2023-08-04,53.33
4813,1718,2023-02-24,42.34
4814,206,2023-01-26,222.67
4815,1856,2023-10-08,1680.71
4816,40,2023-10-19,41.9
4817,2107,2023-11-23,53.06
4818,2999,2023-07-05,112.53
4819,2622,2023-01-12,57.75
4820,644,2023-05-09,61.18
4821,1531,2023-07-27,46.33
4822,1908,2023-05-13,141.48
4823,2891,2023-12-05,61.33
4824,2667,2023-07-15,39.83
4825,2144,2023-09-19,61.02
4826,898,2023-10-09,54.83
4827,1086,2023-04-13,59.03
4828,1280,2023-04-30,194.26
4829,2609,2023-07-02,39.04
4830,2953,2023-01-09,56.0
4831,2396,2023-02-14,37.92
4832,671,2023-09-01,31.11
4833,1506,2023-09-27,245.7
4834,2365,2023-04-22,42.66
4835,719,2023-02-24,34.55
4836,1072,2023-01-15,54.63
4837,1956,2023-02-06,42.27
4838,1160,2023-06-27,53.58
4839,250,2023-05-07,57.46
4840,2362,2023-04-27,68.05
4841,1893,2023-12-06,73.4
4842,1854,2023-03-13,41.12
4843,2855,2023-12-18,59.03
4844,1504,2023-04-21,45.92
4845,2533,2023-05-29,52.97
4846,1235,2023-07-04,47.72
4847,44,2023-04-15,41.58
4848,2619,2023-05-27,39.74
4849,583,2023-08-09,47.46
4850,1289,2023-11-10,59.48
4851,2943,2023-12-17,1218.72
4852,220,2023-01-06,38.51
4853,1926,2023-09-17,59.53
4854,2973,2023-10-26,223.5
4855,2449,2023-12-15,39.29
4856,2775,2023-02-11,56.74
4857,991,2023-09-16,209.48
4858,2947,2023-09-28,56.92
4859,1813,2023-02-16,44.15
4860,858,2023-03-26,59.3
4861,804,2023-06-23,1676.38
4862,490,2023-02-27,37.42
4863,1781,2023-07-18,46.94
4864,1494,2023-07-28,58.84
4865,2986,2023-09-05,49.21
4866,2892,2023-07-30,65.96
4867,1706,2023-02-08,51.48
4868,2315,2023-09-09,44.51
4869,54,2023-05-11,50.88
4870,2576,2023-10-18,228.14
4871,616,2023-09-07,39.3
4872,1083,2023-02-21,45.29
4873,1849,2023-01-14,1846.96
4874,955,2023-06-05,41.74
4875,2434,2023-01-30,135.88
4876,1630,2023-03-31,56.83
4877,2782,2023-06-16,41.23
4878,2764,2023-12-17,67.44
4879,650,2023-03-10,58.18
4880,2348,2023-06-12,52.69
4881,395,2023-08-30,49.84
4882,1360,2023-02-21,57.83
4883,2641,2023-05-22,43.43
4884,2562,2023-03-04,51.79
4885,2444,2023-10-19,56.34
4886,371,2023-04-01,58.0
4887,858,2023-06-01,46.1
4888,791,2023-06-06,53.73
4889,658,2023-11-05,35.37
4890,2784,2023-12-31,58.38
4891,1393,2023-05-30,184.53
4892,384,2023-11-24,20.32
4893,2110,2023-09-28,57.54
4894,2553,2023-03-10,231.21
4895,239,2023-04-26,41.21
4896,195,2023-07-11,54.4
4897,2726,2023-01-04,39.59
4898,2109,2023-03-16,46.53
4899,1153,2023-10-25,52.52
4900,2733,2023-08-29,55.83
4901,2016,2023-01-30,42.69
4902,156,2023-05-23,33.8
4903,923,2023-11-22,42.85
4904,2916,2023-07-02,67.31
4905,2951,2023-01-16,56.77
4906,1610,2023-04-21,167.87
4907,975,2023-12-26,50.32
4908,1231,2023-07-20,52.94
4909,2436,2023-04-17,63.22
4910,1815,2023-06-11,54.79
4911,2935,2023-10-10,58.18
4912,838,2023-09-26,57.71
4913,2008,2023-06-04,49.89
4914,1364,2023-03-14,47.0
4915,2388,2023-07-16,42.4
4916,204,2023-08-31,46.47
4917,161,2023-03-27,56.74
4918,392,2023-10-14,856.2
4919,769,2023-09-16,47.23
4920,2623,2023-10-13,44.51
4921,2582,2023-05-29,43.18
4922,1094,2023-12-21,1824.09
4923,2941,2023-07-09,44.05
4924,405,2023-08-05,42.82
4925,608,2023-12-21,58.25
4926,1615,2023-03-27,48.42
4927,1541,2023-08-04,41.33
4928,2876,2023-11-16,49.76
4929,1838,2023-04-28,49.69
4930,690,2023-03-28,28.99
4931,2950,2023-02-09,57.24
4932,1241,2023-06-10,1522.37
4933,2104,2023-07-10,48.58
4934,366,2023-01-25,52.47
4935,1723,2023-06-01,59.38
4936,455,2023-04-05,46.71
4937,104,2023-02-15,51.61
4938,77,2023-05-18,51.2
4939,230,2023-10-15,59.96
4940,1938,2023-12-19,38.23
4941,2379,2023-06-13,57.75
4942,1206,2023-01-16,43.29
4943,893,2023-01-18,44.72
4944,1574,2023-05-16,51.38
4945,2736,2023-09-04,42.24
4946,2075,2023-09-05,65.16
4947,1676,2023-11-27,42.76
4948,299,2023-07-17,43.77
4949,957,2023-01-01,43.24
4950,2847,2023-07-09,197.23
4951,1115,2023-10-21,45.2
4952,2528,2023-02-14,52.97
4953,2621,2023-12-03,47.14
4954,2506,2023-02-01,49.28
4955,1475,2023-04-28,50.75
4956,365,2023-10-23,58.71
4957,2907,2023-07-03,24.12
4958,1699,2023-07-10,36.23
4959,351,2023-08-23,53.15
4960,2301,2023-08-26,44.99
4961,2829,2023-08-04,52.42
4962,1905,2023-03-15,51.12
4963,2851,2023-04-21,55.55
4964,1012,2023-04-13,49.02
4965,2507,2023-12-25,42.79
4966,2965,2023-03-15,34.31
4967,499,2023-09-09,51.32
4968,950,2023-04-24,58.6
4969,1995,2023-11-09,59.37
4970,2047,2023-11-26,49.18
4971,508,2023-12-05,261.62
4972,1328,2023-08-26,1093.33
4973,2549,2023-06-22,56.21
4974,2851,2023-03-20,40.65
4975,2646,2023-04-03,47.43
4976,166,2023-02-19,176.18
4977,2510,2023-10-12,35.24
4978,920,2023-08-11,57.9
4979,114,2023-03-22,222.59
4980,992,2023-09-23,53.78
4981,1952,2023-06-04,194.87
4982,2255,2023-08-21,45.0
4983,1259,2023-11-12,61.31
4984,515,2023-08-24,46.0
4985,1232,2023-06-08,233.92
4986,709,2023-11-12,66.09
4987,2186,2023-09-08,34.91
4988,339,2023-11-10,42.31
4989,2585,2023-10-28,50.5
4990,68,2023-10-09,74.77
4991,1597,2023-04-12,54.3
4992,1565,2023-02-20,149.03
4993,383,2023-02-21,38.67
4994,19,2023-07-28,243.7
4995,2731,2023-11-03,52.92
4996,2122,2023-05-11,62.12
4997,573,2023-09-27,48.51
4998,2987,2023-07-24,1478.69
4999,1300,2023-08-07,211.88
5000,2259,2023-09-14,1253.47
5001,2903,2023-07-04,61.08
5002,1944,2023-05-25,60.57
5003,651,2023-06-27,193.82
5004,1646,2023-01-14,53.27
5005,994,2023-09-03,38.7
5006,2743,2023-07-06,65.1
5007,2588,2023-12-03,204.36
5008,1339,2023-09-16,1798.18
5009,901,2023-12-20,167.48
5010,1685,2023-02-09,57.07
5011,2828,2023-03-30,1607.73
5012,1586,2023-05-05,70.73
5013,1924,2023-12-17,37.36
5014,1782,2023-01-09,53.36
5015,1137,2023-12-16,46.8
5016,2218,2023-03-25,50.01
5017,1945,2023-01-21,52.14
5018,1038,2023-10-08,72.19
5019,1739,2023-12-24,200.83
5020,288,2023-06-21,59.97
5021,2237,2023-01-25,240.22
5022,2962,2023-04-13,42.07
5023,1591,2023-07-09,42.45
5024,2742,2023-08-24,57.17
5025,1746,2023-11-09,37.54
5026,2936,2023-02-06,47.95
5027,2519,2023-09-29,49.09
5028,1099,2023-10-20,57.11
5029,2325,2023-11-28,43.61
5030,940,2023-06-01,65.88
5031,1449,2023-10-09,55.17
5032,571,2023-01-20,50.07
5033,2905,2023-05-17,66.0
5034,1001,2023-12-25,54.49
5035,1206,2023-01-29,57.89
5036,2506,2023-01-31,45.82
5037,918,2023-01-19,27.8
5038,1875,2023-05-28,46.57
5039,833,2023-10-10,45.59
5040,2887,2023-12-16,43.37
5041,2241,2023-12-07,47.95
5042,1679,2023-10-27,46.35
5043,616,2023-06-12,207.77
5044,406,2023-04-23,49.93
5045,1750,2023-05-30,61.32
5046,2991,2023-11-26,54.27
5047,2769,2023-09-12,45.86
5048,93,2023-03-28,59.23
5049,2478,2023-12-16,39.72
5050,654,2023-04-08,49.58
5051,434,2023-05-12,42.77
5052,1136,2023-11-08,49.3
5053,375,2023-04-07,34.42
5054,1067,2023-04-08,44.08
5055,207,2023-10-17,52.2
5056,780,2023-12-22,55.93
5057,1320,2023-08-15,52.18
5058,1142,2023-05-25,55.98
5059,532,2023-06-05,101.98
5060,2214,2023-09-27,67.71
5061,2691,2023-06-11,48.7
5062,90,2023-04-22,21.24
5063,1118,2023-11-27,185.08
5064,13,2023-07-04,52.69
5065,1858,2023-07-24,52.78
5066,805,2023-04-07,49.88
5067,945,2023-02-24,34.18
5068,2790,2023-04-27,150.62
5069,1858,2023-04-03,41.42
5070,1611,2023-10-20,171.85
5071,2924,2023-07-23,58.27
5072,1960,2023-10-09,264.13
5073,2708,2023-07-08,58.22
5074,1053,2023-11-19,52.74
5075,296,2023-03-25,46.11
5076,926,2023-06-29,248.03
5077,640,2023-10-01,1667.04
5078,2388,2023-06-30,51.35
5079,628,2023-06-30,52.78
5080,2487,2023-10-10,52.56
5081,1168,2023-10-14,56.97
5082,942,2023-04-16,55.7
5083,830,2023-05-09,41.27
5084,1771,2023-09-19,24.57
5085,2567,2023-01-11,46.14
5086,976,2023-06-11,46.09
5087,955,2023-06-30,1964.7
5088,1263,2023-08-01,1553.21
5089,952,2023-10-01,207.86
5090,944,2023-01-21,44.89
5091,2203,2023-10-02,45.46
5092,1205,2023-09-17,68.16
5093,2136,2023-11-29,50.4
5094,1535,2023-04-26,44.69
5095,1097,2023-01-25,52.25
5096,2979,2023-11-29,57.33
5097,179,2023-09-11,32.65
5098,2260,2023-07-30,39.92
5099,1829,2023-11-01,49.04
5100,1258,2023-11-17,48.73
5101,465,2023-12-05,62.28
5102,1775,2023-09-14,39.49
5103,2679,2023-06-17,56.03
5104,2873,2023-12-03,60.17
5105,1231,2023-01-21,53.08
5106,2655,2023-03-27,50.14
5107,885,2023-01-15,38.63
5108,2414,2023-02-19,61.12
5109,2324,2023-10-31,44.61
5110,2428,2023-11-01,56.06
5111,1333,2023-07-15,69.48
5112,1655,2023-12-30,55.28
5113,945,2023-10-28,54.37
5114,2858,2023-10-15,45.36
5115,925,2023-09-02,194.3
5116,1939,2023-12-19,52.63
5117,494,2023-07-20,32.81
5118,1547,2023-07-12,35.43
5119,1970,2023-12-02,185.86
5120,1095,2023-05-26,40.57
5121,2412,2023-11-06,44.2
5122,2618,2023-05-07,40.77
5123,1826,2023-06-24,46.46
5124,763,2023-05-14,52.87
5125,2324,2023-03-07,68.29
5126,50,2023-12-31,30.01
5127,2776,2023-10-06,32.44
5128,906,2023-09-03,51.94
5129,2976,2023-12-29,61.0
5130,564,2023-08-25,49.85
5131,783,2023-06-20,46.73
5132,2533,2023-02-20,43.48
5133,2041,2023-11-24,54.92
5134,1832,2023-12-25,70.79
5135,584,2023-06-02,266.05
5136,1320,2023-03-21,44.9
5137,236,2023-05-25,37.56
5138,2104,2023-10-01,52.86
5139,1943,2023-06-04,61.71
5140,360,2023-12-03,50.55
5141,1931,2023-12-29,52.55
5142,110,2023-11-21,73.85
5143,192,2023-12-02,52.75
5144,904,2023-05-23,41.86
5145,1117,2023-10-25,42.48
5146,862,2023-02-03,60.81
5147,2616,2023-10-31,44.85
5148,1084,2023-08-27,40.69
5149,650,2023-05-18,58.99
5150,39,2023-09-11,57.37
5151,637,2023-01-05,163.92
5152,1037,2023-06-25,37.16
5153,36,2023-08-02,49.97
5154,2149,2023-12-30,41.41
5155,1362,2023-01-23,49.26
5156,1984,2023-11-14,59.96
5157,166,2023-01-13,61.83
5158,2431,2023-08-29,45.12
5159,1880,2023-10-03,45.44
5160,2838,2023-04-02,54.88
5161,31,2023-04-18,45.6
5162,11,2023-08-17,62.94
5163,2012,2023-06-01,1884.89
5164,2144,2023-04-18,45.21
5165,2501,2023-10-16,55.65
5166,2240,2023-06-25,56.21
5167,486,2023-11-16,57.88
5168,1290,2023-10-13,50.3
5169,1448,2023-12-30,42.93
5170,2286,2023-11-25,44.78
5171,1944,2023-12-31,51.27
5172,1964,2023-08-29,26.22
5173,1852,2023-05-25,61.19
5174,1470,2023-12-22,52.93
5175,1367,2023-01-14,212.6
5176,2783,2023-10-02,32.45
5177,991,2023-03-12,45.95
5178,825,2023-11-11,50.48
5179,1463,2023-07-14,55.71
5180,2154,2023-12-19,64.5
5181,2229,2023-10-27,45.85
5182,2232,2023-01-11,50.16
5183,226,2023-04-16,63.23
5184,777,2023-09-15,29.9
5185,2838,2023-07-15,46.83
5186,1113,2023-05-25,55.07
5187,688,2023-08-08,46.2
5188,530,2023-12-16,52.82
5189,972,2023-06-23,39.61
5190,936,2023-08-04,62.63
5191,1423,2023-04-03,43.35
5192,2154,2023-09-17,45.79
5193,1295,2023-03-04,43.96
5194,1999,2023-01-29,35.74
5195,2879,2023-10-02,56.96
5196,1527,2023-12-13,56.18
5197,679,2023-10-12,48.81
5198,2897,2023-03-11,47.11
5199,2441,2023-10-06,51.17
5200,40,2023-08-19,54.32
5201,2708,2023-10-29,44.96
5202,1106,2023-09-12,59.08
5203,845,2023-06-21,54.35
5204,1744,2023-06-29,57.79
5205,2249,2023-09-21,53.85
5206,447,2023-07-02,160.47
5207,1235,2023-11-18,1416.08
5208,2492,2023-07-24,59.42
5209,1351,2023-09-06,54.22
5210,2809,2023-08-01,64.15
5211,227,2023-06-08,50.27
5212,48,2023-04-10,63.06
5213,2960,2023-11-13,65.5
5214,1463,2023-04-22,39.31
5215,1831,2023-11-04,47.69
5216,187,2023-06-15,54.3
5217,2393,2023-02-05,43.04
5218,2272,2023-04-22,46.45
5219,2878,2023-03-28,50.14
5220,2536,2023-07-02,39.36
5221,1933,2023-03-26,47.73
5222,2925,2023-09-26,54.02
5223,849,2023-06-14,1072.45
5224,2033,2023-10-30,197.58
5225,1253,2023-03-31,200.4
5226,1414,2023-08-26,48.14
5227,979,2023-01-22,45.04
5228,1613,2023-06-16,62.33
5229,1017,2023-08-03,41.41
5230,2236,2023-02-27,216.08
5231,1882,2023-01-30,62.38
5232,270,2023-04-16,58.25
5233,1631,2023-11-26,60.25
5234,310,2023-06-16,55.39
5235,2044,2023-12-16,46.97
5236,1575,2023-06-03,28.23
5237,1096,2023-11-23,58.25
5238,2893,2023-01-07,47.24
5239,1696,2023-07-16,24.69
5240,2534,2023-11-17,172.93
5241,1446,2023-02-15,50.47
5242,2168,2023-01-18,31.74
5243,220,2023-06-02,36.91
5244,53,2023-09-21,137.65
5245,1758,2023-03-15,62.1
5246,1475,2023-05-25,54.33
5247,1667,2023-04-12,54.93
5248,1261,2023-12-01,59.01
5249,2806,2023-12-01,60.21
5250,2786,2023-05-01,37.13
5251,720,2023-06-25,57.21
5252,406,2023-03-04,39.81
5253,2656,2023-10-23,59.64
5254,2470,2023-03-25,40.42
5255,2760,2023-01-15,52.28
5256,2295,2023-12-21,190.65
5257,72,2023-05-14,29.77
5258,1854,2023-05-01,1321.18
5259,2233,2023-11-15,36.38
5260,2054,2023-05-08,47.91
5261,1230,2023-10-15,49.55
5262,1568,2023-10-28,34.43
5263,2954,2023-06-29,1576.71
5264,387,2023-03-23,47.89
5265,1792,2023-01-13,47.5
5266,699,2023-01-24,29.06
5267,1201,2023-06-17,39.59
5268,827,2023-09-27,221.62
5269,1823,2023-03-11,35.43
5270,349,2023-11-14,37.74
5271,1279,2023-03-30,42.76
5272,308,2023-07-08,212.27
5273,1151,2023-09-14,44.56
5274,1961,2023-08-05,56.18
5275,2335,2023-02-01,62.21
5276,766,2023-05-21,54.76
5277,725,2023-06-10,1742.37
5278,2810,2023-02-01,64.12
5279,1620,2023-11-08,253.06
5280,383,2023-06-01,230.54
5281,2436,2023-12-13,193.41
5282,525,2023-09-17,53.84
5283,2687,2023-08-04,60.97
5284,2986,2023-10-06,56.39
5285,276,2023-10-12,45.7
5286,2548,2023-04-08,53.36
5287,2765,2023-01-30,56.55
5288,337,2023-03-31,66.35
5289,1974,2023-05-28,60.76
5290,2980,2023-05-24,68.96
5291,481,2023-03-08,922.63
5292,911,2023-12-23,61.59
5293,1997,2023-02-27,51.0
5294,1352,2023-10-08,75.2
5295,2034,2023-10-06,59.82
5296,1755,2023-08-24,244.27
5297,109,2023-12-19,65.59
5298,328,2023-05-08,45.03
5299,1800,2023-12-03,43.73
5300,315,2023-07-28,44.53
5301,1135,2023-07-05,45.41
5302,2747,2023-06-18,46.82
5303,781,2023-06-21,46.9
5304,1521,2023-09-17,51.46
5305,156,2023-07-24,1257.52
5306,1497,2023-05-15,52.79
5307,1725,2023-02-15,60.05
5308,887,2023-01-09,61.82
5309,2806,2023-06-10,64.95
5310,722,2023-10-16,111.32
5311,913,2023-12-06,44.67
5312,871,2023-11-17,40.47
5313,13,2023-04-16,45.54
5314,2656,2023-10-17,155.52
5315,498,2023-12-07,58.64
5316,1757,2023-03-29,1446.21
5317,2286,2023-07-11,44.77
5318,1118,2023-06-02,51.17
5319,2829,2023-11-07,151.49
5320,1195,2023-05-17,44.15
5321,2005,2023-09-30,65.03
5322,2654,2023-05-29,58.7
5323,2709,2023-07-07,44.89
5324,1648,2023-05-21,1447.94
5325,1591,2023-05-11,50.17
5326,2897,2023-01-04,41.78
5327,2984,2023-09-20,56.18
5328,1491,2023-01-26,122.09
5329,2676,2023-01-24,41.59
5330,143,2023-09-23,39.8
5331,1225,2023-08-17,45.13
5332,2762,2023-09-26,54.99
5333,2527,2023-05-05,48.1
5334,565,2023-06-21,42.96
5335,2519,2023-08-22,220.46
5336,2432,2023-10-22,61.55
5337,1716,2023-10-02,180.47
5338,2974,2023-03-17,60.82
5339,417,2023-11-04,48.38
5340,1849,2023-08-02,62.86
5341,2356,2023-06-07,42.55
5342,2697,2023-10-29,45.54
5343,1718,2023-07-23,51.99
5344,1391,2023-05-29,51.15
5345,1068,2023-03-16,65.46
5346,2787,2023-08-17,63.97
5347,1867,2023-10-31,42.98
5348,1122,2023-03-03,36.71
5349,1289,2023-02-27,60.27
5350,1807,2023-10-01,46.05
5351,2188,2023-04-18,62.2
5352,1505,2023-07-06,1555.02
5353,1017,2023-08-17,45.88
5354,953,2023-02-17,37.53
5355,2952,2023-11-15,48.07
5356,72,2023-09-25,143.01
5357,1691,2023-08-03,47.45
5358,1292,2023-10-17,44.14
5359,1345,2023-09-11,54.73
5360,2155,2023-12-24,1771.35
5361,883,2023-03-28,42.37
5362,139,2023-06-30,62.05
5363,2663,2023-01-25,57.36
5364,2911,2023-08-10,66.75
5365,2321,2023-02-18,45.4
5366,1505,2023-11-30,35.57
5367,2464,2023-06-24,52.97
5368,2554,2023-11-07,45.69
5369,733,2023-10-01,66.1
5370,1749,2023-02-04,59.17
5371,424,2023-08-05,75.87
5372,1592,2023-07-28,57.34
5373,390,2023-06-09,54.78
5374,342,2023-01-07,253.43
5375,946,2023-09-26,28.77
5376,614,2023-05-06,58.6
5377,493,2023-11-21,43.34
5378,192,2023-12-22,53.13
5379,499,2023-03-31,53.59
5380,822,2023-02-11,50.92
5381,1736,2023-12-31,50.35
5382,1257,2023-06-08,157.03
5383,1969,2023-07-21,51.01
5384,227,2023-10-09,52.52
5385,1395,2023-11-28,34.36
5386,2187,2023-10-15,201.12
5387,2904,2023-04-01,46.61
5388,817,2023-05-05,48.17
5389,1474,2023-05-06,44.25
5390,1087,2023-02-21,56.48
5391,104,2023-04-13,44.33
5392,1875,2023-12-27,38.51
5393,871,2023-07-06,50.01
5394,668,2023-07-24,65.21
5395,2043,2023-01-14,48.93
5396,273,2023-04-14,47.84
5397,1030,2023-04-27,156.78
5398,2232,2023-10-31,53.45
5399,1052,2023-04-03,151.85
5400,1574,2023-05-24,43.72
5401,293,2023-04-20,37.17
5402,2225,2023-06-12,29.78
5403,2106,2023-02-22,43.38
5404,1293,2023-01-03,54.12
5405,308,2023-03-09,50.41
5406,977,2023-09-03,35.83
5407,1252,2023-05-18,153.38
5408,1271,2023-11-04,47.56
5409,2748,2023-12-18,26.29
5410,1518,2023-10-14,1888.03
5411,2131,2023-03-07,43.43
5412,1210,2023-12-13,49.83
5413,2300,2023-11-21,190.36
5414,1379,2023-06-04,54.42
5415,1774,2023-03-28,48.27
5416,1720,2023-02-02,47.01
5417,2043,2023-03-09,1551.96
5418,796,2023-07-06,51.59
5419,897,2023-07-11,52.55
5420,1962,2023-08-01,53.29
5421,210,2023-03-29,46.01
5422,2864,2023-12-17,47.75
5423,2657,2023-04-18,42.03
5424,2495,2023-08-28,125.11
5425,2508,2023-08-04,59.9
5426,968,2023-06-26,72.78
5427,472,2023-02-22,1774.82
5428,2418,2023-11-26,45.92
5429,2948,2023-02-18,47.0
5430,923,2023-04-24,54.43
5431,137,2023-04-05,219.79
5432,367,2023-01-25,52.52
5433,2960,2023-05-12,248.67
5434,184,2023-06-28,42.6
5435,2520,2023-05-25,57.04
5436,1399,2023-12-30,64.71
5437,2702,2023-07-17,41.86
5438,2797,2023-11-21,31.45
5439,537,2023-03-25,45.73
5440,2850,2023-06-06,46.8
5441,1603,2023-03-26,63.44
5442,1274,2023-09-10,48.12
5443,2968,2023-03-13,61.78
5444,2558,2023-08-11,53.3
5445,2678,2023-10-03,27.82
5446,1097,2023-10-10,52.07
5447,1306,2023-09-21,50.41
5448,916,2023-09-03,57.47
5449,152,2023-12-07,43.08
5450,1029,2023-03-02,44.46
5451,1219,2023-09-16,26.84
5452,1978,2023-01-07,57.18
5453,2512,2023-07-07,65.58
5454,271,2023-01-04,34.29
5455,1187,2023-08-19,68.74
5456,460,2023-05-13,44.8
5457,105,2023-05-05,60.03
5458,1711,2023-01-15,52.46
5459,2210,2023-01-13,38.77
5460,2399,2023-04-28,61.88
5461,434,2023-08-28,40.87
5462,2900,2023-09-20,25.36
5463,140,2023-12-26,43.92
5464,1495,2023-01-06,1996.45
5465,87,2023-11-16,50.34
5466,1712,2023-08-19,35.53
5467,2231,2023-01-30,16.65
5468,2416,2023-01-22,66.06
5469,129,2023-06-05,58.05
5470,1270,2023-04-28,50.85
5471,1602,2023-12-06,39.81
5472,670,2023-07-12,205.06
5473,149,2023-12-12,40.71
5474,985,2023-07-14,1394.26
5475,852,2023-06-17,59.21
5476,1457,2023-08-27,43.31
5477,628,2023-12-28,48.64
5478,1493,2023-09-01,46.33
5479,2494,2023-03-10,48.31
5480,2045,2023-04-05,54.52
5481,884,2023-03-18,61.16
5482,2342,2023-06-20,66.83
5483,1789,2023-01-01,43.73
5484,250,2023-03-03,46.48
5485,2926,2023-07-26,74.81
5486,948,2023-06-03,173.12
5487,975,2023-10-01,52.36
5488,1326,2023-02-17,30.46
5489,2837,2023-05-17,870.11
5490,984,2023-01-01,31.24
5491,889,2023-08-23,57.32
5492,2938,2023-09-13,40.13
5493,2118,2023-04-17,45.41
5494,2673,2023-06-22,50.85
5495,875,2023-05-10,63.38
5496,1327,2023-10-21,208.15
5497,471,2023-02-09,47.1
5498,1988,2023-12-04,54.57
5499,91,2023-01-16,59.08
5500,530,2023-05-07,34.53
5501,661,2023-12-15,69.54
5502,739,2023-07-22,28.2
5503,2774,2023-05-14,43.65
5504,872,2023-09-16,42.05
5505,1687,2023-01-14,44.65
5506,192,2023-03-07,56.16
5507,1987,2023-12-17,43.06
5508,2186,2023-12-08,57.75
5509,345,2023-07-14,50.68
5510,1009,2023-04-24,776.53
5511,2551,2023-06-08,170.46
5512,203,2023-06-10,50.64
5513,573,2023-09-11,61.27
5514,192,2023-01-15,51.21
5515,2053,2023-02-06,53.62
5516,1914,2023-06-04,42.97
5517,1717,2023-01-27,248.67
5518,311,2023-01-12,66.35
5519,2597,2023-03-08,53.79
5520,2104,2023-01-30,25.98
5521,443,2023-04-06,1366.12
5522,1261,2023-08-03,50.1
5523,870,2023-07-13,42.66
5524,585,2023-05-15,209.16
5525,1595,2023-10-17,51.45
5526,2800,2023-02-01,48.28
5527,1538,2023-02-08,244.09
5528,360,2023-12-18,163.9
5529,1724,2023-07-25,45.55
5530,2867,2023-02-12,160.44
5531,2078,2023-12-03,49.06
5532,1803,2023-09-16,34.34
5533,2012,2023-09-06,54.9
5534,2156,2023-03-15,60.45
5535,844,2023-11-15,32.7
5536,1626,2023-10-23,44.67
5537,2765,2023-10-01,52.0
5538,891,2023-11-19,36.61
5539,1992,2023-12-25,55.27
5540,1983,2023-07-09,197.77
5541,960,2023-05-18,51.47
5542,1469,2023-10-29,60.06
5543,2941,2023-11-07,213.51
5544,1462,2023-11-27,67.55
5545,732,2023-12-19,57.27
5546,606,2023-10-09,290.86
5547,2505,2023-06-15,42.95
5548,615,2023-10-05,53.46
5549,2746,2023-01-26,201.4
5550,2005,2023-03-14,163.23
5551,1720,2023-04-25,65.1
5552,674,2023-02-20,49.23
5553,1271,2023-06-20,56.98
5554,2591,2023-09-25,46.53
5555,1588,2023-01-03,2004.58
5556,2905,2023-07-29,904.4
5557,1612,2023-12-04,42.22
5558,897,2023-10-28,43.84
5559,1463,2023-12-08,51.71
5560,278,2023-04-25,1881.07
5561,552,2023-06-16,1446.29
5562,1637,2023-09-22,50.8
5563,2159,2023-08-15,40.98
5564,2433,2023-05-31,65.79
5565,761,2023-09-25,1353.46
5566,2742,2023-04-26,22.16
5567,1450,2023-03-29,33.36
5568,405,2023-11-14,209.57
5569,1359,2023-08-30,52.4
5570,1233,2023-12-26,44.66
5571,22,2023-11-25,45.01
5572,678,2023-11-29,61.87
5573,2659,2023-02-09,48.34
5574,2029,2023-07-01,36.56
5575,1232,2023-07-28,55.44
5576,2056,2023-09-30,53.61
5577,2750,2023-04-29,69.25
5578,1809,2023-01-24,60.56
5579,529,2023-09-15,38.83
5580,2038,2023-04-02,44.41
5581,2650,2023-06-10,86.03
5582,1677,2023-05-29,54.13
5583,657,2023-04-27,39.94
5584,166,2023-02-22,34.27
5585,849,2023-10-29,46.49
5586,496,2023-02-14,57.1
5587,590,2023-09-22,38.18
5588,429,2023-09-19,57.94
5589,2822,2023-11-03,45.69
5590,163,2023-08-22,56.53
5591,2414,2023-02-04,71.64
5592,1263,2023-12-04,194.72
5593,72,2023-07-16,63.88
5594,655,2023-01-25,44.65
5595,269,2023-07-21,47.24
5596,1777,2023-09-30,47.43
5597,2463,2023-02-05,79.97
5598,1269,2023-08-11,48.65
5599,1016,2023-12-18,64.31
5600,2723,2023-10-04,52.01
5601,1084,2023-01-18,23.3
5602,6,2023-07-07,54.33
5603,982,2023-09-14,70.87
5604,2618,2023-05-22,32.29
5605,407,2023-05-16,53.56
5606,1954,2023-11-03,55.99
5607,2074,2023-03-20,38.47
5608,986,2023-10-19,39.28
5609,390,2023-03-03,49.62
5610,710,2023-05-09,46.52
5611,2619,2023-12-07,216.19
5612,1472,2023-10-25,45.66
5613,754,2023-09-14,1142.77
5614,2194,2023-07-31,53.8
5615,1412,2023-02-23,53.57
5616,2833,2023-06-24,48.26
5617,1273,2023-04-10,44.06
5618,526,2023-02-08,169.42
5619,1486,2023-09-20,39.07
5620,2061,2023-05-30,49.47
5621,2951,2023-05-01,50.18
5622,2432,2023-06-27,46.62
5623,556,2023-10-28,33.79
5624,2935,2023-11-26,58.25
5625,19,2023-04-30,41.78
5626,575,2023-03-13,50.11
5627,2799,2023-08-07,42.33
5628,1004,2023-10-29,30.67
5629,2467,2023-05-03,1343.77
5630,2467,2023-09-01,1413.16
5631,1939,2023-03-16,40.35
5632,1940,2023-01-06,75.61
5633,1636,2023-01-21,73.93
5634,1699,2023-07-09,52.38
5635,2170,2023-08-13,47.76
5636,432,2023-04-13,54.5
5637,2092,2023-12-10,54.66
5638,1896,2023-04-09,53.15
5639,1944,2023-11-14,46.25
5640,1341,2023-12-29,52.42
5641,2429,2023-03-24,43.62
5642,145,2023-06-30,125.98
5643,2411,2023-06-01,64.93
5644,1074,2023-02-25,53.76
5645,1089,2023-07-09,36.79
5646,2403,2023-01-22,70.96
5647,800,2023-03-09,274.52
5648,2874,2023-07-04,40.11
5649,1152,2023-01-10,1524.71
5650,2446,2023-03-07,42.9
5651,1957,2023-09-21,59.08
5652,2928,2023-08-13,162.34
5653,463,2023-05-03,260.39
5654,1775,2023-02-07,47.77
5655,2046,2023-05-03,66.62
5656,808,2023-11-14,37.81
5657,187,2023-06-05,57.81
5658,1744,2023-10-28,52.77
5659,732,2023-11-17,44.7
5660,1936,2023-03-08,59.91
5661,1214,2023-05-13,46.83
5662,1412,2023-12-28,191.61
5663,429,2023-05-20,59.9
5664,2906,2023-03-23,152.66
5665,1308,2023-02-27,78.91
5666,2285,2023-05-29,47.59
5667,1218,2023-05-11,1847.46
5668,1311,2023-03-10,58.45
5669,771,2023-12-11,55.12
5670,758,2023-09-07,46.28
5671,136,2023-11-16,40.49
5672,792,2023-06-26,46.07
5673,171,2023-03-13,44.88
5674,2207,2023-01-17,51.71
5675,2249,2023-11-25,42.62
5676,1581,2023-06-09,41.58
5677,962,2023-03-11,172.08
5678,2631,2023-04-23,193.6
5679,876,2023-08-20,54.77
5680,2419,2023-01-21,40.93
5681,103,2023-05-15,1497.29
5682,1002,2023-09-20,183.92
5683,1149,2023-04-21,60.17
5684,2846,2023-09-03,50.39
5685,1482,2023-10-10,42.04
5686,658,2023-01-08,34.26
5687,2930,2023-10-11,59.45
5688,1221,2023-07-26,64.17
5689,2781,2023-07-13,36.99
5690,423,2023-02-16,50.22
5691,2620,2023-12-08,53.6
5692,171,2023-08-30,270.46
5693,2221,2023-01-10,25.41
5694,2711,2023-10-16,191.12
5695,453,2023-05-11,1449.54
5696,2398,2023-09-27,1596.16
5697,1976,2023-10-29,64.75
5698,1658,2023-03-02,250.54
5699,2542,2023-06-13,58.52
5700,2668,2023-01-13,46.41
5701,2967,2023-09-29,48.19
5702,2054,2023-07-27,54.89
5703,288,2023-09-03,43.46
5704,1642,2023-05-13,47.6
5705,1448,2023-09-01,67.65
5706,1914,2023-10-21,40.78
5707,608,2023-02-07,45.4
5708,457,2023-12-25,32.13
5709,1765,2023-02-25,37.48
5710,1226,2023-11-15,56.7
5711,1236,2023-02-17,57.58
5712,1030,2023-04-15,59.57
5713,2672,2023-02-28,51.81
5714,2424,2023-03-18,53.16
5715,447,2023-08-06,43.32
5716,835,2023-02-24,51.86
5717,811,2023-02-24,58.29
5718,1425,2023-05-09,56.84
5719,1412,2023-03-26,47.39
5720,959,2023-08-02,46.96
5721,1476,2023-04-25,44.16
5722,2897,2023-11-10,47.38
5723,809,2023-10-20,27.82
5724,979,2023-02-18,47.29
5725,2464,2023-03-08,60.53
5726,726,2023-10-02,68.26
5727,2502,2023-05-09,206.75
5728,1217,2023-01-29,49.7
5729,2198,2023-12-09,47.4
5730,1904,2023-02-02,46.66
5731,2807,2023-04-29,172.95
5732,779,2023-06-29,50.63
5733,973,2023-05-31,253.46
5734,2811,2023-05-13,51.75
5735,1539,2023-11-23,61.6
5736,1417,2023-07-04,45.22
5737,2124,2023-05-14,50.72
5738,599,2023-06-26,240.11
5739,225,2023-01-22,50.15
5740,1554,2023-08-29,43.17
5741,2161,2023-03-18,51.73
5742,2299,2023-07-23,48.11
5743,841,2023-01-04,282.95
5744,1815,2023-11-24,57.58
5745,714,2023-06-14,36.03
5746,1107,2023-05-08,51.95
5747,125,2023-02-14,41.42
5748,1093,2023-08-06,56.96
5749,2932,2023-08-23,100.13
5750,1280,2023-05-16,31.07
5751,1751,2023-06-17,39.42
5752,30,2023-08-25,64.59
5753,2329,2023-04-03,63.35
5754,2972,2023-01-05,44.92
5755,2018,2023-06-05,31.11
5756,2416,2023-09-02,38.62
5757,495,2023-12-26,42.29
5758,1610,2023-03-22,234.92
5759,718,2023-09-04,41.49
5760,1017,2023-12-09,52.31
5761,1338,2023-05-17,57.47
5762,606,2023-03-04,52.83
5763,375,2023-11-03,59.21
5764,2687,2023-04-26,57.19
5765,1961,2023-04-23,37.05
5766,1049,2023-01-31,47.88
5767,1358,2023-01-07,48.69
5768,116,2023-01-03,54.54
5769,2096,2023-11-03,46.91
5770,1802,2023-08-31,45.13
5771,2147,2023-02-25,1529.33
5772,1483,2023-03-14,66.59
5773,1547,2023-01-10,68.91
5774,1621,2023-03-02,42.8
5775,2453,2023-02-19,43.54
5776,685,2023-05-02,50.85
5777,2951,2023-06-24,52.68
5778,2551,2023-01-01,61.38
5779,1472,2023-02-07,60.86
5780,2942,2023-07-09,63.13
5781,1600,2023-03-20,26.91
5782,2306,2023-12-11,46.55
5783,2892,2023-12-04,45.47
5784,2169,2023-07-09,62.79
5785,810,2023-07-03,36.65
5786,978,2023-03-08,64.4
5787,2102,2023-01-17,40.51
5788,1355,2023-11-12,46.78
5789,784,2023-10-23,52.31
5790,241,2023-07-28,63.82
5791,1779,2023-12-11,238.81
5792,1554,2023-02-10,57.46
5793,483,2023-04-25,54.12
5794,1013,2023-04-10,58.6
5795,187,2023-12-11,231.37
5796,1882,2023-12-15,53.84
5797,2704,2023-05-19,45.49
5798,2310,2023-11-12,34.85
5799,953,2023-11-20,59.48
5800,1388,2023-11-30,1229.07
5801,491,2023-10-29,1459.71
5802,431,2023-10-21,58.58
5803,239,2023-01-17,1461.17
5804,2352,2023-11-18,47.31
5805,2346,2023-10-19,45.69
5806,76,2023-03-15,63.7
5807,1357,2023-09-20,42.97
5808,1924,2023-01-16,191.6
5809,1782,2023-01-14,45.07
5810,2690,2023-12-02,238.29
5811,827,2023-10-08,69.74
5812,2331,2023-12-27,175.84
5813,591,2023-01-04,212.78
5814,2120,2023-05-07,69.93
5815,2751,2023-11-08,66.18
5816,1903,2023-01-06,38.93
5817,1911,2023-05-09,43.5
5818,575,2023-08-20,53.28
5819,892,2023-11-09,60.09
5820,2060,2023-07-14,265.25
5821,141,2023-03-06,196.31
5822,1790,2023-11-17,63.63
5823,17,2023-04-13,46.94
5824,1087,2023-10-04,40.95
5825,253,2023-06-07,64.2
5826,465,2023-08-12,50.99
5827,376,2023-10-16,50.18
5828,1828,2023-10-05,43.17
5829,520,2023-07-01,231.19
5830,1861,2023-01-04,52.8
5831,90,2023-08-03,222.76
5832,720,2023-08-05,35.27
5833,2852,2023-07-28,53.27
5834,2844,2023-03-15,42.31
5835,630,2023-08-15,40.89
5836,1885,2023-04-03,46.38
5837,76,2023-03-06,45.21
5838,926,2023-11-17,43.83
5839,2448,2023-01-10,1670.16
5840,1806,2023-10-30,62.03
5841,970,2023-11-18,57.0
5842,1095,2023-11-01,165.85
5843,2029,2023-10-05,43.34
5844,1405,2023-03-27,46.7
5845,2845,2023-01-26,48.77
5846,195,2023-08-06,37.54
5847,228,2023-04-05,46.18
5848,1460,2023-09-01,53.65
5849,461,2023-04-17,53.45
5850,618,2023-09-05,1505.26
5851,64,2023-01-14,37.27
5852,2213,2023-06-10,48.3
5853,2075,2023-03-12,26.58
5854,285,2023-06-01,39.13
5855,1684,2023-03-16,48.7
5856,2329,2023-08-03,48.41
5857,838,2023-02-20,44.55
5858,831,2023-05-23,36.95
5859,1188,2023-02-05,54.6
5860,2966,2023-06-16,50.06
5861,224,2023-08-24,53.96
5862,784,2023-09-17,54.99
5863,950,2023-07-11,38.41
5864,45,2023-07-21,50.29
5865,1811,2023-09-19,42.4
5866,471,2023-07-04,38.2
5867,2082,2023-06-07,1719.96
5868,2701,2023-09-03,42.49
5869,830,2023-04-20,58.85
5870,1910,2023-04-09,62.36
5871,2269,2023-08-29,48.25
5872,1892,2023-07-21,50.43
5873,2582,2023-05-02,47.64
5874,692,2023-04-27,69.47
5875,1391,2023-04-06,33.0
5876,932,2023-08-22,53.96
5877,841,2023-03-08,57.87
5878,1939,2023-08-06,201.45
5879,1574,2023-01-15,40.0
5880,2630,2023-09-30,56.49
5881,2287,2023-08-07,54.0
5882,2489,2023-10-01,71.43
5883,148,2023-05-27,49.69
5884,1033,2023-11-28,41.6
5885,1312,2023-12-10,48.91
5886,388,2023-06-01,59.15
5887,1874,2023-12-13,45.56
5888,916,2023-10-31,50.67
5889,1879,2023-01-15,64.06
5890,2686,2023-12-20,46.69
5891,278,2023-03-25,40.63
5892,1978,2023-07-11,45.41
5893,1860,2023-02-10,34.41
5894,1826,2023-12-18,65.3
5895,2637,2023-11-20,55.35
5896,1834,2023-09-18,43.52
5897,2697,2023-11-05,66.96
5898,618,2023-05-16,42.64
5899,1631,2023-10-05,63.77
5900,2183,2023-04-16,1436.47
5901,580,2023-01-07,58.66
5902,1171,2023-10-29,56.74
5903,490,2023-01-30,63.01
5904,2526,2023-05-06,55.65
5905,1183,2023-12-23,70.85
5906,384,2023-03-20,47.82
5907,163,2023-03-08,45.89
5908,2489,2023-01-23,56.65
5909,1877,2023-07-08,531.91
5910,1213,2023-03-15,45.01
5911,2463,2023-01-05,62.86
5912,1363,2023-03-23,1368.88
5913,1631,2023-01-25,60.54
5914,1205,2023-09-21,46.0
5915,288,2023-01-02,48.0
5916,1858,2023-10-05,60.2
5917,187,2023-11-24,152.19
5918,1908,2023-12-09,38.28
5919,1162,2023-08-12,33.91
5920,130,2023-03-13,2057.4
5921,2242,2023-03-09,40.23
5922,2364,2023-11-16,44.15
5923,1888,2023-04-04,62.09
5924,144,2023-01-19,218.09
5925,16,2023-05-08,44.84
5926,2471,2023-12-09,58.75
5927,245,2023-03-23,65.08
5928,927,2023-09-11,52.28
5929,2177,2023-08-09,65.11
5930,907,2023-12-09,53.64
5931,887,2023-04-07,43.38
5932,341,2023-02-21,40.26
5933,2052,2023-06-24,60.07
5934,1434,2023-12-04,46.75
5935,306,2023-07-01,53.18
5936,908,2023-12-19,1875.44
5937,2655,2023-04-25,63.54
5938,1372,2023-12-14,46.09
5939,321,2023-01-01,52.44
5940,559,2023-03-04,46.37
5941,1205,2023-09-05,52.65
5942,2666,2023-08-19,40.4
5943,2759,2023-08-14,45.68
5944,1410,2023-01-19,49.94
5945,1642,2023-01-31,52.16
5946,1132,2023-11-29,55.0
5947,2579,2023-05-01,64.4
5948,2458,2023-01-24,741.05
5949,818,2023-11-21,55.07
5950,1195,2023-07-30,46.4
5951,2541,2023-06-10,54.45
5952,12,2023-09-12,63.54
5953,195,2023-02-28,64.86
5954,2538,2023-04-24,40.09
5955,2843,2023-06-09,48.38
5956,2929,2023-08-08,70.52
5957,2230,2023-12-23,59.92
5958,656,2023-06-18,35.99
5959,1922,2023-01-12,149.52
5960,2742,2023-08-30,47.82
5961,2078,2023-05-19,58.55
5962,1620,2023-04-07,43.63
5963,1120,2023-05-27,40.04
5964,778,2023-07-01,47.75
5965,444,2023-02-26,43.41
5966,298,2023-02-11,61.91
5967,808,2023-12-20,229.27
5968,1761,2023-07-18,64.59
5969,845,2023-01-31,46.45
5970,1016,2023-06-29,33.82
5971,1385,2023-01-02,38.37
5972,1398,2023-10-15,27.7
5973,554,2023-05-18,43.35
5974,2351,2023-04-15,47.19
5975,421,2023-08-06,40.03
5976,1270,2023-08-10,45.88
5977,1261,2023-11-27,27.83
5978,185,2023-04-15,49.25
5979,468,2023-05-07,186.79
5980,2802,2023-09-22,52.58
5981,2411,2023-07-19,41.22
5982,1307,2023-09-09,47.72
5983,1577,2023-01-15,39.13
5984,336,2023-08-14,57.92
5985,2210,2023-12-19,38.78
5986,1498,2023-04-15,45.86
5987,2060,2023-08-21,59.5
5988,1448,2023-11-15,238.51
5989,588,2023-08-07,47.93
5990,1882,2023-10-04,62.35
5991,201,2023-09-18,56.65
5992,522,2023-12-07,29.56
5993,1888,2023-12-02,1463.61
5994,2553,2023-07-09,51.56
5995,1712,2023-07-17,58.84
5996,788,2023-12-19,43.54
5997,60,2023-10-04,50.22
5998,578,2023-12-02,50.66
5999,321,2023-02-08,45.84
6000,1459,2023-06-11,53.76
6001,2038,2023-05-01,56.1
6002,923,2023-09-19,42.74
6003,1410,2023-08-04,1291.38
6004,1695,2023-11-08,68.93
6005,569,2023-02-18,49.26
6006,1102,2023-04-02,65.55
6007,527,2023-05-09,32.32
6008,2572,2023-11-17,41.72
6009,2661,2023-01-28,50.18
6010,2173,2023-12-22,65.9
6011,871,2023-05-28,224.88
6012,280,2023-11-24,45.25
6013,2965,2023-03-06,61.4
6014,2670,2023-08-06,61.17
6015,2894,2023-02-20,53.34
6016,1893,2023-11-01,189.24
6017,1752,2023-03-15,1694.61
6018,674,2023-07-18,48.18
6019,1152,2023-07-11,38.02
6020,2362,2023-07-08,51.39
6021,332,2023-01-12,48.39
6022,1174,2023-08-27,37.14
6023,2040,2023-12-26,46.85
6024,1478,2023-03-22,52.59
6025,36,2023-09-27,239.2
6026,1709,2023-10-17,237.11
6027,1444,2023-02-17,66.89
6028,2254,2023-11-13,47.34
6029,2687,2023-07-28,226.48
6030,2896,2023-02-04,54.65
6031,1380,2023-04-29,61.91
6032,440,2023-03-06,36.82
6033,2777,2023-11-11,44.65
6034,1120,2023-08-30,59.42
6035,2989,2023-02-05,45.75
6036,164,2023-09-09,38.01
6037,148,2023-08-31,57.66
6038,2342,2023-02-11,64.49
6039,195,2023-03-10,49.54
6040,663,2023-04-17,34.06
6041,480,2023-02-08,69.71
6042,123,2023-03-10,60.59
6043,1424,2023-06-29,36.35
6044,2747,2023-01-12,57.16
6045,965,2023-12-05,37.24
6046,2709,2023-07-23,272.59
6047,1779,2023-02-05,150.03
6048,1486,2023-05-06,58.93
6049,2015,2023-03-04,274.05
6050,710,2023-11-28,53.9
6051,2444,2023-03-23,41.87
6052,912,2023-11-03,41.75
6053,1361,2023-10-26,38.6
6054,2365,2023-02-03,46.76
6055,1735,2023-08-28,50.42
6056,1824,2023-04-07,64.88
6057,1580,2023-02-18,53.67
6058,681,2023-05-26,62.58
6059,1334,2023-05-05,73.55
6060,2543,2023-07-08,53.64
6061,556,2023-02-26,1904.42
6062,610,2023-12-15,58.15
6063,2157,2023-04-19,57.07
6064,372,2023-01-05,36.93
6065,2903,2023-01-24,33.45
6066,616,2023-08-09,59.54
6067,2816,2023-11-11,51.86
6068,1915,2023-10-21,65.61
6069,2254,2023-01-10,48.17
6070,847,2023-06-14,167.1
6071,43,2023-08-03,41.9
6072,865,2023-05-06,47.38
6073,1269,2023-09-24,41.33
6074,1379,2023-10-07,65.41
6075,785,2023-03-29,53.53
6076,476,2023-04-24,232.4
6077,83,2023-01-21,51.69
6078,1134,2023-05-28,64.62
6079,2238,2023-09-02,63.25
6080,800,2023-09-23,40.97
6081,936,2023-08-05,45.59
6082,2299,2023-08-28,61.92
6083,2339,2023-08-20,38.24
6084,1669,2023-08-20,61.52
6085,326,2023-08-30,303.76
6086,1535,2023-07-09,43.65
6087,1986,2023-08-17,31.9
6088,1965,2023-03-07,26.47
6089,837,2023-10-06,1277.17
6090,508,2023-09-26,248.82
6091,2779,2023-07-28,55.3
6092,2120,2023-01-16,64.74
6093,1271,2023-10-24,56.42
6094,641,2023-08-08,36.72
6095,2988,2023-09-14,54.34
6096,1879,2023-09-25,44.09
6097,608,2023-08-17,39.89
6098,1959,2023-04-29,55.96
6099,566,2023-06-27,49.83
6100,1368,2023-01-20,62.78
6101,2102,2023-02-05,51.78
6102,1754,2023-12-01,39.26
6103,2576,2023-04-18,66.02
6104,2659,2023-07-08,45.11
6105,1582,2023-06-27,67.2
6106,1987,2023-04-06,54.7
6107,2241,2023-11-11,50.75
6108,2106,2023-01-20,55.93
6109,129,2023-06-13,60.09
6110,1873,2023-04-07,180.16
6111,706,2023-05-23,60.35
6112,852,2023-03-03,40.82
6113,8,2023-08-30,62.88
6114,2077,2023-08-26,51.32
6115,1136,2023-05-11,1596.4
6116,2995,2023-04-03,55.05
6117,2179,2023-04-01,226.75
6118,2236,2023-05-13,47.05
6119,1699,2023-05-03,68.74
6120,2757,2023-12-08,51.7
6121,1499,2023-04-28,64.77
6122,2260,2023-07-17,50.26
6123,1645,2023-10-09,47.04
6124,276,2023-01-01,207.17
6125,1703,2023-07-30,53.97
6126,1796,2023-09-20,70.71
6127,243,2023-11-28,57.97
6128,2733,2023-07-31,56.33
6129,171,2023-03-28,49.42
6130,653,2023-06-02,220.37
6131,1933,2023-12-16,47.86
6132,2236,2023-07-06,42.26
6133,1110,2023-03-02,59.74
6134,1500,2023-10-12,35.26
6135,2100,2023-04-05,47.13
6136,2159,2023-10-01,32.45
6137,1973,2023-02-10,46.83
6138,2925,2023-05-27,40.31
6139,1067,2023-09-03,1197.49
6140,2259,2023-05-12,65.36
6141,2036,2023-10-24,53.75
6142,858,2023-05-03,50.93
6143,2675,2023-05-23,38.2
6144,1050,2023-07-01,49.74
6145,299,2023-07-11,51.29
6146,924,2023-07-26,61.26
6147,137,2023-08-19,27.8
6148,1044,2023-01-22,35.21
6149,2488,2023-03-21,29.8
6150,211,2023-05-10,40.51
6151,2800,2023-10-19,54.87
6152,1575,2023-10-03,129.2
6153,2483,2023-11-19,51.28
6154,780,2023-02-24,58.95
6155,1231,2023-03-07,52.94
6156,2487,2023-08-15,49.16
6157,1803,2023-01-26,129.38
6158,2714,2023-09-10,26.79
6159,1066,2023-07-16,960.42
6160,411,2023-05-10,42.27
6161,2854,2023-08-31,51.97
6162,2658,2023-11-08,55.66
6163,427,2023-07-31,63.66
6164,1472,2023-07-09,41.55
6165,2950,2023-10-17,69.39
6166,942,2023-08-14,47.32
6167,1908,2023-09-03,36.19
6168,742,2023-02-25,151.1
6169,1393,2023-02-24,51.25
6170,1244,2023-10-03,59.87
6171,1601,2023-11-02,45.95
6172,1256,2023-12-06,45.02
6173,328,2023-06-02,52.96
6174,1467,2023-02-22,55.97
6175,2100,2023-04-21,46.96
6176,1967,2023-07-23,54.86
6177,376,2023-04-22,56.33
6178,263,2023-11-21,51.9
6179,267,2023-09-15,45.28
6180,2407,2023-01-16,53.92
6181,1945,2023-12-16,52.75
6182,1894,2023-06-15,40.94
6183,1902,2023-10-28,35.94
6184,2700,2023-10-07,165.62
6185,1653,2023-06-07,55.78
6186,1445,2023-09-06,59.83
6187,46,2023-06-30,47.76
6188,600,2023-07-10,35.87
6189,720,2023-05-19,55.44
6190,1913,2023-03-19,55.13
6191,1293,2023-12-02,51.7
6192,601,2023-02-19,62.47
6193,381,2023-03-26,59.39
6194,118,2023-07-02,51.6
6195,2164,2023-07-02,1974.19
6196,260,2023-01-04,66.42
6197,1099,2023-11-13,54.89
6198,1504,2023-04-21,53.43
6199,2353,2023-11-30,45.01
6200,2055,2023-12-05,27.72
6201,366,2023-09-08,64.38
6202,1658,2023-05-13,54.63
6203,2571,2023-04-10,47.52
6204,1462,2023-06-21,57.94
6205,2025,2023-10-14,70.45
6206,2477,2023-04-29,46.22
6207,791,2023-12-16,46.74
6208,747,2023-06-24,52.08
6209,2415,2023-01-30,46.29
6210,313,2023-02-24,46.74
6211,538,2023-12-27,46.11
6212,921,2023-07-15,46.77
6213,1078,2023-02-10,51.41
6214,1491,2023-06-22,40.53
6215,2913,2023-11-26,58.1
6216,2830,2023-08-07,67.22
6217,2382,2023-07-27,1201.2
6218,798,2023-06-07,55.6
6219,348,2023-11-29,55.97
6220,273,2023-08-16,181.84
6221,720,2023-03-26,31.51
6222,1774,2023-06-22,55.57
6223,2548,2023-09-02,50.94
6224,685,2023-12-26,49.39
6225,2127,2023-06-22,47.93
6226,622,2023-12-01,64.65
6227,2040,2023-07-31,67.02
6228,947,2023-03-25,46.84
6229,2406,2023-06-22,258.04
6230,2666,2023-07-02,39.01
6231,507,2023-05-13,43.38
6232,1583,2023-10-15,37.56
6233,2624,2023-09-19,44.69
6234,244,2023-12-16,51.7
6235,506,2023-10-09,70.97
6236,422,2023-10-20,38.58
6237,2265,2023-09-26,38.19
6238,1873,2023-12-15,53.03
6239,1193,2023-07-16,49.84
6240,330,2023-01-25,43.85
6241,650,2023-05-21,64.17
6242,1465,2023-08-11,43.46
6243,391,2023-01-20,174.13
6244,1520,2023-09-04,58.74
6245,381,2023-11-24,39.34
6246,742,2023-07-20,50.29
6247,2011,2023-04-25,34.32
6248,820,2023-07-08,58.61
6249,673,2023-01-26,56.01
6250,2561,2023-02-23,44.95
6251,1772,2023-06-19,57.94
6252,2997,2023-01-11,47.5
6253,1212,2023-01-27,48.68
6254,930,2023-12-16,45.66
6255,1540,2023-03-24,40.67
6256,913,2023-10-17,35.75
6257,644,2023-02-07,52.16
6258,427,2023-03-28,53.5
6259,502,2023-11-17,49.97
6260,730,2023-06-05,59.9
6261,1284,2023-11-04,53.73
6262,2119,2023-10-13,65.03
6263,2526,2023-07-05,43.28
6264,457,2023-07-01,43.56
6265,2237,2023-05-23,40.8
6266,291,2023-07-25,45.62
6267,920,2023-05-22,42.57
6268,2340,2023-07-04,36.42
6269,1970,2023-08-29,50.17
6270,756,2023-01-08,46.75
6271,1659,2023-03-13,50.18
6272,1835,2023-10-15,48.54
6273,1307,2023-04-05,58.17
6274,1568,2023-06-06,54.81
6275,1870,2023-02-10,55.25
6276,377,2023-11-27,41.14
6277,1180,2023-10-28,56.36
6278,508,2023-09-26,62.08
6279,1437,2023-06-04,62.54
6280,2576,2023-10-02,29.29
6281,559,2023-06-03,62.79
6282,2308,2023-02-22,50.86
6283,421,2023-06-28,50.21
6284,1553,2023-08-28,169.57
6285,304,2023-05-17,59.94
6286,942,2023-09-12,51.34
6287,2590,2023-08-12,69.79
6288,1302,2023-06-29,42.87
6289,1090,2023-07-01,47.18
6290,2156,2023-09-16,38.65
6291,2316,2023-08-31,47.79
6292,2270,2023-04-06,62.46
6293,1828,2023-07-16,37.59
6294,1554,2023-01-14,179.47
6295,693,2023-04-30,45.32
6296,255,2023-09-26,52.35
6297,1479,2023-06-20,37.05
6298,2301,2023-03-13,37.62
6299,257,2023-06-28,56.25
6300,2431,2023-06-19,64.43
6301,442,2023-06-08,41.34
6302,1882,2023-06-03,50.54
6303,2647,2023-03-23,63.59
6304,1114,2023-02-26,66.77
6305,2438,2023-01-07,43.67
6306,582,2023-04-22,28.56
6307,1736,2023-02-17,61.39
6308,2646,2023-03-21,46.88
6309,19,2023-11-12,56.94
6310,1125,2023-02-02,191.98
6311,2655,2023-04-25,55.04
6312,1381,2023-01-03,42.65
6313,1566,2023-01-04,37.3
6314,2081,2023-12-22,56.76
6315,1994,2023-09-17,43.67
6316,1548,2023-02-11,43.79
6317,862,2023-01-09,189.5
6318,155,2023-11-03,56.15
6319,905,2023-05-25,42.18
6320,1270,2023-04-07,54.9
6321,405,2023-10-03,57.43
6322,844,2023-05-22,199.41
6323,1783,2023-10-05,55.88
6324,1565,2023-01-27,39.69
6325,1185,2023-02-12,48.49
6326,747,2023-05-11,50.99
6327,1726,2023-08-04,48.25
6328,271,2023-04-04,60.91
6329,770,2023-01-08,48.45
6330,1716,2023-03-27,50.26
6331,1511,2023-12-11,39.93
6332,172,2023-05-18,167.5
6333,274,2023-09-03,46.29
6334,2307,2023-01-21,43.67
6335,1159,2023-09-22,48.81
6336,1707,2023-05-28,45.81
6337,1772,2023-07-03,47.51
6338,422,2023-08-15,33.02
6339,1445,2023-10-19,37.07
6340,1210,2023-02-05,39.08
6341,2412,2023-09-03,54.35
6342,2426,2023-03-14,57.8
6343,580,2023-05-30,1610.27
6344,891,2023-01-01,61.51
6345,722,2023-03-10,55.28
6346,881,2023-10-20,55.59
6347,1122,2023-08-18,40.5
6348,2653,2023-07-30,2082.13
6349,2008,2023-03-13,54.51
6350,2070,2023-12-29,50.72
6351,1474,2023-04-06,40.32
6352,383,2023-03-25,66.63
6353,2182,2023-08-16,35.85
6354,1450,2023-10-26,37.08
6355,2551,2023-08-24,53.1
6356,1591,2023-10-20,48.49
6357,1787,2023-08-10,72.32
6358,144,2023-08-11,46.48
6359,1887,2023-10-08,48.38
6360,1703,2023-08-09,270.53
6361,1436,2023-08-04,50.23
6362,224,2023-08-19,42.75
6363,220,2023-06-18,49.39
6364,179,2023-11-25,46.13
6365,1655,2023-02-11,212.96
6366,433,2023-09-15,66.16
6367,265,2023-07-15,64.57
6368,954,2023-04-06,36.65
6369,429,2023-11-13,53.35
6370,2464,2023-01-14,53.54
6371,2775,2023-04-23,50.76
6372,2245,2023-03-18,37.27
6373,1578,2023-10-04,146.91
6374,480,2023-11-16,63.51
6375,1354,2023-06-09,46.08
6376,890,2023-11-09,54.38
6377,925,2023-04-29,51.65
6378,2171,2023-06-10,59.13
6379,1903,2023-11-04,49.64
6380,1411,2023-12-17,44.1
6381,1363,2023-05-26,69.28
6382,778,2023-06-12,58.27
6383,2396,2023-06-28,34.52
6384,29,2023-03-30,53.59
6385,35,2023-08-11,59.51
6386,1420,2023-09-23,63.67
6387,2671,2023-08-27,57.54
6388,589,2023-11-04,52.8
6389,904,2023-02-03,53.9
6390,2568,2023-06-16,47.11
6391,2170,2023-05-05,68.39
6392,340,2023-08-12,46.52
6393,175,2023-05-30,51.85
6394,1924,2023-07-08,43.97
6395,1715,2023-02-12,50.66
6396,597,2023-01-29,53.54
6397,451,2023-12-28,50.15
6398,557,2023-04-30,34.6
6399,1160,2023-12-03,51.19
6400,1357,2023-01-31,38.67
6401,2057,2023-06-30,69.68
6402,2382,2023-06-11,45.23
6403,1017,2023-05-08,57.85
6404,2375,2023-09-12,146.78
6405,2063,2023-10-21,264.92
6406,839,2023-12-23,46.85
6407,1638,2023-09-11,47.69
6408,226,2023-05-10,50.5
6409,1814,2023-01-12,1273.95
6410,2161,2023-02-04,27.73
6411,2021,2023-07-17,39.57
6412,1452,2023-09-05,57.07
6413,2049,2023-04-20,50.71
6414,2314,2023-11-24,47.3
6415,1515,2023-09-02,1755.55
6416,1232,2023-09-07,60.12
6417,1646,2023-11-13,47.81
6418,1736,2023-06-12,52.44
6419,3000,2023-02-17,65.77
6420,306,2023-03-12,50.59
6421,2060,2023-05-14,52.1
6422,1724,2023-08-27,55.03
6423,1690,2023-03-09,48.33
6424,1518,2023-10-05,43.98
6425,1392,2023-02-01,48.68
6426,2985,2023-05-03,43.7
6427,420,2023-01-22,37.42
6428,2937,2023-06-04,28.39
6429,2219,2023-04-20,52.25
6430,134,2023-09-28,1694.6
6431,2031,2023-10-27,71.0
6432,1451,2023-04-25,62.22
6433,1554,2023-08-08,57.73
6434,1165,2023-08-18,42.17
6435,1870,2023-09-09,53.77
6436,1820,2023-09-06,40.51
6437,2706,2023-01-09,39.83
6438,1343,2023-02-03,58.81
6439,1465,2023-08-16,54.6
6440,2227,2023-03-14,809.63
6441,1080,2023-10-28,50.77
6442,1179,2023-07-31,62.3
6443,1696,2023-03-13,183.21
6444,111,2023-02-27,60.09
6445,2185,2023-08-08,48.49
6446,2280,2023-10-02,67.58
6447,468,2023-09-06,43.84
6448,2780,2023-01-16,37.25
6449,2529,2023-03-16,272.33
6450,814,2023-04-16,64.22
6451,1273,2023-05-16,212.07
6452,994,2023-03-15,62.71
6453,2032,2023-09-11,52.45
6454,323,2023-01-18,41.21
6455,2970,2023-02-12,47.73
6456,904,2023-02-19,41.17
6457,1542,2023-01-03,63.28
6458,2000,2023-08-20,47.4
6459,1816,2023-08-07,172.09
6460,2654,2023-02-28,1233.87
6461,2477,2023-10-11,60.17
6462,148,2023-10-29,55.47
6463,1142,2023-03-05,31.86
6464,850,2023-03-11,58.31
6465,367,2023-10-30,47.43
6466,2898,2023-05-22,74.75
6467,1090,2023-07-21,37.96
6468,2039,2023-07-26,49.97
6469,2861,2023-08-09,40.4
6470,175,2023-12-28,59.24
6471,1855,2023-09-03,51.26
6472,588,2023-03-22,62.87
6473,495,2023-09-08,51.65
6474,1138,2023-02-20,41.87
6475,1785,2023-10-12,60.5
6476,1171,2023-12-12,56.78
6477,35,2023-07-23,33.48
6478,999,2023-01-25,51.79
6479,1333,2023-02-10,39.54
6480,2586,2023-03-10,57.6
6481,2798,2023-01-04,50.06
6482,1038,2023-08-28,51.41
6483,374,2023-12-27,26.86
6484,2605,2023-01-31,50.82
6485,1452,2023-04-27,38.6
6486,1752,2023-07-14,47.13
6487,2281,2023-03-31,27.61
6488,705,2023-06-27,47.56
6489,563,2023-05-25,65.45
6490,2987,2023-07-21,34.39
6491,2935,2023-11-18,48.25
6492,2774,2023-12-10,58.57
6493,1874,2023-07-22,46.6
6494,2124,2023-01-24,1491.65
6495,439,2023-12-21,33.9
6496,1884,2023-04-15,48.84
6497,1980,2023-10-02,38.41
6498,699,2023-11-18,66.78
6499,1313,2023-03-01,41.18
6500,2963,2023-01-15,130.73
6501,1564,2023-03-26,40.22
6502,2939,2023-07-16,1523.47
6503,692,2023-08-23,51.44
6504,2301,2023-12-10,56.71
6505,1201,2023-09-20,66.34
6506,2458,2023-01-06,61.96
6507,1635,2023-10-16,43.01
6508,1634,2023-02-27,55.42
6509,127,2023-05-25,46.74
6510,1507,2023-02-11,74.57
6511,1192,2023-12-16,43.21
6512,2640,2023-07-19,225.05
6513,294,2023-06-23,43.14
6514,1367,2023-12-01,44.21
6515,1020,2023-04-05,53.69
6516,2358,2023-08-05,45.1
6517,2710,2023-04-21,33.13
6518,2576,2023-12-19,45.09
6519,2588,2023-06-29,40.04
6520,419,2023-06-12,45.94
6521,444,2023-04-29,57.44
6522,685,2023-11-21,46.59
6523,2888,2023-08-16,61.62
6524,2284,2023-05-25,70.73
6525,1463,2023-11-04,37.07
6526,2262,2023-05-22,44.4
6527,85,2023-05-02,51.43
6528,2842,2023-10-12,222.19
6529,1768,2023-08-14,54.41
6530,85,2023-12-26,34.11
6531,1945,2023-09-14,48.43
6532,2113,2023-10-12,54.51
6533,1670,2023-06-14,54.6
6534,663,2023-08-09,48.01
6535,627,2023-03-10,59.18
6536,64,2023-11-05,51.63
6537,2987,2023-08-12,67.43
6538,919,2023-05-04,51.6
6539,1376,2023-12-10,40.04
6540,1182,2023-12-05,35.16
6541,1613,2023-01-12,214.51
6542,491,2023-02-21,47.97
6543,1879,2023-05-09,53.46
6544,1941,2023-05-15,49.71
6545,313,2023-05-25,74.25
6546,2663,2023-05-07,39.86
6547,919,2023-08-14,48.17
6548,1883,2023-03-12,31.44
6549,813,2023-09-30,63.54
6550,2988,2023-07-06,51.87
6551,1490,2023-01-03,38.4
6552,1327,2023-10-12,57.07
6553,680,2023-01-22,62.28
6554,435,2023-06-15,37.11
6555,682,2023-11-06,1074.19
6556,1159,2023-12-29,55.89
6557,1074,2023-09-03,63.4
6558,1456,2023-08-22,47.91
6559,2388,2023-11-21,50.6
6560,2395,2023-06-07,45.61
6561,2694,2023-05-31,56.99
6562,1371,2023-08-01,267.04
6563,649,2023-08-06,47.49
6564,245,2023-09-03,210.14
6565,2157,2023-10-30,43.94
6566,2581,2023-10-03,113.7
6567,296,2023-05-31,42.91
6568,2160,2023-07-15,49.61
6569,1613,2023-01-21,881.6
6570,2391,2023-09-14,55.58
6571,2149,2023-01-17,38.53
6572,2677,2023-02-20,59.6
6573,1628,2023-09-27,55.74
6574,28,2023-11-11,44.58
6575,2985,2023-03-24,1293.69
6576,1986,2023-11-02,55.0
6577,1561,2023-05-04,46.77
6578,58,2023-10-17,267.13
6579,1522,2023-09-19,34.05
6580,297,2023-12-31,37.26
6581,2182,2023-02-18,48.79
6582,2297,2023-01-06,46.79
6583,2598,2023-04-27,60.03
6584,902,2023-04-28,64.43
6585,1965,2023-09-20,27.75
6586,1099,2023-12-19,53.33
6587,1678,2023-05-09,74.45
6588,2882,2023-06-20,60.17
6589,1192,2023-01-27,41.87
6590,771,2023-07-18,56.27
6591,1527,2023-11-10,61.26
6592,1379,2023-12-11,55.55
6593,1249,2023-04-07,133.04
6594,1555,2023-01-17,133.9
6595,146,2023-06-22,45.15
6596,1984,2023-04-11,44.49
6597,1265,2023-07-05,73.46
6598,1908,2023-07-03,44.31
6599,2941,2023-08-03,56.01
6600,2392,2023-09-08,48.88
6601,1773,2023-08-04,53.11
6602,1059,2023-01-29,60.58
6603,2750,2023-04-12,58.65
6604,2049,2023-05-03,220.76
6605,2020,2023-02-23,206.5
6606,153,2023-10-10,37.96
6607,2477,2023-04-12,220.76
6608,508,2023-04-27,73.45
6609,491,2023-04-14,46.71
6610,345,2023-02-14,1601.44
6611,1936,2023-04-24,37.33
6612,1762,2023-12-09,53.25
6613,221,2023-01-31,45.01
6614,1939,2023-06-13,45.12
6615,1943,2023-07-08,47.26
6616,723,2023-10-20,76.98
6617,528,2023-07-14,54.59
6618,1523,2023-10-19,63.88
6619,2889,2023-09-18,72.28
6620,1665,2023-07-26,42.93
6621,481,2023-02-21,70.6
6622,2978,2023-02-18,51.68
6623,1872,2023-01-06,52.4
6624,2920,2023-08-12,34.39
6625,1463,2023-01-23,49.97
6626,1426,2023-05-25,45.87
6627,345,2023-04-20,52.37
6628,45,2023-07-31,66.24
6629,2069,2023-10-27,61.09
6630,1658,2023-02-10,61.73
6631,1888,2023-06-21,63.43
6632,2921,2023-07-05,32.44
6633,2096,2023-08-02,69.17
6634,1515,2023-11-02,69.31
6635,2599,2023-02-21,62.43
6636,2335,2023-03-11,53.78
6637,1002,2023-07-15,32.38
6638,1034,2023-05-31,44.85
6639,2590,2023-04-19,245.52
6640,2041,2023-04-28,200.61
6641,2804,2023-12-31,1006.23
6642,274,2023-04-05,33.11
6643,956,2023-09-13,43.89
6644,2648,2023-02-13,25.85
6645,1780,2023-03-08,49.56
6646,381,2023-06-05,47.14
6647,1353,2023-11-19,46.73
6648,479,2023-07-25,39.62
6649,2063,2023-10-01,39.74
6650,516,2023-06-04,44.99
6651,191,2023-06-28,1479.21
6652,1192,2023-03-01,79.3
6653,2669,2023-03-15,40.09
6654,1161,2023-02-18,51.11
6655,2202,2023-09-28,69.69
6656,1412,2023-03-14,26.9
6657,272,2023-07-15,61.24
6658,143,2023-06-28,41.75
6659,1913,2023-02-17,44.13
6660,1093,2023-03-13,54.05
6661,2295,2023-04-23,1660.19
6662,788,2023-09-02,51.54
6663,2127,2023-11-05,190.35
6664,1682,2023-06-08,56.33
6665,623,2023-10-01,58.46
6666,2573,2023-09-25,70.5
6667,2820,2023-10-31,47.13
6668,938,2023-01-30,225.56
6669,1119,2023-04-07,60.85
6670,617,2023-09-08,212.46
6671,1032,2023-01-07,43.64
6672,67,2023-04-02,41.86
6673,191,2023-04-23,60.02
6674,2816,2023-09-16,888.39
6675,521,2023-04-17,40.33
6676,990,2023-03-04,62.18
6677,1141,2023-12-24,1528.96
6678,2315,2023-09-28,70.31
6679,1635,2023-07-18,45.42
6680,2533,2023-12-13,175.98
6681,1188,2023-12-03,52.11
6682,376,2023-05-26,57.44
6683,653,2023-03-02,59.19
6684,549,2023-04-30,57.88
6685,1098,2023-03-02,37.57
6686,73,2023-11-05,61.35
6687,2356,2023-01-26,51.62
6688,199,2023-04-25,57.13
6689,1782,2023-02-09,33.34
6690,572,2023-12-10,54.53
6691,791,2023-04-26,34.96
6692,1639,2023-05-16,57.98
6693,1832,2023-10-04,56.02
6694,1856,2023-10-26,34.31
6695,1511,2023-01-21,46.76
6696,1175,2023-01-31,30.99
6697,179,2023-09-04,45.32
6698,2245,2023-01-27,49.72
6699,735,2023-03-14,56.95
6700,2137,2023-04-07,56.73
6701,799,2023-06-10,63.04
6702,788,2023-12-12,229.05
6703,2796,2023-10-27,49.18
6704,209,2023-10-26,54.36
6705,493,2023-10-14,60.83
6706,2713,2023-07-31,1521.72
6707,1658,2023-03-17,193.28
6708,2919,2023-05-23,54.38
6709,732,2023-02-03,50.62
6710,1130,2023-12-02,50.34
6711,1606,2023-01-04,70.02
6712,2746,2023-11-24,66.83
6713,594,2023-04-08,43.24
6714,2934,2023-08-05,56.45
6715,2900,2023-01-28,41.03
6716,1216,2023-07-20,45.37
6717,325,2023-09-30,233.74
6718,979,2023-11-10,35.32
6719,1750,2023-05-07,61.48
6720,1851,2023-07-21,48.94
6721,1491,2023-01-09,62.8
6722,894,2023-10-14,46.68
6723,1391,2023-03-29,65.29
6724,144,2023-11-14,50.12
6725,384,2023-01-19,62.01
6726,2264,2023-03-22,48.23
6727,2372,2023-04-17,34.83
6728,217,2023-11-07,41.96
6729,1516,2023-08-18,53.66
6730,2999,2023-04-22,80.97
6731,2231,2023-08-08,63.87
6732,2318,2023-05-03,1812.74
6733,2993,2023-09-01,49.33
6734,1491,2023-06-27,38.53
6735,2918,2023-03-06,56.25
6736,1636,2023-01-03,40.63
6737,2515,2023-07-26,182.11
6738,2353,2023-01-21,44.53
6739,1168,2023-10-20,221.4
6740,111,2023-01-15,40.75
6741,1014,2023-12-09,51.63
6742,232,2023-07-25,38.59
6743,1715,2023-07-21,59.98
6744,1756,2023-04-30,38.98
6745,2643,2023-05-17,47.79
6746,1578,2023-10-27,42.61
6747,1297,2023-10-22,38.48
6748,2221,2023-01-25,277.53
6749,973,2023-11-08,50.14
6750,1031,2023-08-22,59.53
6751,2594,2023-05-01,42.0
6752,2596,2023-03-31,55.54
6753,518,2023-11-16,40.95
6754,914,2023-07-19,47.53
6755,2263,2023-06-29,43.05
6756,2182,2023-12-11,40.88
6757,2333,2023-03-17,69.22
6758,1945,2023-05-17,40.78
6759,1463,2023-05-18,237.29
6760,1873,2023-01-10,166.39
6761,2734,2023-07-20,201.66
6762,2379,2023-11-14,46.99
6763,2942,2023-12-12,54.78
6764,1308,2023-08-07,271.74
6765,899,2023-03-01,47.67
6766,1099,2023-05-27,48.48
6767,1190,2023-04-17,43.16
6768,1213,2023-02-07,66.54
6769,2126,2023-05-14,50.87
6770,2995,2023-08-09,51.13
6771,688,2023-10-30,118.73
6772,2069,2023-05-13,34.93
6773,566,2023-11-30,41.87
6774,1208,2023-02-22,53.1
6775,1895,2023-03-03,37.52
6776,827,2023-01-23,53.78
6777,1352,2023-02-13,45.47
6778,2227,2023-11-04,1657.43
6779,1812,2023-02-15,60.1
6780,1083,2023-05-27,51.15
6781,1351,2023-08-04,44.02
6782,2953,2023-12-06,64.23
6783,1645,2023-02-16,63.13
6784,2717,2023-12-13,1507.35
6785,191,2023-11-04,53.95
6786,1224,2023-01-24,55.92
6787,1336,2023-05-25,36.02
6788,708,2023-03-30,44.63
6789,379,2023-06-23,32.69
6790,387,2023-03-05,59.58
6791,2285,2023-04-29,68.55
6792,616,2023-08-11,25.81
6793,1543,2023-06-05,190.47
6794,2331,2023-06-27,239.96
6795,2049,2023-11-16,49.88
6796,1755,2023-12-08,59.41
6797,464,2023-02-25,63.44
6798,967,2023-02-28,36.71
6799,172,2023-08-08,52.46
6800,1147,2023-07-04,59.84
6801,843,2023-02-16,37.63
6802,1322,2023-04-12,51.7
6803,1909,2023-02-13,57.44
6804,690,2023-01-15,42.01
6805,2623,2023-08-24,236.37
6806,1508,2023-12-27,33.57
6807,2213,2023-02-20,203.38
6808,2025,2023-11-05,31.58
6809,1723,2023-02-03,51.72
6810,383,2023-05-04,42.32
6811,2257,2023-03-18,64.61
6812,1413,2023-05-03,50.05
6813,1584,2023-07-24,167.26
6814,2272,2023-08-16,905.31
6815,2051,2023-03-11,50.04
6816,372,2023-08-18,47.38
6817,1711,2023-01-21,45.89
6818,1470,2023-04-18,58.22
6819,611,2023-12-30,54.22
6820,116,2023-08-29,25.7
6821,447,2023-09-08,37.96
6822,1392,2023-05-15,48.72
6823,1341,2023-03-31,43.65
6824,415,2023-03-20,53.07
6825,1809,2023-06-26,43.86
6826,2940,2023-10-25,45.62
6827,1048,2023-11-04,34.61
6828,2711,2023-04-12,54.45
6829,1874,2023-12-27,31.38
6830,1074,2023-12-01,57.55
6831,718,2023-04-22,46.81
6832,1359,2023-06-30,46.52
6833,1606,2023-04-14,45.34
6834,2319,2023-01-16,861.22
6835,562,2023-04-06,65.86
6836,2852,2023-10-20,31.77
6837,2295,2023-05-26,28.98
6838,387,2023-10-29,44.16
6839,702,2023-01-02,46.39
6840,2607,2023-04-29,50.52
6841,973,2023-12-09,37.77
6842,1385,2023-04-04,63.35
6843,984,2023-07-10,40.32
6844,1512,2023-01-03,20.88
6845,352,2023-04-21,62.85
6846,1725,2023-06-26,29.98
6847,1952,2023-09-14,52.11
6848,1280,2023-12-27,46.82
6849,1908,2023-01-22,52.76
6850,753,2023-08-08,157.08
6851,2829,2023-06-22,52.0
6852,1025,2023-08-12,244.6
6853,546,2023-03-06,53.28
6854,1470,2023-10-04,38.66
6855,79,2023-09-06,50.18
6856,1260,2023-09-17,55.8
6857,2382,2023-05-11,43.72
6858,889,2023-04-23,64.55
6859,1106,2023-10-13,33.82
6860,2550,2023-10-14,42.55
6861,1991,2023-07-30,52.3
6862,1501,2023-01-20,45.24
6863,2813,2023-08-03,30.89
6864,921,2023-11-06,51.43
6865,550,2023-09-08,37.54
6866,2062,2023-09-28,48.52
6867,392,2023-06-29,58.72
6868,2358,2023-07-13,50.75
6869,2434,2023-11-09,60.94
6870,1381,2023-03-20,1205.53
6871,974,2023-06-29,194.02
6872,340,2023-06-12,52.53
6873,2645,2023-07-21,54.72
6874,757,2023-01-14,56.92
6875,1046,2023-12-13,50.01
6876,2339,2023-09-03,60.43
6877,2354,2023-01-14,47.76
6878,2682,2023-04-09,53.21
6879,2673,2023-02-02,28.23
6880,939,2023-09-14,50.51
6881,848,2023-02-03,52.81
6882,442,2023-01-19,63.78
6883,2551,2023-06-01,45.55
6884,130,2023-09-17,40.56
6885,597,2023-06-13,53.62
6886,1959,2023-03-18,45.0
6887,1506,2023-11-10,47.92
6888,862,2023-05-17,228.32
6889,2641,2023-12-25,60.56
6890,999,2023-07-27,41.62
6891,2373,2023-08-30,172.09
6892,2496,2023-03-08,43.47
6893,1552,2023-04-26,1894.93
6894,2867,2023-07-21,52.53
6895,1641,2023-09-07,907.19
6896,1512,2023-10-05,45.5
6897,1737,2023-04-22,55.71
6898,2757,2023-11-27,40.55
6899,1450,2023-08-22,46.69
6900,1858,2023-06-25,39.63
6901,265,2023-05-23,48.2
6902,2660,2023-02-01,27.72
6903,2880,2023-06-30,31.72
6904,2722,2023-03-08,59.28
6905,1463,2023-01-04,21.82
6906,157,2023-10-13,59.43
6907,1446,2023-09-26,57.18
6908,2299,2023-08-24,55.86
6909,2926,2023-10-04,46.91
6910,1633,2023-02-10,39.16
6911,2578,2023-05-01,54.35
6912,2375,2023-10-02,49.23
6913,895,2023-08-19,1691.01
6914,2145,2023-10-31,48.18
6915,513,2023-03-27,44.65
6916,216,2023-03-04,51.82
6917,2173,2023-07-11,56.74
6918,1707,2023-10-20,51.92
6919,2107,2023-01-31,58.9
6920,1568,2023-11-26,38.55
6921,2209,2023-05-26,36.22
6922,2332,2023-04-17,78.4
6923,2154,2023-12-25,53.55
6924,1129,2023-04-20,204.38
6925,228,2023-10-03,68.56
6926,2366,2023-07-29,43.0
6927,1488,2023-05-19,45.15
6928,802,2023-03-27,53.32
6929,1623,2023-02-13,163.18
6930,1906,2023-03-23,50.4
6931,2922,2023-03-05,196.77
6932,472,2023-12-09,38.19
6933,1080,2023-11-17,39.95
6934,2673,2023-02-24,52.47
6935,2061,2023-03-15,37.14
6936,1042,2023-05-09,42.76
6937,2742,2023-09-13,54.01
6938,2161,2023-08-19,38.02
6939,229,2023-05-17,57.17
6940,171,2023-12-17,26.98
6941,295,2023-12-21,44.96
6942,189,2023-04-22,26.86
6943,426,2023-11-04,60.45
6944,977,2023-05-26,55.08
6945,1103,2023-02-02,42.32
6946,2706,2023-09-17,46.73
6947,919,2023-03-28,41.96
6948,499,2023-11-27,58.68
6949,1822,2023-09-22,57.75
6950,2810,2023-11-16,59.97
6951,866,2023-01-30,55.83
6952,826,2023-08-20,237.18
6953,1859,2023-03-17,41.91
6954,2119,2023-05-09,57.03
6955,2296,2023-09-28,51.87
6956,146,2023-03-30,54.97
6957,1642,2023-06-19,65.14
6958,1320,2023-05-08,58.77
6959,2630,2023-06-23,53.02
6960,470,2023-01-26,36.45
6961,193,2023-03-02,29.18
6962,1092,2023-03-08,57.62
6963,2542,2023-01-26,157.25
6964,52,2023-03-24,31.36
6965,2930,2023-12-30,43.73
6966,2411,2023-03-01,52.44
6967,1821,2023-02-08,65.12
6968,2965,2023-05-03,43.83
6969,2522,2023-10-19,41.1
6970,1870,2023-10-04,48.9
6971,2569,2023-10-31,48.92
6972,1787,2023-10-09,41.62
6973,1455,2023-07-10,38.93
6974,1868,2023-10-19,64.63
6975,2739,2023-06-01,49.43
6976,2580,2023-08-21,38.2
6977,2008,2023-05-26,210.79
6978,1435,2023-09-28,36.68
6979,840,2023-12-01,33.01
6980,241,2023-05-14,46.81
6981,536,2023-06-20,53.45
6982,1408,2023-01-28,46.29
6983,83,2023-05-16,46.93
6984,982,2023-08-29,52.16
6985,951,2023-12-10,220.96
6986,611,2023-08-16,45.6
6987,574,2023-10-14,58.5
6988,2334,2023-10-30,49.03
6989,989,2023-02-03,68.12
6990,459,2023-01-02,58.92
6991,2174,2023-12-28,49.58
6992,1523,2023-07-14,53.13
6993,2473,2023-04-04,51.47
6994,2602,2023-11-24,59.07
6995,2658,2023-11-04,57.14
6996,1985,2023-05-15,43.12
6997,1567,2023-07-23,184.32
6998,2160,2023-09-07,45.75
6999,2450,2023-05-27,50.2
7000,122,2023-12-12,47.36
7001,273,2023-12-14,57.18
7002,1318,2023-09-11,39.23
7003,398,2023-11-30,70.22
7004,2519,2023-06-25,53.77
7005,985,2023-05-05,63.65
7006,1231,2023-09-08,58.38
7007,1134,2023-05-11,68.33
7008,1302,2023-02-19,43.9
7009,1911,2023-04-03,33.05
7010,2617,2023-11-06,66.69
7011,1506,2023-08-08,59.85
7012,1917,2023-11-30,56.39
7013,2945,2023-11-30,37.83
7014,820,2023-01-20,47.37
7015,2901,2023-07-24,58.82
7016,2758,2023-04-01,39.89
7017,1957,2023-12-21,63.3
7018,2369,2023-06-22,49.36
7019,179,2023-07-08,194.64
7020,897,2023-11-08,34.77
7021,2267,2023-01-02,50.67
7022,2837,2023-12-27,246.26
7023,1973,2023-06-17,230.59
7024,1552,2023-01-24,65.93
7025,492,2023-12-31,51.14
7026,61,2023-03-09,46.95
7027,1078,2023-07-13,56.31
7028,1704,2023-03-25,196.33
7029,2586,2023-07-26,40.22
7030,2896,2023-02-18,43.4
7031,65,2023-02-01,56.78
7032,586,2023-11-13,36.65
7033,1728,2023-06-19,56.44
7034,2219,2023-05-09,237.48
7035,535,2023-04-12,52.05
7036,2741,2023-02-04,44.55
7037,2156,2023-11-03,63.46
7038,1871,2023-07-18,52.25
7039,2862,2023-10-28,44.51
7040,1005,2023-03-18,45.08
7041,2500,2023-11-17,58.68
7042,1230,2023-01-14,40.38
7043,2638,2023-12-15,41.63
7044,1040,2023-05-11,65.91
7045,327,2023-08-26,49.59
7046,608,2023-10-07,50.89
7047,2707,2023-03-06,143.07
7048,2,2023-05-18,51.65
7049,1034,2023-09-26,42.78
7050,2482,2023-08-16,270.9
7051,125,2023-07-20,48.06
7052,1105,2023-05-22,61.18
7053,2533,2023-04-10,49.16
7054,2700,2023-05-18,46.64
7055,1862,2023-06-17,244.57
7056,1174,2023-04-09,48.18
7057,2848,2023-11-07,71.26
7058,2921,2023-11-15,40.68
7059,129,2023-11-23,60.11
7060,438,2023-12-21,1479.38
7061,751,2023-03-07,57.32
7062,2549,2023-12-01,43.19
7063,1222,2023-11-25,43.29
7064,2259,2023-02-16,44.91
7065,902,2023-12-03,36.49
7066,2093,2023-08-19,52.38
7067,1303,2023-11-04,55.4
7068,2583,2023-05-26,54.55
7069,1434,2023-07-26,52.39
7070,2509,2023-05-26,55.47
7071,391,2023-06-01,61.67
7072,1068,2023-10-06,50.91
7073,27,2023-05-20,45.32
7074,2842,2023-05-31,37.01
7075,548,2023-01-21,63.16
7076,2669,2023-09-11,52.87
7077,567,2023-03-05,52.58
7078,704,2023-08-06,56.75
7079,1243,2023-03-13,52.89
7080,185,2023-06-11,25.17
7081,1591,2023-05-10,48.5
7082,1914,2023-03-10,1037.64
7083,848,2023-08-13,1461.06
7084,599,2023-09-03,60.13
7085,806,2023-03-09,190.35
7086,1358,2023-04-17,39.08
7087,2127,2023-04-19,40.1
7088,2627,2023-11-24,40.34
7089,1879,2023-04-13,53.09
7090,2461,2023-05-21,49.84
7091,546,2023-03-06,63.41
7092,1633,2023-05-14,51.67
7093,2217,2023-07-18,43.63
7094,2729,2023-06-04,55.36
7095,2631,2023-03-20,277.41
7096,2563,2023-09-07,47.85
7097,2080,2023-03-28,55.69
7098,2335,2023-10-31,45.71
7099,2642,2023-08-29,59.33
7100,1927,2023-03-29,70.21
7101,617,2023-11-20,45.05
7102,2318,2023-06-21,45.17
7103,1204,2023-12-23,46.12
7104,1760,2023-01-17,61.15
7105,2566,2023-08-11,1334.99
7106,2631,2023-10-21,42.43
7107,226,2023-11-06,53.46
7108,670,2023-08-07,52.06
7109,1764,2023-08-22,42.64
7110,917,2023-09-05,54.81
7111,2174,2023-02-21,55.68
7112,2122,2023-01-15,887.43
7113,1215,2023-11-20,50.2
7114,1706,2023-04-22,46.27
7115,1843,2023-07-03,44.13
7116,1984,2023-12-26,73.08
7117,56,2023-01-07,49.85
7118,720,2023-02-20,46.47
7119,2601,2023-11-10,56.1
7120,2080,2023-08-29,203.38
7121,574,2023-09-02,54.46
7122,667,2023-12-31,208.29
7123,284,2023-07-05,57.31
7124,1745,2023-10-14,43.48
7125,2235,2023-04-02,59.96
7126,498,2023-04-16,36.42
7127,1466,2023-01-13,45.91
7128,130,2023-05-26,48.05
7129,639,2023-04-29,41.39
7130,2162,2023-07-22,62.77
7131,2061,2023-05-21,48.79
7132,2492,2023-04-25,57.75
7133,2495,2023-06-01,66.86
7134,986,2023-02-26,182.21
7135,993,2023-06-06,52.7
7136,2763,2023-11-06,52.85
7137,2122,2023-05-13,50.92
7138,2585,2023-06-12,61.26
7139,101,2023-10-02,48.85
7140,2224,2023-07-02,42.96
7141,427,2023-03-18,50.18
7142,41,2023-11-21,672.22
7143,429,2023-02-13,58.17
7144,344,2023-07-25,50.71
7145,366,2023-02-07,53.09
7146,609,2023-11-14,54.43
7147,2705,2023-01-22,44.08
7148,728,2023-03-14,65.88
7149,2277,2023-08-29,49.14
7150,825,2023-06-03,73.12
7151,1376,2023-08-25,56.62
7152,889,2023-01-05,200.99
7153,2044,2023-08-09,59.7
7154,1342,2023-11-06,50.56
7155,2884,2023-03-27,44.95
7156,1297,2023-06-26,61.49
7157,117,2023-09-16,67.66
7158,2866,2023-08-08,34.83
7159,2416,2023-02-07,47.28
7160,1118,2023-05-22,53.41
7161,168,2023-08-23,64.92
7162,1739,2023-07-22,60.36
7163,1365,2023-11-25,34.89
7164,2709,2023-10-21,37.25
7165,695,2023-06-21,50.63
7166,925,2023-05-05,31.23
7167,152,2023-11-22,47.48
7168,586,2023-03-06,47.49
7169,913,2023-10-08,1254.11
7170,2322,2023-09-29,34.28
7171,1578,2023-09-01,43.6
7172,496,2023-01-15,46.92
7173,2149,2023-08-14,60.44
7174,557,2023-05-11,1061.23
7175,1106,2023-07-14,43.09
7176,1553,2023-10-20,60.63
7177,2121,2023-07-28,41.83
7178,157,2023-04-23,51.56
7179,735,2023-09-01,52.16
7180,2180,2023-06-15,39.92
7181,1428,2023-07-10,56.52
7182,559,2023-09-14,227.06
7183,2155,2023-11-23,49.91
7184,2313,2023-08-06,42.73
7185,155,2023-12-25,42.92
7186,997,2023-10-02,939.2
7187,2295,2023-02-21,37.98
7188,531,2023-06-07,67.98
7189,2906,2023-12-29,54.11
7190,1972,2023-02-24,66.32
7191,2586,2023-01-14,1703.28
7192,729,2023-09-26,111.15
7193,1178,2023-12-06,51.29
7194,154,2023-03-31,32.64
7195,92,2023-01-27,37.23
7196,2386,2023-03-30,47.85
7197,1504,2023-02-10,43.09
7198,1717,2023-10-31,57.66
7199,2498,2023-09-25,63.82
7200,2017,2023-05-18,68.91
7201,2858,2023-01-06,35.87
7202,787,2023-08-30,1967.6
7203,273,2023-06-11,51.57
7204,2028,2023-06-29,63.15
7205,2636,2023-10-24,50.13
7206,177,2023-01-06,1882.47
7207,2879,2023-09-28,43.15
7208,643,2023-09-29,41.16
7209,1899,2023-06-05,199.51
7210,567,2023-03-26,57.07
7211,666,2023-07-19,74.63
7212,1332,2023-01-10,44.29
7213,2916,2023-05-18,54.18
7214,1799,2023-08-30,56.26
7215,1070,2023-07-20,220.39
7216,2350,2023-06-05,56.71
7217,2916,2023-10-02,40.11
7218,2960,2023-08-13,45.78
7219,408,2023-03-09,68.84
7220,1213,2023-07-03,50.64
7221,2870,2023-07-14,37.64
7222,1854,2023-02-11,63.24
7223,1153,2023-05-31,182.15
7224,2609,2023-03-25,49.97
7225,1142,2023-05-14,57.64
7226,2512,2023-11-05,46.93
7227,144,2023-12-20,57.16
7228,2490,2023-10-25,36.83
7229,487,2023-01-30,39.49
7230,860,2023-01-09,36.82
7231,1936,2023-06-19,1590.13
7232,148,2023-10-17,226.32
7233,1360,2023-06-17,58.23
7234,1358,2023-12-10,153.33
7235,2859,2023-05-25,157.85
7236,2714,2023-08-16,50.51
7237,90,2023-11-02,50.11
7238,1358,2023-03-17,51.54
7239,199,2023-08-11,44.31
7240,538,2023-06-26,48.27
7241,301,2023-07-08,149.4
7242,724,2023-10-29,167.52
7243,1599,2023-02-15,51.21
7244,1460,2023-01-17,51.75
7245,68,2023-03-07,43.32
7246,2507,2023-12-26,171.05
7247,1538,2023-09-18,50.35
7248,398,2023-05-03,52.01
7249,620,2023-08-19,38.69
7250,1585,2023-05-05,50.32
7251,1164,2023-04-22,47.64
7252,730,2023-09-29,41.01
7253,556,2023-03-22,192.8
7254,1953,2023-09-03,1617.73
7255,2829,2023-12-13,42.53
7256,1752,2023-11-24,51.56
7257,2942,2023-08-03,43.46
7258,2658,2023-12-18,40.45
7259,2796,2023-08-23,32.78
7260,2330,2023-03-23,33.91
7261,2709,2023-10-21,60.48
7262,2972,2023-11-06,43.51
7263,996,2023-03-17,199.68
7264,1960,2023-01-15,49.39
7265,1602,2023-08-08,1478.4
7266,2794,2023-08-18,38.19
7267,1481,2023-09-22,74.66
7268,2135,2023-09-21,58.73
7269,1103,2023-04-20,38.03
7270,2839,2023-11-03,40.23
7271,2352,2023-07-19,31.05
7272,1404,2023-08-14,2270.37
7273,2178,2023-07-04,39.33
7274,2644,2023-01-31,46.97
7275,1300,2023-04-12,52.74
7276,1723,2023-09-16,42.49
7277,2606,2023-04-09,67.8
7278,899,2023-12-05,60.07
7279,1207,2023-10-26,1973.9
7280,1536,2023-10-12,33.11
7281,78,2023-09-23,35.71
7282,2832,2023-05-20,55.97
7283,2722,2023-10-29,64.51
7284,1533,2023-10-13,44.33
7285,238,2023-12-16,52.78
7286,1158,2023-08-04,43.19
7287,1997,2023-02-01,50.82
7288,1216,2023-10-30,52.77
7289,278,2023-03-29,40.1
7290,524,2023-03-04,67.46
7291,180,2023-10-06,53.82
7292,123,2023-03-15,43.85
7293,1270,2023-11-02,70.06
7294,1758,2023-05-04,42.12
7295,1095,2023-09-26,29.07
7296,480,2023-10-12,39.81
7297,1798,2023-05-01,42.18
7298,2132,2023-12-12,206.07
7299,2613,2023-07-31,50.8
7300,2667,2023-05-28,42.54
7301,2405,2023-03-19,57.16
7302,816,2023-12-31,39.41
7303,2695,2023-01-14,215.76
7304,443,2023-05-16,48.18
7305,2571,2023-10-31,60.51
7306,143,2023-10-07,42.99
7307,192,2023-03-20,40.41
7308,1411,2023-08-31,53.4
7309,378,2023-07-12,49.84
7310,2629,2023-08-30,49.99
7311,535,2023-02-20,57.36
7312,1717,2023-08-20,198.35
7313,1033,2023-09-16,41.66
7314,1411,2023-08-06,34.11
7315,2141,2023-07-25,29.8
7316,1990,2023-11-10,63.35
7317,2577,2023-11-07,44.45
7318,1178,2023-04-30,35.94
7319,405,2023-03-21,146.79
7320,2888,2023-02-11,54.6
7321,1173,2023-01-21,136.45
7322,889,2023-01-10,55.51
7323,422,2023-11-09,59.12
7324,1642,2023-06-02,65.75
7325,472,2023-11-08,41.16
7326,2941,2023-10-21,47.77
7327,547,2023-03-27,55.68
7328,631,2023-04-23,52.1
7329,1038,2023-07-08,48.59
7330,2826,2023-04-22,69.69
7331,1830,2023-06-24,43.75
7332,364,2023-11-06,50.9
7333,2167,2023-10-29,43.95
7334,546,2023-01-04,49.55
7335,2570,2023-08-10,42.22
7336,634,2023-08-09,58.32
7337,1937,2023-06-20,44.21
7338,1681,2023-11-14,54.39
7339,963,2023-08-01,38.22
7340,883,2023-09-10,1985.44
7341,2828,2023-05-04,47.09
7342,871,2023-05-08,61.29
7343,516,2023-08-01,55.92
7344,2986,2023-04-22,203.11
7345,1421,2023-03-26,62.15
7346,866,2023-01-04,61.41
7347,2154,2023-03-06,59.64
7348,1109,2023-11-14,47.53
7349,214,2023-12-12,1888.77
7350,2898,2023-04-30,21.54
7351,2245,2023-08-31,1534.32
7352,19,2023-05-17,40.44
7353,642,2023-09-04,1864.28
7354,1105,2023-02-14,51.54
7355,330,2023-05-26,51.25
7356,866,2023-06-25,1419.67
7357,774,2023-02-11,34.94
7358,392,2023-10-24,53.07
7359,637,2023-03-30,44.46
7360,2355,2023-08-06,44.0
7361,2943,2023-08-16,47.6
7362,2700,2023-10-25,61.14
7363,2889,2023-10-18,59.47
7364,1026,2023-03-08,203.82
7365,2568,2023-09-08,36.31
7366,1675,2023-02-10,183.42
7367,2684,2023-04-09,59.34
7368,740,2023-11-02,47.72
7369,1546,2023-12-26,48.67
7370,469,2023-12-08,55.94
7371,2260,2023-03-20,55.07
7372,1136,2023-10-28,55.06
7373,1032,2023-07-18,57.61
7374,2852,2023-05-27,49.52
7375,2525,2023-04-16,49.12
7376,874,2023-07-12,184.99
7377,460,2023-05-02,1435.47
7378,2301,2023-03-18,49.04
7379,1550,2023-11-08,33.51
7380,752,2023-04-22,66.97
7381,1462,2023-12-15,1503.81
7382,1778,2023-10-24,41.25
7383,854,2023-06-19,46.1
7384,2284,2023-01-06,57.95
7385,1330,2023-07-16,42.16
7386,478,2023-04-08,59.82
7387,2727,2023-11-25,64.07
7388,2264,2023-08-18,51.11
7389,2903,2023-06-17,46.06
7390,135,2023-10-24,60.92
7391,2953,2023-09-22,59.06
7392,1153,2023-01-08,43.12
7393,410,2023-06-21,45.27
7394,1446,2023-12-26,48.0
7395,1318,2023-07-14,45.36
7396,1270,2023-09-26,51.25
7397,1580,2023-01-19,52.57
7398,86,2023-12-20,51.39
7399,2604,2023-12-18,48.5
7400,1866,2023-02-18,53.77
7401,1470,2023-12-22,56.57
7402,378,2023-12-04,65.16
7403,1681,2023-06-07,124.06
7404,1075,2023-03-07,226.75
7405,242,2023-12-13,56.2
7406,920,2023-02-28,49.69
7407,1587,2023-11-05,53.43
7408,2314,2023-11-04,52.02
7409,2760,2023-12-03,21.18
7410,1272,2023-06-08,48.19
7411,70,2023-09-28,53.41
7412,2105,2023-05-01,216.39
7413,1406,2023-09-11,51.05
7414,2087,2023-09-18,45.15
7415,2008,2023-05-15,49.05
7416,801,2023-10-01,51.73
7417,1042,2023-02-25,40.51
7418,2780,2023-11-27,148.62
7419,825,2023-04-06,38.98
7420,756,2023-04-24,46.93
7421,2400,2023-12-23,149.48
7422,1996,2023-01-28,49.06
7423,1840,2023-11-02,77.49
7424,1322,2023-01-02,37.83
7425,2331,2023-07-31,36.63
7426,1610,2023-03-09,46.97
7427,110,2023-05-08,31.92
7428,1017,2023-11-29,185.01
7429,1962,2023-01-24,49.72
7430,2592,2023-09-10,50.94
7431,1770,2023-08-18,60.56
7432,25,2023-06-25,211.67
7433,843,2023-08-09,46.21
7434,2839,2023-02-05,29.9
7435,738,2023-01-02,55.09
7436,2105,2023-12-27,43.88
7437,180,2023-10-01,36.69
7438,232,2023-06-26,38.67
7439,1918,2023-09-21,55.3
7440,343,2023-07-05,42.71
7441,477,2023-01-15,54.83
7442,1823,2023-10-06,40.87
7443,2624,2023-07-13,62.95
7444,455,2023-07-17,56.89
7445,1256,2023-12-15,53.48
7446,289,2023-11-01,49.31
7447,1237,2023-03-05,61.23
7448,2306,2023-10-17,65.45
7449,530,2023-01-18,33.88
7450,2735,2023-03-05,37.96
7451,2977,2023-12-28,225.28
7452,2277,2023-11-26,45.85
7453,596,2023-12-24,44.54
7454,435,2023-09-08,34.16
7455,882,2023-01-17,42.82
7456,1782,2023-05-21,52.46
7457,402,2023-11-04,58.02
7458,2670,2023-11-16,55.22
7459,2136,2023-09-02,44.7
7460,2632,2023-10-17,62.41
7461,1566,2023-12-17,50.63
7462,309,2023-03-28,56.8
7463,2954,2023-07-18,47.64
7464,343,2023-12-24,44.88
7465,436,2023-06-10,34.93
7466,177,2023-05-20,49.15
7467,139,2023-03-17,47.24
7468,194,2023-01-19,52.11
7469,1185,2023-11-26,1872.33
7470,943,2023-02-19,58.5
7471,525,2023-08-20,32.11
7472,1625,2023-10-22,198.02
7473,2963,2023-01-12,51.87
7474,2258,2023-12-01,67.5
7475,741,2023-01-15,42.89
7476,862,2023-01-28,44.96
7477,954,2023-10-19,28.37
7478,1303,2023-11-17,44.72
7479,1275,2023-09-07,1822.28
7480,1744,2023-04-08,46.56
7481,2881,2023-10-30,33.54
7482,2188,2023-12-03,49.65
7483,792,2023-02-08,56.69
7484,546,2023-02-07,59.12
7485,1845,2023-10-27,59.07
7486,1017,2023-06-28,53.96
7487,1928,2023-04-07,74.5
7488,1554,2023-10-09,47.82
7489,57,2023-08-26,65.3
7490,2160,2023-06-13,77.36
7491,5,2023-04-07,65.33
7492,1438,2023-09-14,53.39
7493,1363,2023-11-05,197.17
7494,1821,2023-09-19,37.65
7495,1283,2023-10-20,54.87
7496,2138,2023-09-15,73.48
7497,2664,2023-09-06,151.73
7498,2939,2023-09-02,56.68
7499,2746,2023-09-08,64.69
7500,1274,2023-05-03,49.99
7501,2946,2023-11-21,40.54
7502,1132,2023-06-18,33.35
7503,668,2023-06-24,46.29
7504,2642,2023-09-26,44.79
7505,2637,2023-07-23,49.15
7506,2533,2023-11-21,49.03
7507,1282,2023-03-07,43.25
7508,2687,2023-11-11,1983.11
7509,997,2023-11-20,39.82
7510,1927,2023-02-28,210.02
7511,282,2023-08-07,37.36
7512,1228,2023-09-23,39.2
7513,2064,2023-05-21,58.15
7514,936,2023-08-24,41.28
7515,254,2023-08-06,41.66
7516,1212,2023-01-15,287.04
7517,329,2023-10-29,59.09
7518,2592,2023-05-18,50.69
7519,2831,2023-08-20,46.97
7520,1421,2023-03-30,62.68
7521,1541,2023-03-18,47.48
7522,2893,2023-05-16,36.91
7523,1193,2023-04-20,43.31
7524,1717,2023-12-19,1410.63
7525,2414,2023-10-28,61.32
7526,1202,2023-04-01,72.11
7527,655,2023-07-09,59.19
7528,1386,2023-03-14,244.47
7529,760,2023-06-22,27.93
7530,2687,2023-02-04,61.29
7531,1799,2023-07-29,47.36
7532,1064,2023-10-25,45.87
7533,2972,2023-05-13,43.11
7534,416,2023-10-10,56.38
7535,255,2023-07-17,47.02
7536,1167,2023-02-01,52.03
7537,1877,2023-05-16,1389.03
7538,2758,2023-09-05,44.92
7539,2625,2023-12-25,39.57
7540,900,2023-12-07,51.93
7541,2059,2023-05-26,42.9
7542,26,2023-11-30,62.9
7543,421,2023-05-23,70.71
7544,1245,2023-08-22,41.38
7545,1877,2023-02-13,65.59
7546,2544,2023-02-01,51.44
7547,1261,2023-08-19,1598.92
7548,2285,2023-01-28,36.95
7549,1009,2023-06-09,52.46
7550,219,2023-11-29,56.25
7551,1511,2023-07-26,48.44
7552,1960,2023-01-18,46.48
7553,2509,2023-04-13,36.51
7554,663,2023-03-11,960.67
7555,2683,2023-04-29,50.19
7556,990,2023-05-19,53.22
7557,189,2023-06-09,36.75
7558,255,2023-08-20,55.63
7559,68,2023-05-28,33.37
7560,616,2023-12-19,47.87
7561,2384,2023-08-31,52.06
7562,2719,2023-02-04,52.62
7563,2869,2023-11-21,49.63
7564,874,2023-12-21,46.84
7565,2348,2023-08-27,61.42
7566,1626,2023-11-30,60.79
7567,357,2023-05-29,47.37
7568,256,2023-04-21,51.54
7569,1008,2023-01-17,55.17
7570,2401,2023-08-14,50.66
7571,1756,2023-05-20,69.55
7572,2572,2023-05-24,27.15
7573,2998,2023-09-17,63.51
7574,2804,2023-08-05,44.21
7575,284,2023-06-11,40.77
7576,99,2023-04-02,43.5
7577,197,2023-06-23,52.94
7578,2530,2023-11-27,20.88
7579,878,2023-07-24,61.33
7580,1869,2023-06-02,41.3
7581,2663,2023-04-13,47.25
7582,2666,2023-07-21,1433.35
7583,1389,2023-10-07,45.62
7584,2416,2023-03-06,54.05
7585,570,2023-04-27,63.0
7586,2638,2023-06-02,47.59
7587,1066,2023-06-05,62.78
7588,422,2023-06-13,59.54
7589,2884,2023-03-23,47.09
7590,1205,2023-01-06,59.01
7591,545,2023-11-18,57.35
7592,71,2023-03-08,56.29
7593,1224,2023-08-26,66.55
7594,768,2023-03-13,51.46
7595,2355,2023-04-05,40.48
7596,1707,2023-10-31,50.41
7597,2425,2023-11-22,48.69
7598,655,2023-03-19,42.5
7599,2726,2023-03-08,170.38
7600,2447,2023-06-25,41.21
7601,1797,2023-11-17,58.03
7602,221,2023-06-21,45.65
7603,182,2023-09-12,182.62
7604,307,2023-03-04,52.7
7605,2570,2023-10-29,53.86
7606,1420,2023-09-03,46.36
7607,1014,2023-07-11,49.1
7608,2052,2023-11-25,1538.92
7609,2911,2023-03-12,45.2
7610,848,2023-08-17,54.44
7611,804,2023-03-04,51.24
7612,215,2023-10-24,52.41
7613,1444,2023-09-02,42.39
7614,101,2023-01-07,53.87
7615,573,2023-09-17,44.87
7616,1333,2023-03-30,40.92
7617,658,2023-06-26,40.55
7618,2987,2023-07-23,34.57
7619,1534,2023-05-14,49.82
7620,1657,2023-03-23,42.13
7621,226,2023-01-21,36.78
7622,105,2023-05-08,66.01
7623,1998,2023-07-14,41.69
7624,772,2023-07-13,58.59
7625,429,2023-07-03,135.79
7626,434,2023-09-04,58.85
7627,1231,2023-12-27,48.13
7628,2730,2023-12-26,36.38
7629,2636,2023-11-20,49.79
7630,866,2023-06-09,61.85
7631,2794,2023-07-13,57.92
7632,2912,2023-04-20,46.84
7633,2416,2023-03-07,61.62
7634,251,2023-09-11,52.91
7635,2907,2023-10-10,53.58
7636,856,2023-03-01,60.61
7637,1194,2023-04-28,33.36
7638,561,2023-02-13,49.68
7639,1470,2023-07-29,1622.41
7640,2342,2023-02-05,50.89
7641,919,2023-01-19,47.86
7642,1174,2023-04-01,47.0
7643,433,2023-10-28,47.07
7644,2107,2023-07-31,48.12
7645,969,2023-08-10,35.13
7646,836,2023-08-05,52.5
7647,2247,2023-08-11,48.17
7648,2263,2023-04-08,48.82
7649,898,2023-01-19,51.71
7650,472,2023-10-24,161.88
7651,247,2023-01-26,57.93
7652,2430,2023-01-28,47.9
7653,991,2023-03-05,49.73
7654,927,2023-11-20,55.82
7655,1192,2023-08-11,54.23
7656,2608,2023-03-21,1742.6
7657,1075,2023-02-20,50.87
7658,1835,2023-04-12,45.29
7659,689,2023-06-25,59.94
7660,2428,2023-01-10,65.44
7661,2522,2023-08-25,44.12
7662,2745,2023-04-10,41.82
7663,1485,2023-08-16,48.52
7664,2959,2023-03-05,55.5
7665,960,2023-01-19,40.86
7666,478,2023-11-28,42.75
7667,2974,2023-11-14,52.45
7668,707,2023-05-21,57.8
7669,2902,2023-01-25,73.17
7670,1138,2023-08-16,45.15
7671,754,2023-03-30,29.32
7672,2551,2023-04-02,65.25
7673,1660,2023-02-11,1627.06
7674,2865,2023-10-22,48.06
7675,588,2023-03-22,20.64
7676,1335,2023-04-17,60.39
7677,1493,2023-04-21,65.63
7678,1848,2023-10-04,72.58
7679,2756,2023-08-02,31.89
7680,207,2023-08-19,47.09
7681,2199,2023-11-02,1252.44
7682,2716,2023-05-01,59.43
7683,2576,2023-05-14,45.12
7684,165,2023-11-02,61.64
7685,2965,2023-07-27,60.22
7686,1999,2023-09-14,24.68
7687,2085,2023-07-04,74.26
7688,333,2023-10-13,64.98
7689,403,2023-12-29,58.31
7690,414,2023-06-29,51.4
7691,45,2023-02-17,46.69
7692,2254,2023-03-28,52.85
7693,62,2023-01-19,176.25
7694,2468,2023-02-15,47.87
7695,868,2023-02-25,48.34
7696,1492,2023-08-17,49.73
7697,2868,2023-05-25,46.81
7698,19,2023-04-02,65.15
7699,365,2023-03-23,68.22
7700,2476,2023-08-13,65.82
7701,1141,2023-03-20,61.35
7702,580,2023-05-30,259.54
7703,546,2023-12-27,53.48
7704,1730,2023-10-10,172.56
7705,2373,2023-11-07,49.77
7706,55,2023-06-09,54.54
7707,778,2023-11-12,185.2
7708,42,2023-12-31,27.56
7709,1321,2023-06-05,28.47
7710,231,2023-06-05,49.28
7711,453,2023-07-21,51.3
7712,2442,2023-12-07,61.85
7713,1546,2023-12-08,56.31
7714,1382,2023-04-27,41.92
7715,1468,2023-06-03,69.4
7716,1152,2023-12-30,46.14
7717,2739,2023-11-27,28.19
7718,2440,2023-04-29,48.37
7719,1217,2023-07-18,207.56
7720,2652,2023-09-20,197.96
7721,881,2023-07-03,52.24
7722,85,2023-05-28,33.2
7723,1054,2023-06-15,45.32
7724,49,2023-03-16,177.03
7725,1169,2023-08-24,54.47
7726,69,2023-11-10,51.33
7727,2745,2023-09-29,40.5
7728,2527,2023-06-28,1588.57
7729,2868,2023-10-10,49.36
7730,1702,2023-02-20,55.57
7731,1599,2023-03-16,50.69
7732,2195,2023-05-24,1577.44
7733,1870,2023-12-09,63.53
7734,1016,2023-07-07,66.63
7735,2657,2023-05-03,174.12
7736,446,2023-11-28,49.97
7737,2269,2023-09-08,55.59
7738,1402,2023-10-23,63.07
7739,2143,2023-11-19,41.54
7740,262,2023-05-10,59.13
7741,1849,2023-09-09,54.11
7742,897,2023-12-24,41.1
7743,1095,2023-06-29,40.9
7744,2267,2023-12-15,62.94
7745,1557,2023-04-20,40.4
7746,92,2023-12-04,59.75
7747,127,2023-03-19,42.14
7748,80,2023-01-02,51.42
7749,1848,2023-11-17,63.28
7750,983,2023-10-03,46.85
7751,916,2023-10-17,36.12
7752,2534,2023-10-24,1457.0
7753,694,2023-06-18,53.16
7754,25,2023-08-28,63.74
7755,156,2023-01-23,38.78
7756,2680,2023-10-21,45.65
7757,1813,2023-06-21,56.1
7758,1554,2023-11-19,68.06
7759,1967,2023-11-14,45.89
7760,1734,2023-10-13,37.65
7761,1081,2023-12-09,262.68
7762,1629,2023-07-12,52.5
7763,19,2023-06-18,49.43
7764,1408,2023-04-28,55.72
7765,1217,2023-01-06,51.71
7766,2285,2023-11-27,60.67
7767,1411,2023-05-12,37.73
7768,277,2023-04-03,63.71
7769,745,2023-09-08,116.12
7770,552,2023-01-10,53.28
7771,1177,2023-02-20,52.54
7772,639,2023-12-15,56.39
7773,237,2023-10-21,57.76
7774,998,2023-05-09,38.79
7775,2103,2023-09-06,46.77
7776,2004,2023-04-12,203.95
7777,1460,2023-12-03,38.74
7778,2732,2023-03-24,1600.14
7779,2157,2023-07-10,50.9
7780,1208,2023-05-23,1599.51
7781,1392,2023-08-25,66.34
7782,2007,2023-10-14,46.61
7783,1222,2023-10-04,49.48
7784,1395,2023-10-18,56.07
7785,373,2023-06-18,54.25
7786,1521,2023-05-24,51.52
7787,2249,2023-07-03,69.21
7788,849,2023-02-14,49.65
7789,2557,2023-08-31,36.82
7790,1346,2023-11-11,42.86
7791,2323,2023-09-25,197.23
7792,2259,2023-09-10,55.56
7793,504,2023-10-16,40.77
7794,703,2023-07-31,55.28
7795,2090,2023-06-26,63.06
7796,315,2023-01-21,52.14
7797,2836,2023-11-12,44.88
7798,2377,2023-02-21,41.31
7799,1041,2023-08-21,58.93
7800,283,2023-05-03,39.13
7801,2991,2023-12-28,66.26
7802,258,2023-04-10,216.79
7803,575,2023-08-02,1706.56
7804,574,2023-11-23,190.58
7805,2660,2023-05-15,58.87
7806,1043,2023-11-14,58.64
7807,1553,2023-08-06,42.94
7808,2885,2023-03-29,49.55
7809,423,2023-10-07,280.52
7810,1490,2023-02-09,20.66
7811,1397,2023-08-28,63.54
7812,758,2023-11-28,266.52
7813,2811,2023-05-16,47.46
7814,1105,2023-07-01,52.37
7815,1575,2023-09-22,48.22
7816,2472,2023-09-16,47.51
7817,429,2023-07-01,59.26
7818,2022,2023-01-21,199.7
7819,204,2023-12-17,61.64
7820,2244,2023-07-15,1487.42
7821,2776,2023-07-31,60.96
7822,2333,2023-01-16,50.11
7823,1993,2023-07-21,59.61
7824,2244,2023-12-29,878.79
7825,307,2023-08-06,47.24
7826,1688,2023-04-03,54.04
7827,14,2023-05-13,73.18
7828,1861,2023-05-19,37.99
7829,1962,2023-06-06,63.06
7830,1081,2023-12-01,34.1
7831,723,2023-03-11,52.31
7832,780,2023-10-31,49.18
7833,1234,2023-01-15,27.6
7834,529,2023-08-23,29.21
7835,798,2023-07-31,38.62
7836,344,2023-10-17,171.21
7837,1303,2023-03-01,51.4
7838,209,2023-09-09,41.29
7839,641,2023-01-02,62.2
7840,1312,2023-08-24,67.22
7841,2300,2023-12-02,54.4
7842,2319,2023-01-19,52.52
7843,1948,2023-02-18,64.01
7844,920,2023-03-19,57.4
7845,1724,2023-01-28,61.03
7846,2045,2023-02-17,37.19
7847,419,2023-04-06,54.62
7848,1750,2023-06-14,58.36
7849,2843,2023-12-31,41.35
7850,1389,2023-06-25,52.83
7851,1100,2023-03-14,46.26
7852,2773,2023-12-22,31.85
7853,2481,2023-01-29,54.18
7854,2157,2023-06-06,52.81
7855,2689,2023-11-10,57.3
7856,1546,2023-10-31,180.55
7857,1071,2023-10-06,43.91
7858,2427,2023-10-10,52.39
7859,1851,2023-01-07,44.67
7860,1120,2023-11-01,170.07
7861,958,2023-07-01,45.73
7862,103,2023-04-19,44.75
7863,2940,2023-11-20,48.2
7864,2902,2023-07-25,26.55
7865,1170,2023-08-22,62.91
7866,1904,2023-07-06,55.19
7867,1756,2023-11-25,39.56
7868,2578,2023-12-23,41.08
7869,679,2023-01-08,194.82
7870,1969,2023-02-22,46.09
7871,989,2023-07-18,51.49
7872,1106,2023-05-17,45.17
7873,2476,2023-09-16,44.19
7874,1608,2023-11-30,47.07
7875,2870,2023-06-21,57.58
7876,1503,2023-03-27,37.84
7877,1790,2023-02-15,46.87
7878,1186,2023-12-12,46.78
7879,932,2023-07-05,1850.4
7880,1426,2023-06-05,35.74
7881,1062,2023-01-09,59.59
7882,1979,2023-04-25,44.3
7883,2559,2023-06-03,55.11
7884,2441,2023-05-10,65.65
7885,2043,2023-11-27,37.01
7886,2761,2023-03-22,45.43
7887,2542,2023-10-17,50.57
7888,1279,2023-05-27,181.93
7889,1203,2023-10-22,46.61
7890,2595,2023-09-26,1377.36
7891,594,2023-05-13,51.53
7892,2437,2023-02-19,47.79
7893,1422,2023-01-23,54.59
7894,2206,2023-03-29,51.16
7895,1028,2023-04-22,41.15
7896,2215,2023-04-21,1449.0
7897,960,2023-03-13,47.4
7898,2457,2023-06-03,1675.0
7899,2242,2023-02-26,46.13
7900,2283,2023-09-14,195.24
7901,2766,2023-06-05,65.12
7902,1174,2023-04-23,47.69
7903,816,2023-11-14,60.61
7904,404,2023-02-16,53.21
7905,893,2023-08-26,65.1
7906,2726,2023-11-30,35.02
7907,68,2023-04-16,48.04
7908,88,2023-07-06,60.7
7909,2265,2023-06-08,47.88
7910,2049,2023-07-17,40.67
7911,1159,2023-06-26,231.11
7912,1721,2023-09-18,58.14
7913,1375,2023-10-14,185.38
7914,2188,2023-10-20,62.52
7915,2666,2023-12-01,41.5
7916,2181,2023-05-23,53.22
7917,1644,2023-11-04,67.08
7918,178,2023-07-16,27.11
7919,2858,2023-08-13,48.01
7920,1382,2023-02-12,1583.29
7921,2428,2023-05-31,39.62
7922,908,2023-10-23,56.95
7923,2706,2023-03-04,50.83
7924,2498,2023-05-10,68.97
7925,586,2023-09-12,50.02
7926,2511,2023-12-09,33.03
7927,990,2023-08-02,30.86
7928,1132,2023-03-14,39.18
7929,2170,2023-04-14,44.77
7930,2065,2023-06-07,243.58
7931,1220,2023-09-29,46.87
7932,2375,2023-11-11,196.92
7933,318,2023-08-26,55.48
7934,2857,2023-10-30,49.97
7935,1503,2023-06-07,60.31
7936,2035,2023-04-19,37.4
7937,2043,2023-01-09,48.25
7938,503,2023-11-17,22.42
7939,2023,2023-02-28,62.04
7940,119,2023-12-24,48.13
7941,710,2023-07-11,45.31
7942,45,2023-05-16,65.51
7943,314,2023-09-08,45.03
7944,418,2023-05-26,45.79
7945,2604,2023-12-13,49.04
7946,1102,2023-12-18,60.38
7947,326,2023-02-27,64.78
7948,1440,2023-06-26,51.66
7949,1987,2023-10-15,41.19
7950,2563,2023-09-02,41.67
7951,2262,2023-02-17,69.71
7952,74,2023-10-28,53.26
7953,1603,2023-12-22,49.96
7954,509,2023-04-10,48.02
7955,2380,2023-08-01,35.53
7956,688,2023-10-29,162.91
7957,657,2023-06-14,50.67
7958,1543,2023-05-06,48.85
7959,1293,2023-10-29,45.16
7960,1400,2023-05-01,51.82
7961,2648,2023-03-29,39.63
7962,1553,2023-08-05,47.86
7963,1076,2023-03-02,44.11
7964,325,2023-10-29,58.11
7965,992,2023-06-28,39.31
7966,1994,2023-07-09,69.44
7967,717,2023-06-12,40.66
7968,2771,2023-03-22,29.82
7969,277,2023-06-19,48.12
7970,2584,2023-10-28,43.1
7971,152,2023-07-15,181.16
7972,955,2023-07-22,57.21
7973,1507,2023-02-16,51.4
7974,259,2023-06-07,51.42
7975,2372,2023-07-13,219.77
7976,869,2023-10-06,46.2
7977,1192,2023-11-13,56.63
7978,688,2023-09-26,231.11
7979,310,2023-07-18,49.92
7980,2851,2023-08-12,48.17
7981,1503,2023-09-20,32.66
7982,2668,2023-06-15,58.72
7983,473,2023-06-29,64.77
7984,2509,2023-07-11,64.54
7985,814,2023-08-04,42.24
7986,846,2023-10-11,69.47
7987,1165,2023-12-18,61.3
7988,667,2023-04-17,48.7
7989,2310,2023-04-08,57.98
7990,1809,2023-08-18,56.54
7991,1444,2023-09-14,38.79
7992,1768,2023-02-12,36.59
7993,1265,2023-08-30,201.22
7994,355,2023-02-11,47.88
7995,1873,2023-04-05,58.42
7996,2025,2023-09-11,223.22
7997,2818,2023-07-07,219.17
7998,180,2023-11-03,50.82
7999,66,2023-06-16,34.5
8000,820,2023-09-28,65.84
8001,1372,2023-05-05,54.92
8002,171,2023-06-10,30.9
8003,2522,2023-03-28,189.72
8004,2582,2023-11-05,55.51
8005,1391,2023-08-14,47.23
8006,1131,2023-05-25,13.45
8007,2487,2023-12-11,51.51
8008,835,2023-09-05,42.58
8009,227,2023-12-28,66.39
8010,442,2023-01-06,233.83
8011,2444,2023-01-31,169.58
8012,728,2023-07-16,58.65
8013,1605,2023-08-20,175.56
8014,2132,2023-10-23,47.66
8015,1037,2023-11-21,55.79
8016,1833,2023-05-15,53.28
8017,1849,2023-01-13,50.3
8018,2741,2023-01-04,64.02
8019,493,2023-06-27,186.38
8020,1549,2023-08-22,58.11
8021,1144,2023-09-16,59.09
8022,970,2023-05-20,55.18
8023,2401,2023-03-06,49.01
8024,2088,2023-10-10,48.68
8025,640,2023-12-29,50.97
8026,173,2023-11-02,43.34
8027,1571,2023-07-24,1769.27
8028,259,2023-01-17,34.82
8029,517,2023-07-19,51.55
8030,2778,2023-02-01,79.38
8031,523,2023-07-31,42.55
8032,1918,2023-09-30,57.87
8033,2887,2023-10-17,50.09
8034,2165,2023-10-18,42.23
8035,2232,2023-08-22,43.86
8036,1930,2023-07-01,31.22
8037,1140,2023-05-26,57.19
8038,2210,2023-02-19,35.78
8039,2591,2023-04-13,64.0
8040,839,2023-02-02,1504.28
8041,1090,2023-03-30,59.26
8042,1094,2023-12-07,56.62
8043,2495,2023-11-11,1986.42
8044,2464,2023-08-29,41.13
8045,2580,2023-09-23,207.72
8046,2489,2023-08-11,53.11
8047,2786,2023-08-24,50.97
8048,1970,2023-06-02,114.6
8049,2512,2023-02-26,62.17
8050,2444,2023-11-18,38.07
8051,2759,2023-04-22,34.95
8052,1575,2023-01-15,53.39
8053,1581,2023-09-26,65.47
8054,2443,2023-04-24,48.95
8055,2374,2023-09-09,195.63
8056,1115,2023-05-22,34.69
8057,750,2023-04-24,52.47
8058,1094,2023-10-17,50.62
8059,1190,2023-12-23,43.08
8060,2690,2023-01-25,1043.09
8061,2262,2023-11-06,39.96
8062,1876,2023-09-12,234.57
8063,1788,2023-09-25,56.95
8064,2417,2023-05-06,50.8
8065,1608,2023-09-07,185.94
8066,49,2023-10-14,221.56
8067,1076,2023-11-30,35.96
8068,1313,2023-02-22,1891.16
8069,1650,2023-02-12,56.11
8070,2181,2023-06-15,218.48
8071,2834,2023-02-11,52.07
8072,1190,2023-06-25,769.24
8073,1398,2023-03-08,36.79
8074,2421,2023-03-07,63.89
8075,1829,2023-03-24,42.93
8076,479,2023-12-16,59.35
8077,832,2023-04-15,1901.12
8078,2698,2023-10-14,38.13
8079,1615,2023-07-05,62.37
8080,682,2023-10-11,41.9
8081,2736,2023-01-04,42.32
8082,1324,2023-05-18,59.59
8083,82,2023-06-28,41.64
8084,87,2023-08-25,39.05
8085,2273,2023-01-18,58.26
8086,2064,2023-10-30,52.13
8087,822,2023-01-09,72.08
8088,163,2023-01-29,41.82
8089,2562,2023-05-24,43.92
8090,2398,2023-12-14,44.1
8091,1933,2023-05-29,44.71
8092,2729,2023-03-05,54.01
8093,1851,2023-07-06,191.5
8094,1861,2023-08-15,62.99
8095,1116,2023-04-28,47.53
8096,2229,2023-12-22,129.12
8097,2791,2023-09-11,55.11
8098,2708,2023-01-31,54.15
8099,1883,2023-06-10,45.45
8100,2541,2023-08-03,60.95
8101,923,2023-06-18,54.34
8102,2176,2023-03-22,39.96
8103,1450,2023-02-15,37.39
8104,1583,2023-02-18,47.43
8105,565,2023-10-25,55.1
8106,2598,2023-10-10,52.01
8107,2501,2023-03-29,72.35
8108,471,2023-05-01,41.06
8109,988,2023-01-03,50.19
8110,2786,2023-11-12,41.54
8111,1935,2023-08-15,46.74
8112,224,2023-03-20,44.76
8113,2202,2023-05-25,35.27
8114,2608,2023-08-30,68.55
8115,351,2023-02-01,203.14
8116,1929,2023-09-20,46.51
8117,349,2023-07-30,42.2
8118,182,2023-03-12,65.79
8119,637,2023-07-16,48.31
8120,1018,2023-02-27,46.39
8121,2227,2023-04-22,54.41
8122,772,2023-02-17,62.26
8123,2942,2023-07-04,63.71
8124,1016,2023-11-23,61.54
8125,2112,2023-06-14,39.67
8126,29,2023-08-03,62.71
8127,2420,2023-11-27,53.24
8128,2145,2023-11-26,50.56
8129,1894,2023-05-01,213.9
8130,1466,2023-08-01,54.6
8131,1227,2023-11-07,57.09
8132,2069,2023-02-10,43.04
8133,2783,2023-12-19,47.34
8134,1126,2023-10-16,35.18
8135,66,2023-06-17,60.06
8136,2651,2023-02-03,187.17
8137,1135,2023-11-14,57.35
8138,338,2023-10-02,46.59
8139,2171,2023-07-16,269.67
8140,1729,2023-07-10,59.35
8141,447,2023-08-09,43.0
8142,2659,2023-01-10,50.89
8143,2719,2023-04-30,45.21
8144,2663,2023-05-03,59.33
8145,2945,2023-09-04,51.02
8146,281,2023-12-26,32.77
8147,596,2023-08-09,1077.19
8148,1987,2023-09-18,51.72
8149,2751,2023-02-27,52.66
8150,1075,2023-11-11,47.52
8151,210,2023-05-08,59.05
8152,126,2023-07-06,36.68
8153,492,2023-07-24,54.83
8154,970,2023-03-27,40.17
8155,581,2023-04-14,43.4
8156,2825,2023-05-23,46.77
8157,2306,2023-07-24,33.4
8158,1212,2023-05-09,56.44
8159,230,2023-09-03,50.37
8160,189,2023-02-07,40.77
8161,2058,2023-12-29,1120.31
8162,2724,2023-04-19,59.24
8163,502,2023-11-05,45.71
8164,2133,2023-02-21,58.18
8165,49,2023-01-01,69.12
8166,2886,2023-01-11,47.16
8167,689,2023-11-10,26.33
8168,387,2023-08-23,66.63
8169,970,2023-05-08,49.93
8170,1006,2023-08-02,23.94
8171,2266,2023-08-31,59.99
8172,1725,2023-02-13,60.19
8173,2005,2023-01-06,49.16
8174,2303,2023-06-05,48.11
8175,2284,2023-01-08,33.89
8176,1608,2023-01-05,35.34
8177,1790,2023-12-28,50.66
8178,271,2023-07-01,60.29
8179,123,2023-04-22,43.66
8180,2704,2023-09-30,43.08
8181,1281,2023-09-22,45.68
8182,1445,2023-07-31,226.88
8183,259,2023-03-19,28.53
8184,948,2023-09-27,41.31
8185,2095,2023-06-03,64.27
8186,863,2023-08-09,55.61
8187,525,2023-12-13,187.47
8188,888,2023-01-25,62.91
8189,208,2023-12-20,38.73
8190,2795,2023-07-27,47.41
8191,149,2023-01-03,36.17
8192,438,2023-08-03,39.69
8193,2203,2023-04-22,58.28
8194,1722,2023-07-11,26.82
8195,358,2023-02-16,43.2
8196,1241,2023-08-09,53.93
8197,1931,2023-07-06,33.02
8198,456,2023-02-19,73.91
8199,2824,2023-07-16,50.14
8200,1633,2023-08-04,243.06
8201,629,2023-08-09,39.11
8202,2880,2023-03-31,38.82
8203,486,2023-08-20,50.84
8204,2581,2023-11-19,59.02
8205,200,2023-09-15,49.31
8206,371,2023-06-02,41.23
8207,1014,2023-09-13,61.72
8208,1983,2023-09-15,49.81
8209,2901,2023-03-06,1992.95
8210,1472,2023-07-09,55.84
8211,248,2023-04-01,42.46
8212,788,2023-06-22,937.71
8213,2312,2023-09-04,52.79
8214,2079,2023-09-13,52.46
8215,1522,2023-04-26,1672.21
8216,1273,2023-02-18,47.41
8217,605,2023-08-15,42.52
8218,1690,2023-03-10,59.38
8219,1418,2023-05-06,56.46
8220,1821,2023-08-01,52.71
8221,502,2023-02-22,56.94
8222,2934,2023-04-22,53.23
8223,549,2023-06-08,34.58
8224,1366,2023-08-28,66.55
8225,839,2023-05-30,52.71
8226,1431,2023-05-19,54.15
8227,1449,2023-04-23,57.26
8228,848,2023-05-23,46.27
8229,614,2023-05-18,49.33
8230,412,2023-10-31,53.97
8231,2480,2023-01-31,60.17
8232,678,2023-10-20,50.3
8233,159,2023-04-18,62.1
8234,2062,2023-10-11,42.64
8235,373,2023-06-08,43.67
8236,2273,2023-11-22,223.32
8237,1097,2023-01-14,60.91
8238,2559,2023-05-02,261.76
8239,603,2023-08-03,1779.25
8240,216,2023-09-29,1520.62
8241,1997,2023-01-25,46.13
8242,1565,2023-11-18,45.28
8243,1841,2023-10-21,1445.89
8244,1963,2023-06-18,42.28
8245,2888,2023-04-13,211.57
8246,727,2023-12-20,40.18
8247,1245,2023-02-09,48.73
8248,2602,2023-08-23,49.23
8249,1066,2023-11-16,58.23
8250,676,2023-03-30,839.1
8251,2921,2023-04-10,53.47
8252,283,2023-05-24,74.72
8253,1082,2023-03-23,42.9
8254,2882,2023-03-18,42.96
8255,2585,2023-02-28,67.17
8256,1909,2023-08-17,49.51
8257,2971,2023-04-01,65.52
8258,1153,2023-12-20,55.26
8259,2890,2023-01-01,51.64
8260,948,2023-09-26,42.29
8261,665,2023-10-13,59.56
8262,1718,2023-07-16,48.67
8263,1149,2023-10-01,256.82
8264,67,2023-03-19,52.86
8265,2054,2023-05-21,36.72
8266,637,2023-10-15,67.23
8267,314,2023-03-12,58.21
8268,565,2023-02-19,49.78
8269,1602,2023-03-21,42.2
8270,826,2023-08-23,1734.39
8271,2554,2023-10-14,44.65
8272,1106,2023-11-03,57.9
8273,1026,2023-06-04,39.42
8274,2252,2023-03-01,42.37
8275,662,2023-02-02,55.98
8276,805,2023-05-07,46.89
8277,2452,2023-08-09,42.99
8278,536,2023-07-19,43.25
8279,1392,2023-05-06,31.79
8280,1236,2023-02-10,30.34
8281,2625,2023-10-02,55.85
8282,2811,2023-10-24,60.3
8283,1921,2023-03-26,36.99
8284,2165,2023-03-30,46.0
8285,628,2023-02-11,51.22
8286,749,2023-04-30,141.93
8287,105,2023-10-06,54.99
8288,2543,2023-02-02,44.6
8289,46,2023-10-03,61.57
8290,2871,2023-06-02,46.89
8291,1355,2023-03-31,42.73
8292,1240,2023-04-14,41.0
8293,982,2023-01-12,53.14
8294,960,2023-06-09,58.7
8295,1516,2023-07-15,260.68
8296,1837,2023-11-03,62.07
8297,2893,2023-09-19,38.05
8298,2497,2023-04-01,42.54
8299,2584,2023-07-16,35.1
8300,2559,2023-03-10,48.92
8301,1482,2023-08-08,34.39
8302,1560,2023-08-02,50.51
8303,2588,2023-05-26,67.53
8304,1508,2023-08-21,50.06
8305,2064,2023-08-22,68.55
8306,2001,2023-08-02,53.34
8307,2291,2023-03-02,45.99
8308,1974,2023-12-29,876.91
8309,912,2023-03-19,43.24
8310,1295,2023-04-05,61.04
8311,2809,2023-11-26,44.03
8312,1803,2023-08-04,158.69
8313,2753,2023-08-01,58.44
8314,1754,2023-10-31,1227.05
8315,115,2023-07-19,63.75
8316,1604,2023-12-18,51.29
8317,1323,2023-01-31,49.41
8318,1861,2023-10-17,64.49
8319,2445,2023-12-09,213.72
8320,2442,2023-05-15,46.52
8321,1099,2023-03-24,46.72
8322,978,2023-02-16,69.61
8323,1506,2023-07-25,49.25
8324,1127,2023-03-18,207.26
8325,297,2023-09-16,52.78
8326,2226,2023-04-02,54.26
8327,2363,2023-04-10,49.26
8328,1063,2023-07-14,42.87
8329,259,2023-07-11,66.96
8330,2055,2023-03-09,57.24
8331,2097,2023-08-30,40.96
8332,2209,2023-03-31,212.58
8333,1893,2023-12-11,1924.33
8334,176,2023-01-10,1714.26
8335,1001,2023-09-21,53.17
8336,1919,2023-09-25,64.73
8337,2503,2023-11-16,58.73
8338,1668,2023-04-28,54.25
8339,276,2023-09-07,42.9
8340,2546,2023-02-28,61.63
8341,676,2023-07-14,56.56
8342,1824,2023-02-19,30.21
8343,1052,2023-10-23,36.83
8344,1357,2023-04-07,26.49
8345,2104,2023-05-07,38.26
8346,547,2023-09-03,46.16
8347,1136,2023-03-28,179.52
8348,2084,2023-03-18,39.03
8349,2041,2023-07-23,56.1
8350,439,2023-05-26,58.22
8351,1753,2023-05-29,40.7
8352,1616,2023-04-21,44.61
8353,1850,2023-05-09,61.98
8354,2643,2023-09-10,61.48
8355,1601,2023-06-15,51.51
8356,1664,2023-10-24,169.93
8357,307,2023-05-17,59.69
8358,619,2023-10-06,59.31
8359,1133,2023-11-30,42.01
8360,1396,2023-01-11,41.9
8361,2405,2023-03-12,62.46
8362,2229,2023-06-08,140.02
8363,1380,2023-08-04,30.21
8364,1700,2023-01-26,33.88
8365,2116,2023-10-13,49.63
8366,2340,2023-06-11,44.84
8367,2740,2023-04-12,40.26
8368,181,2023-03-10,44.45
8369,2482,2023-05-13,59.19
8370,1488,2023-07-08,63.13
8371,914,2023-07-30,226.38
8372,1558,2023-08-31,29.02
8373,2114,2023-06-15,54.75
8374,1045,2023-03-02,199.38
8375,1636,2023-12-28,2325.8
8376,2432,2023-10-06,50.09
8377,1639,2023-04-23,32.73
8378,1583,2023-01-30,48.7
8379,2087,2023-11-19,40.88
8380,1309,2023-06-10,202.33
8381,822,2023-08-22,37.32
8382,602,2023-12-05,35.11
8383,1621,2023-06-19,71.1
8384,785,2023-11-14,47.02
8385,1212,2023-07-05,57.24
8386,671,2023-02-26,54.42
8387,1267,2023-08-28,63.13
8388,1097,2023-09-14,48.46
8389,2527,2023-12-24,52.03
8390,1998,2023-07-20,49.24
8391,2609,2023-11-21,1725.49
8392,101,2023-11-11,48.87
8393,2562,2023-10-29,52.32
8394,1780,2023-04-16,246.55
8395,176,2023-10-17,177.1
8396,238,2023-04-11,43.24
8397,2958,2023-04-07,33.53
8398,1123,2023-06-02,1605.98
8399,2919,2023-01-29,57.57
8400,1978,2023-06-02,41.25
8401,2543,2023-03-14,221.91
8402,2995,2023-09-11,980.47
8403,2004,2023-01-04,50.87
8404,1538,2023-08-25,41.46
8405,755,2023-02-07,47.46
8406,2259,2023-01-20,55.55
8407,1147,2023-04-23,50.44
8408,1412,2023-01-23,34.76
8409,140,2023-05-16,57.42
8410,541,2023-09-05,71.58
8411,1415,2023-10-28,40.6
8412,270,2023-04-07,37.84
8413,1036,2023-02-02,65.7
8414,1891,2023-05-15,261.17
8415,506,2023-09-12,69.44
8416,1130,2023-10-05,1912.45
8417,2080,2023-05-13,35.13
8418,1873,2023-08-26,49.72
8419,1093,2023-01-15,34.9
8420,813,2023-10-04,45.97
8421,362,2023-05-06,51.56
8422,1457,2023-12-11,55.21
8423,929,2023-01-17,54.21
8424,100,2023-11-08,25.71
8425,1682,2023-02-19,35.18
8426,2057,2023-05-15,40.12
8427,2745,2023-04-28,238.85
8428,1053,2023-11-02,49.08
8429,2510,2023-03-01,44.8
8430,921,2023-05-05,55.99
8431,2438,2023-04-26,67.74
8432,632,2023-06-22,259.36
8433,682,2023-07-06,49.84
8434,2205,2023-03-29,43.38
8435,2383,2023-07-22,54.11
8436,2308,2023-12-27,67.92
8437,2130,2023-11-07,1139.55
8438,754,2023-11-16,32.01
8439,1465,2023-07-01,68.49
8440,720,2023-12-18,59.33
8441,75,2023-06-17,38.61
8442,1294,2023-06-30,60.35
8443,1923,2023-10-27,39.74
8444,2674,2023-05-10,157.9
8445,62,2023-05-29,43.33
8446,874,2023-11-02,76.61
8447,320,2023-07-28,43.37
8448,2150,2023-04-21,51.93
8449,1453,2023-05-17,225.86
8450,874,2023-12-21,34.81
8451,1746,2023-07-30,152.7
8452,2303,2023-05-26,29.91
8453,1556,2023-03-25,46.78
8454,2618,2023-01-30,39.45
8455,112,2023-03-06,38.03
8456,461,2023-01-24,51.28
8457,2756,2023-07-30,54.03
8458,887,2023-08-10,40.02
8459,1116,2023-03-31,41.02
8460,1076,2023-04-16,66.74
8461,520,2023-06-21,43.33
8462,812,2023-08-18,60.09
8463,2284,2023-03-18,41.97
8464,1925,2023-03-09,39.0
8465,1605,2023-12-31,69.76
8466,927,2023-12-19,45.28
8467,557,2023-04-02,42.52
8468,2697,2023-03-29,43.45
8469,2282,2023-02-19,56.23
8470,1056,2023-04-13,72.57
8471,579,2023-02-15,59.85
8472,542,2023-06-28,62.81
8473,2162,2023-09-24,47.33
8474,2252,2023-09-25,59.28
8475,1053,2023-11-16,26.96
8476,2691,2023-01-08,43.16
8477,474,2023-09-22,46.48
8478,2745,2023-03-19,37.12
8479,2301,2023-08-28,64.84
8480,905,2023-09-15,37.06
8481,1946,2023-07-15,44.28
8482,386,2023-11-26,45.33
8483,62,2023-05-11,19.06
8484,515,2023-12-09,37.03
8485,430,2023-09-18,47.09
8486,580,2023-08-30,56.9
8487,1561,2023-06-20,77.43
8488,1165,2023-05-27,56.18
8489,2791,2023-09-27,43.16
8490,1324,2023-05-29,28.81
8491,2723,2023-10-26,41.15
8492,2359,2023-01-28,55.66
8493,471,2023-05-29,32.4
8494,1417,2023-10-07,48.84
8495,1666,2023-07-01,37.16
8496,1469,2023-06-15,55.03
8497,809,2023-01-17,47.36
8498,172,2023-05-30,67.02
8499,2624,2023-12-05,63.33
8500,31,2023-02-14,52.56
8501,47,2023-11-26,64.09
8502,130,2023-07-08,54.82
8503,2400,2023-05-19,55.95
8504,978,2023-03-02,69.96
8505,1646,2023-10-21,53.74
8506,1605,2023-11-18,57.28
8507,58,2023-02-02,72.31
8508,1130,2023-10-26,51.21
8509,2860,2023-04-22,63.05
8510,1354,2023-10-18,46.02
8511,768,2023-02-06,52.52
8512,683,2023-04-10,36.87
8513,2009,2023-01-23,36.88
8514,2334,2023-08-06,57.4
8515,1791,2023-03-30,50.04
8516,1478,2023-07-28,50.58
8517,886,2023-09-28,53.91
8518,397,2023-08-25,47.73
8519,1539,2023-07-28,48.98
8520,2074,2023-10-05,55.75
8521,313,2023-07-25,61.77
8522,2174,2023-03-19,56.56
8523,1589,2023-11-24,29.56
8524,1222,2023-04-08,57.33
8525,811,2023-12-12,46.0
8526,2236,2023-12-31,219.34
8527,2746,2023-12-16,50.74
8528,2858,2023-12-02,49.45
8529,2764,2023-04-04,54.66
8530,2033,2023-03-21,54.81
8531,1508,2023-02-07,201.12
8532,450,2023-08-16,54.87
8533,2571,2023-05-14,35.14
8534,1895,2023-07-15,49.21
8535,1378,2023-10-09,45.6
8536,2706,2023-04-11,52.46
8537,597,2023-03-16,49.6
8538,2148,2023-10-21,40.7
8539,616,2023-07-27,205.2
8540,948,2023-03-24,44.86
8541,1582,2023-05-23,40.42
8542,556,2023-02-25,215.17
8543,278,2023-12-27,44.3
8544,2014,2023-10-14,170.53
8545,491,2023-07-30,47.69
8546,255,2023-06-28,51.8
8547,2429,2023-02-27,38.33
8548,892,2023-03-14,59.37
8549,542,2023-08-03,56.01
8550,1288,2023-09-23,60.35
8551,1634,2023-03-14,56.47
8552,825,2023-09-28,39.55
8553,2927,2023-12-20,25.1
8554,1353,2023-08-22,41.44
8555,281,2023-11-15,45.56
8556,1299,2023-01-19,64.26
8557,773,2023-04-23,54.57
8558,2891,2023-03-04,40.03
8559,2767,2023-07-03,66.55
8560,328,2023-10-04,45.09
8561,2259,2023-06-11,48.11
8562,2775,2023-08-31,56.13
8563,923,2023-05-25,55.77
8564,552,2023-05-26,62.32
8565,2074,2023-03-22,217.04
8566,2075,2023-11-18,41.93
8567,702,2023-11-17,63.17
8568,1920,2023-02-12,68.54
8569,2730,2023-11-09,65.83
8570,2461,2023-10-20,234.71
8571,167,2023-06-25,41.83
8572,169,2023-03-10,44.61
8573,229,2023-02-25,53.52
8574,2003,2023-04-29,66.24
8575,367,2023-07-23,55.05
8576,528,2023-02-24,156.56
8577,791,2023-02-07,52.08
8578,524,2023-08-31,64.77
8579,1096,2023-07-20,46.97
8580,1669,2023-08-24,63.84
8581,2154,2023-01-15,31.48
8582,2780,2023-05-24,1592.37
8583,1909,2023-03-18,46.22
8584,1306,2023-11-05,178.49
8585,133,2023-09-20,57.95
8586,2582,2023-07-04,2157.91
8587,2317,2023-02-24,68.22
8588,2721,2023-11-04,42.75
8589,1643,2023-01-04,60.01
8590,2839,2023-10-26,29.75
8591,1889,2023-02-09,1531.08
8592,1771,2023-08-18,58.49
8593,18,2023-10-13,52.16
8594,1778,2023-05-18,38.38
8595,117,2023-04-13,58.76
8596,798,2023-01-07,51.78
8597,2599,2023-06-13,52.06
8598,2977,2023-12-31,46.2
8599,1712,2023-10-03,46.35
8600,753,2023-02-18,52.52
8601,2470,2023-04-06,50.32
8602,1393,2023-02-28,50.03
8603,2694,2023-08-19,55.09
8604,2606,2023-06-26,50.52
8605,2098,2023-03-31,39.94
8606,678,2023-10-09,57.81
8607,106,2023-02-05,39.18
8608,658,2023-06-20,58.49
8609,1947,2023-05-06,158.89
8610,1449,2023-10-26,49.18
8611,1096,2023-12-21,56.57
8612,988,2023-07-23,41.54
8613,2890,2023-10-16,40.74
8614,1809,2023-12-22,62.63
8615,1783,2023-04-07,37.35
8616,446,2023-08-26,62.07
8617,1949,2023-06-22,1913.86
8618,2118,2023-10-28,50.03
8619,1998,2023-03-29,64.01
8620,2198,2023-12-17,42.6
8621,774,2023-01-17,46.48
8622,1562,2023-05-20,54.58
8623,1676,2023-09-11,178.73
8624,1123,2023-10-05,246.33
8625,1302,2023-05-31,56.23
8626,1587,2023-12-12,38.39
8627,1687,2023-11-30,37.76
8628,944,2023-05-20,48.08
8629,455,2023-04-24,44.0
8630,1128,2023-03-09,52.89
8631,946,2023-06-28,60.11
8632,601,2023-05-05,52.62
8633,2701,2023-11-09,36.04
8634,725,2023-11-07,135.49
8635,2281,2023-12-04,44.6
8636,1418,2023-12-29,50.47
8637,1525,2023-12-24,48.01
8638,251,2023-08-21,53.28
8639,1545,2023-05-27,60.25
8640,79,2023-04-21,52.24
8641,898,2023-12-29,33.46
8642,2969,2023-12-24,51.05
8643,781,2023-08-26,139.53
8644,226,2023-01-03,51.13
8645,1075,2023-07-30,47.98
8646,1210,2023-01-25,55.8
8647,1058,2023-11-27,65.07
8648,803,2023-07-03,50.6
8649,742,2023-03-02,44.41
8650,2179,2023-05-03,272.84
8651,2680,2023-02-24,42.09
8652,2886,2023-06-12,47.75
8653,2807,2023-07-06,213.15
8654,704,2023-02-08,65.91
8655,2545,2023-07-04,44.05
8656,1427,2023-03-24,197.43
8657,2371,2023-07-14,49.71
8658,615,2023-02-03,43.1
8659,329,2023-04-23,46.23
8660,1396,2023-08-18,51.19
8661,1484,2023-10-10,56.3
8662,133,2023-10-14,49.15
8663,835,2023-06-04,50.42
8664,2699,2023-06-14,51.67
8665,121,2023-07-01,1977.62
8666,2654,2023-08-27,50.38
8667,1476,2023-05-17,57.99
8668,965,2023-12-05,20.35
8669,129,2023-09-23,2480.65
8670,1599,2023-07-06,39.18
8671,2077,2023-02-09,45.86
8672,2770,2023-11-06,63.69
8673,1548,2023-06-16,51.18
8674,333,2023-09-17,54.32
8675,1154,2023-05-23,61.05
8676,1317,2023-07-23,42.27
8677,1197,2023-06-25,37.16
8678,2992,2023-09-19,54.83
8679,1430,2023-09-09,62.19
8680,356,2023-11-25,37.82
8681,139,2023-07-19,1352.23
8682,1527,2023-07-18,56.13
8683,1198,2023-07-15,50.53
8684,29,2023-11-10,42.09
8685,931,2023-03-18,49.6
8686,2544,2023-01-19,43.39
8687,1014,2023-03-03,1517.44
8688,2703,2023-11-23,58.29
8689,828,2023-10-08,46.07
8690,351,2023-09-07,1614.19
8691,2602,2023-08-15,45.92
8692,2025,2023-05-07,42.7
8693,299,2023-02-27,208.57
8694,1744,2023-07-23,39.09
8695,1866,2023-08-31,61.59
8696,1216,2023-11-28,30.7
8697,1696,2023-11-22,190.98
8698,2112,2023-09-09,41.11
8699,755,2023-11-18,39.5
8700,770,2023-07-18,43.07
8701,1239,2023-12-09,49.15
8702,834,2023-08-28,57.2
8703,2214,2023-05-19,62.92
8704,1907,2023-05-02,46.32
8705,1565,2023-02-18,56.98
8706,1219,2023-10-31,36.81
8707,506,2023-04-25,57.46
8708,1358,2023-12-09,52.62
8709,2841,2023-09-08,53.33
8710,2881,2023-01-07,48.21
8711,1461,2023-08-07,53.11
8712,2906,2023-03-18,36.59
8713,1417,2023-06-28,71.12
8714,2854,2023-05-25,192.56
8715,1173,2023-06-03,32.03
8716,761,2023-05-01,50.29
8717,833,2023-05-04,35.91
8718,1429,2023-05-30,53.82
8719,283,2023-09-25,48.72
8720,379,2023-11-23,57.46
8721,198,2023-01-01,221.39
8722,556,2023-06-10,53.99
8723,356,2023-09-01,31.37
8724,1564,2023-09-08,60.15
8725,1041,2023-03-05,38.29
8726,2687,2023-10-26,62.61
8727,379,2023-09-05,40.62
8728,680,2023-10-24,49.49
8729,2554,2023-04-25,48.78
8730,1780,2023-10-22,42.14
8731,899,2023-01-01,47.83
8732,76,2023-02-10,57.38
8733,231,2023-06-22,174.06
8734,1740,2023-03-29,59.08
8735,962,2023-04-08,64.4
8736,2350,2023-03-29,49.61
8737,2774,2023-09-08,56.37
8738,2263,2023-12-01,55.5
8739,2117,2023-05-21,39.74
8740,393,2023-03-12,54.17
8741,1109,2023-05-17,219.0
8742,267,2023-04-09,40.4
8743,1093,2023-05-31,63.5
8744,611,2023-06-24,37.46
8745,1371,2023-06-16,230.37
8746,1009,2023-12-09,51.59
8747,962,2023-09-14,57.65
8748,2776,2023-08-12,50.17
8749,673,2023-11-26,1406.94
8750,2471,2023-03-06,13.65
8751,1701,2023-03-10,47.36
8752,2163,2023-03-08,43.19
8753,2268,2023-02-19,46.09
8754,31,2023-11-10,60.92
8755,1367,2023-11-05,206.72
8756,1401,2023-04-01,215.15
8757,1154,2023-04-25,57.39
8758,617,2023-02-26,46.12
8759,539,2023-12-08,47.67
8760,2787,2023-01-18,41.16
8761,871,2023-09-29,49.79
8762,101,2023-05-10,1692.89
8763,1413,2023-09-26,66.1
8764,2740,2023-03-21,61.43
8765,941,2023-10-26,48.88
8766,341,2023-11-06,40.93
8767,2909,2023-07-21,45.98
8768,1044,2023-08-13,1479.55
8769,38,2023-06-08,58.78
8770,660,2023-07-23,34.27
8771,2034,2023-05-17,53.9
8772,1561,2023-03-14,36.45
8773,1657,2023-02-17,60.57
8774,2976,2023-01-18,40.31
8775,1050,2023-09-24,57.82
8776,454,2023-12-06,52.62
8777,1705,2023-01-19,63.74
8778,1347,2023-04-10,46.46
8779,2785,2023-04-26,47.64
8780,819,2023-12-12,69.98
8781,773,2023-03-15,54.89
8782,13,2023-10-07,65.33
8783,2963,2023-09-26,59.15
8784,921,2023-05-05,66.07
8785,825,2023-04-26,41.71
8786,2419,2023-06-23,58.06
8787,1315,2023-06-30,51.52
8788,2380,2023-08-14,45.83
8789,2309,2023-06-06,53.88
8790,2018,2023-06-13,42.5
8791,1229,2023-03-12,55.34
8792,697,2023-08-10,58.29
8793,2735,2023-05-06,47.53
8794,950,2023-05-25,56.77
8795,2435,2023-06-25,39.42
8796,2869,2023-06-01,34.21
8797,2516,2023-07-01,66.06
8798,1439,2023-12-13,66.0
8799,69,2023-03-26,59.59
8800,1782,2023-12-30,60.95
8801,2248,2023-05-01,41.69
8802,2264,2023-05-09,49.54
8803,1970,2023-01-06,44.0
8804,212,2023-11-30,37.27
8805,508,2023-07-02,52.65
8806,2064,2023-02-07,54.22
8807,1522,2023-04-26,38.45
8808,2932,2023-04-12,51.44
8809,332,2023-01-08,1496.77
8810,2765,2023-08-06,42.81
8811,551,2023-07-26,50.43
8812,1625,2023-03-19,47.75
8813,942,2023-02-24,68.34
8814,2304,2023-10-31,47.53
8815,728,2023-08-16,178.81
8816,880,2023-03-29,44.32
8817,2863,2023-01-10,58.45
8818,649,2023-11-04,63.62
8819,1000,2023-10-17,55.89
8820,1522,2023-06-13,43.57
8821,2519,2023-08-27,49.66
8822,2738,2023-11-13,62.28
8823,1613,2023-05-24,46.44
8824,2748,2023-12-01,42.28
8825,2555,2023-01-18,38.33
8826,1010,2023-03-12,58.09
8827,1551,2023-06-24,23.76
8828,804,2023-12-08,48.06
8829,2879,2023-10-15,31.36
8830,214,2023-10-26,49.64
8831,169,2023-12-05,1178.89
8832,978,2023-09-05,44.88
8833,1329,2023-07-12,182.31
8834,146,2023-11-21,1021.22
8835,1799,2023-11-02,46.72
8836,516,2023-09-25,81.4
8837,453,2023-07-23,49.21
8838,60,2023-12-07,42.67
8839,528,2023-05-03,67.0
8840,1024,2023-02-27,40.09
8841,2522,2023-12-05,40.46
8842,1565,2023-07-20,43.76
8843,2805,2023-04-22,56.45
8844,2830,2023-05-08,43.04
8845,1103,2023-02-05,70.18
8846,433,2023-08-22,51.18
8847,1177,2023-11-06,64.78
8848,401,2023-02-16,44.15
8849,2105,2023-04-25,37.44
8850,2234,2023-09-12,41.04
8851,2446,2023-08-11,41.29
8852,605,2023-05-04,62.33
8853,2836,2023-06-09,49.94
8854,2206,2023-04-06,30.11
8855,1811,2023-04-17,52.95
8856,1464,2023-04-30,58.11
8857,2637,2023-04-11,60.39
8858,2514,2023-04-13,33.8
8859,2494,2023-06-15,47.12
8860,1774,2023-07-05,49.19
8861,2849,2023-02-01,1694.54
8862,1554,2023-03-07,42.2
8863,1097,2023-06-28,53.43
8864,929,2023-09-24,1696.34
8865,1952,2023-02-06,55.76
8866,1974,2023-07-20,59.17
8867,2065,2023-12-24,40.18
8868,1555,2023-02-18,42.23
8869,2779,2023-10-02,1476.45
8870,326,2023-06-17,1345.78
8871,995,2023-09-20,53.92
8872,613,2023-05-13,53.23
8873,2594,2023-10-25,225.8
8874,596,2023-12-10,55.14
8875,921,2023-06-25,37.38
8876,842,2023-01-11,29.25
8877,1226,2023-07-20,33.04
8878,344,2023-10-24,30.08
8879,1877,2023-01-03,54.78
8880,859,2023-08-02,45.8
8881,1424,2023-10-23,55.39
8882,445,2023-11-03,159.59
8883,1789,2023-02-01,165.01
8884,222,2023-02-17,55.56
8885,592,2023-11-23,223.16
8886,1031,2023-09-09,52.91
8887,1296,2023-07-18,37.76
8888,1018,2023-03-30,226.87
8889,2064,2023-04-19,48.2
8890,1448,2023-10-18,246.09
8891,2046,2023-04-18,72.6
8892,524,2023-02-09,55.89
8893,2851,2023-02-21,190.32
8894,2069,2023-04-22,47.01
8895,2276,2023-10-22,55.55
8896,1809,2023-03-09,64.74
8897,1312,2023-07-08,54.97
8898,2857,2023-11-28,50.89
8899,1307,2023-07-28,42.2
8900,2452,2023-03-06,77.43
8901,1090,2023-03-03,45.06
8902,1673,2023-09-15,69.7
8903,437,2023-05-14,1368.38
8904,829,2023-05-02,184.32
8905,2982,2023-11-27,137.96
8906,259,2023-06-20,50.56
8907,2004,2023-07-29,226.02
8908,1990,2023-10-23,47.11
8909,103,2023-03-30,234.92
8910,993,2023-06-16,54.78
8911,769,2023-01-28,48.78
8912,1125,2023-08-26,40.13
8913,1222,2023-12-02,36.75
8914,2861,2023-03-04,248.73
8915,2274,2023-09-12,48.89
8916,2991,2023-02-10,41.52
8917,2511,2023-01-29,35.99
8918,237,2023-10-06,59.81
8919,1145,2023-03-21,45.71
8920,2554,2023-02-20,49.18
8921,2862,2023-04-22,53.94
8922,767,2023-12-27,42.56
8923,2682,2023-10-28,67.24
8924,991,2023-03-31,41.01
8925,2666,2023-08-17,46.28
8926,1760,2023-05-30,55.76
8927,2321,2023-08-31,54.34
8928,2280,2023-05-18,48.23
8929,2816,2023-05-15,954.45
8930,496,2023-03-30,56.09
8931,1048,2023-01-15,40.85
8932,1727,2023-11-29,41.4
8933,2550,2023-12-28,59.2
8934,2073,2023-06-23,203.56
8935,2336,2023-03-31,42.45
8936,338,2023-08-01,216.94
8937,1938,2023-12-09,65.68
8938,1818,2023-03-02,212.12
8939,137,2023-12-30,47.88
8940,2556,2023-08-08,56.84
8941,2275,2023-03-02,255.16
8942,320,2023-11-03,50.81
8943,1864,2023-06-15,63.28
8944,916,2023-01-12,47.9
8945,1206,2023-08-04,69.18
8946,1898,2023-03-18,50.34
8947,2134,2023-08-20,191.26
8948,926,2023-04-22,50.22
8949,2101,2023-03-07,55.92
8950,2908,2023-07-01,57.2
8951,2915,2023-07-23,49.15
8952,1259,2023-07-25,65.15
8953,1983,2023-10-13,54.68
8954,433,2023-04-15,55.39
8955,999,2023-08-30,48.51
8956,2148,2023-08-23,44.35
8957,990,2023-06-25,42.52
8958,599,2023-07-30,58.73
8959,2451,2023-01-31,50.31
8960,396,2023-08-23,1548.91
8961,415,2023-08-30,55.91
8962,939,2023-06-02,29.88
8963,1637,2023-07-15,57.97
8964,2725,2023-09-26,41.01
8965,2511,2023-06-19,62.12
8966,541,2023-12-23,84.29
8967,1650,2023-11-19,51.76
8968,1946,2023-12-02,64.35
8969,84,2023-08-20,44.42
8970,271,2023-07-03,53.2
8971,2292,2023-12-25,55.45
8972,388,2023-10-02,43.2
8973,214,2023-02-01,260.16
8974,2866,2023-06-26,71.65
8975,59,2023-03-06,57.16
8976,1626,2023-07-17,57.9
8977,2931,2023-01-27,46.76
8978,843,2023-05-31,42.58
8979,2972,2023-10-30,56.56
8980,1528,2023-09-25,217.2
8981,1730,2023-03-26,62.33
8982,123,2023-03-07,57.46
8983,1437,2023-05-13,52.08
8984,1163,2023-03-23,53.7
8985,2487,2023-11-15,64.38
8986,562,2023-11-24,238.88
8987,2166,2023-04-08,63.82
8988,1738,2023-03-14,156.92
8989,905,2023-11-23,57.71
8990,395,2023-01-30,58.81
8991,1727,2023-05-05,47.46
8992,2924,2023-07-29,44.54
8993,1717,2023-09-29,38.51
8994,935,2023-08-01,166.0
8995,1102,2023-05-13,50.73
8996,3000,2023-06-06,51.67
8997,1436,2023-02-16,52.41
8998,75,2023-12-23,50.7
8999,295,2023-12-29,56.96
9000,21,2023-01-22,60.76
9001,1039,2023-03-24,244.24
9002,1235,2023-08-22,24.74
9003,560,2023-03-01,44.13
9004,1110,2023-07-07,62.59
9005,1173,2023-02-27,38.04
9006,372,2023-09-16,51.61
9007,2028,2023-06-11,51.01
9008,818,2023-10-28,38.71
9009,1175,2023-11-02,44.52
9010,1165,2023-01-02,50.33
9011,1093,2023-09-28,37.9
9012,1284,2023-05-23,66.88
9013,2012,2023-07-07,60.48
9014,846,2023-12-18,72.63
9015,1992,2023-12-07,30.71
9016,521,2023-08-12,38.9
9017,371,2023-06-29,62.81
9018,1443,2023-01-23,1257.73
9019,101,2023-12-21,52.82
9020,661,2023-02-06,58.56
9021,1682,2023-04-17,37.44
9022,243,2023-10-24,156.21
9023,2801,2023-08-17,53.72
9024,512,2023-11-09,55.16
9025,2897,2023-04-07,57.87
9026,2603,2023-10-08,58.19
9027,2274,2023-04-20,33.79
9028,1542,2023-02-06,192.73
9029,2262,2023-02-09,44.27
9030,2766,2023-03-26,63.57
9031,2115,2023-10-29,49.98
9032,396,2023-07-07,31.42
9033,612,2023-08-28,58.77
9034,1261,2023-12-24,45.86
9035,1858,2023-12-20,51.1
9036,770,2023-01-19,49.26
9037,1423,2023-12-13,44.68
9038,407,2023-11-21,46.92
9039,2973,2023-09-18,64.32
9040,1873,2023-06-07,65.98
9041,1504,2023-10-31,808.41
9042,2695,2023-04-22,39.37
9043,2270,2023-05-24,36.62
9044,1180,2023-09-13,1674.54
9045,654,2023-01-18,44.62
9046,2476,2023-07-03,55.34
9047,1182,2023-10-14,45.67
9048,977,2023-05-11,42.96
9049,1440,2023-10-08,38.24
9050,2419,2023-09-02,30.49
9051,1368,2023-01-08,186.53
9052,2898,2023-07-12,56.68
9053,2904,2023-11-14,60.83
9054,229,2023-01-07,50.42
9055,2328,2023-05-16,63.34
9056,1894,2023-01-19,1359.3
9057,1314,2023-05-19,1313.09
9058,1071,2023-06-26,94.79
9059,975,2023-01-11,53.57
9060,1739,2023-02-10,60.69
9061,758,2023-04-24,55.4
9062,321,2023-06-29,57.29
9063,2322,2023-07-13,56.08
9064,556,2023-07-15,46.76
9065,844,2023-12-14,47.55
9066,1337,2023-08-13,57.95
9067,1387,2023-11-27,31.92
9068,668,2023-11-19,55.69
9069,2428,2023-09-18,50.51
9070,2759,2023-04-26,39.23
9071,1943,2023-05-30,25.29
9072,2005,2023-04-28,58.53
9073,1931,2023-06-14,61.14
9074,746,2023-09-09,243.17
9075,675,2023-09-24,222.12
9076,2164,2023-02-13,60.42
9077,2653,2023-06-30,39.32
9078,1066,2023-03-18,31.34
9079,2427,2023-04-26,46.9
9080,2514,2023-03-08,42.74
9081,2328,2023-01-13,55.95
9082,618,2023-04-02,60.9
9083,2166,2023-09-03,24.54
9084,2357,2023-09-24,44.85
9085,2148,2023-05-19,53.31
9086,2309,2023-12-07,36.07
9087,993,2023-09-01,60.46
9088,1329,2023-12-07,54.57
9089,1378,2023-09-30,52.95
9090,286,2023-10-31,55.33
9091,2376,2023-07-10,59.37
9092,2111,2023-04-07,36.76
9093,687,2023-11-27,38.66
9094,1306,2023-07-24,52.73
9095,1465,2023-05-17,48.26
9096,738,2023-03-18,46.4
9097,2687,2023-02-06,48.69
9098,2984,2023-10-13,35.51
9099,1959,2023-10-30,46.23
9100,1895,2023-05-15,50.63
9101,2524,2023-05-22,51.3
9102,1486,2023-09-11,45.57
9103,2101,2023-02-17,73.18
9104,2802,2023-09-12,54.56
9105,486,2023-05-14,59.32
9106,1514,2023-10-17,54.78
9107,2002,2023-07-27,53.0
9108,1388,2023-04-11,35.53
9109,2457,2023-02-15,49.93
9110,1031,2023-03-11,43.37
9111,1766,2023-05-16,58.64
9112,668,2023-10-07,49.75
9113,1221,2023-03-08,50.44
9114,835,2023-01-04,44.87
9115,876,2023-08-12,37.78
9116,2415,2023-01-01,59.67
9117,1002,2023-10-17,52.72
9118,250,2023-04-19,46.86
9119,1940,2023-09-22,38.65
9120,1619,2023-03-04,47.26
9121,1264,2023-09-23,51.68
9122,2428,2023-05-18,50.44
9123,872,2023-02-13,41.48
9124,835,2023-09-19,52.88
9125,2823,2023-08-04,2475.73
9126,919,2023-05-01,48.11
9127,1725,2023-06-01,54.17
9128,2503,2023-08-01,47.76
9129,2414,2023-08-22,172.8
9130,1314,2023-12-17,41.67
9131,1898,2023-04-21,56.29
9132,403,2023-12-27,58.62
9133,2106,2023-11-16,1097.7
9134,2569,2023-08-10,40.46
9135,1328,2023-08-14,47.57
9136,1139,2023-07-29,38.54
9137,210,2023-03-12,60.77
9138,1065,2023-12-26,186.06
9139,816,2023-03-30,185.7
9140,2221,2023-09-19,42.72
9141,234,2023-07-07,61.11
9142,793,2023-04-22,41.43
9143,1908,2023-08-27,53.56
9144,1614,2023-09-13,45.82
9145,2841,2023-05-30,45.02
9146,2167,2023-05-07,32.0
9147,335,2023-11-15,38.89
9148,1360,2023-10-01,51.03
9149,1640,2023-11-29,55.5
9150,1098,2023-05-19,132.49
9151,1215,2023-04-13,52.2
9152,324,2023-08-30,56.6
9153,1791,2023-04-27,35.87
9154,284,2023-08-02,206.32
9155,213,2023-01-17,43.02
9156,1659,2023-06-28,36.31
9157,1742,2023-08-12,49.48
9158,929,2023-09-27,58.39
9159,752,2023-11-09,33.7
9160,1418,2023-12-15,42.27
9161,2387,2023-05-14,51.02
9162,1822,2023-04-24,1881.62
9163,1046,2023-05-12,42.8
9164,1795,2023-05-19,56.97
9165,1893,2023-12-31,56.25
9166,105,2023-08-20,45.93
9167,1490,2023-04-02,60.13
9168,1483,2023-09-24,165.7
9169,1456,2023-04-09,39.57
9170,770,2023-07-26,50.72
9171,2764,2023-01-08,44.27
9172,2811,2023-11-17,66.72
9173,1960,2023-04-03,45.13
9174,2028,2023-06-07,223.46
9175,379,2023-12-26,247.6
9176,713,2023-04-09,54.34
9177,1373,2023-08-13,42.94
9178,225,2023-12-06,53.24
9179,1738,2023-07-27,62.44
9180,738,2023-03-14,44.3
9181,236,2023-02-28,45.85
9182,183,2023-10-14,51.95
9183,712,2023-03-05,63.68
9184,1893,2023-09-13,45.53
9185,2492,2023-02-17,51.45
9186,1889,2023-10-06,62.16
9187,623,2023-07-17,32.69
9188,1260,2023-06-07,47.38
9189,1151,2023-11-07,147.17
9190,749,2023-01-07,54.7
9191,2203,2023-09-05,64.38
9192,2305,2023-08-20,49.96
9193,2283,2023-04-16,34.79
9194,2548,2023-04-08,49.95
9195,2337,2023-09-25,38.45
9196,510,2023-03-01,53.71
9197,1576,2023-11-04,235.58
9198,1824,2023-05-20,219.71
9199,2757,2023-11-24,36.66
9200,785,2023-07-09,61.97
9201,2942,2023-05-05,1592.41
9202,2824,2023-06-12,54.02
9203,2346,2023-03-01,32.93
9204,137,2023-01-31,41.17
9205,2424,2023-11-29,241.69
9206,2135,2023-03-17,60.82
9207,1778,2023-08-31,50.39
9208,1223,2023-11-13,74.12
9209,2485,2023-09-15,55.58
9210,1334,2023-07-09,56.14
9211,1778,2023-11-11,51.94
9212,1305,2023-10-23,45.83
9213,764,2023-06-26,52.12
9214,702,2023-10-15,31.01
9215,2990,2023-10-21,48.75
9216,152,2023-12-14,41.44
9217,1326,2023-07-26,224.16
9218,1302,2023-08-03,48.88
9219,1712,2023-12-10,46.13
9220,1032,2023-05-21,55.23
9221,807,2023-03-26,60.77
9222,235,2023-07-01,215.9
9223,2723,2023-11-28,40.32
9224,561,2023-05-08,56.25
9225,1326,2023-09-26,40.59
9226,38,2023-02-08,74.84
9227,1160,2023-01-23,33.88
9228,2870,2023-08-30,56.39
9229,421,2023-04-17,55.01
9230,1243,2023-12-14,50.49
9231,348,2023-05-22,54.74
9232,1832,2023-05-25,59.09
9233,1570,2023-10-07,50.2
9234,2796,2023-09-02,52.64
9235,1919,2023-07-10,59.76
9236,2321,2023-10-17,2176.66
9237,1902,2023-06-28,48.95
9238,2356,2023-04-22,59.6
9239,1398,2023-08-02,22.25
9240,2781,2023-05-18,32.73
9241,1825,2023-07-19,40.19
9242,2492,2023-01-07,41.16
9243,1229,2023-12-12,44.53
9244,405,2023-01-13,226.75
9245,1722,2023-03-21,50.78
9246,2901,2023-10-13,68.08
9247,1221,2023-06-08,41.47
9248,2826,2023-09-29,48.65
9249,115,2023-07-20,1697.44
9250,1677,2023-05-30,54.23
9251,65,2023-10-23,40.78
9252,1300,2023-10-20,63.74
9253,825,2023-11-30,56.32
9254,2287,2023-09-29,29.97
9255,2350,2023-02-12,51.4
9256,1416,2023-11-15,170.81
9257,969,2023-01-15,49.43
9258,369,2023-09-05,43.88
9259,233,2023-06-21,37.57
9260,2243,2023-08-06,68.57
9261,907,2023-05-17,57.01
9262,921,2023-11-17,54.73
9263,689,2023-08-15,51.46
9264,177,2023-02-13,39.67
9265,2265,2023-01-20,52.25
9266,1035,2023-04-29,61.54
9267,1470,2023-08-22,42.4
9268,630,2023-12-02,46.83
9269,164,2023-12-22,42.34
9270,2101,2023-09-19,1253.01
9271,2266,2023-03-24,50.22
9272,824,2023-01-31,49.89
9273,2433,2023-11-18,48.12
9274,56,2023-10-01,47.1
9275,118,2023-08-22,51.74
9276,2948,2023-01-28,56.36
9277,798,2023-09-09,52.42
9278,780,2023-11-20,58.79
9279,2851,2023-09-10,48.66
9280,2893,2023-08-27,45.43
9281,1439,2023-11-10,60.8
9282,1894,2023-06-24,1652.58
9283,2903,2023-07-13,57.07
9284,708,2023-06-29,35.65
9285,1104,2023-10-22,24.5
9286,22,2023-08-03,53.95
9287,1501,2023-07-22,50.32
9288,843,2023-09-07,52.75
9289,1761,2023-12-28,61.09
9290,1117,2023-09-14,50.58
9291,192,2023-03-16,44.81
9292,1019,2023-12-10,42.17
9293,1127,2023-07-21,56.11
9294,396,2023-05-22,228.61
9295,2688,2023-07-25,48.73
9296,1019,2023-07-18,43.14
9297,567,2023-06-20,44.83
9298,231,2023-11-12,52.43
9299,874,2023-08-16,54.71
9300,2622,2023-06-28,53.03
9301,240,2023-10-02,237.12
9302,90,2023-03-03,54.02
9303,2280,2023-11-23,56.06
9304,457,2023-07-23,66.18
9305,2281,2023-05-13,19.17
9306,354,2023-03-13,44.19
9307,1005,2023-03-19,245.57
9308,1357,2023-07-08,70.6
9309,439,2023-12-22,38.28
9310,1399,2023-03-12,42.38
9311,345,2023-09-20,51.56
9312,2712,2023-11-02,51.23
9313,657,2023-02-15,47.86
9314,2178,2023-08-12,144.65
9315,2189,2023-11-24,41.86
9316,2463,2023-09-07,72.03
9317,1117,2023-03-17,63.42
9318,626,2023-03-15,48.91
9319,284,2023-05-22,50.73
9320,1980,2023-03-14,49.62
9321,1679,2023-04-12,46.91
9322,223,2023-04-04,74.84
9323,744,2023-03-10,46.48
9324,463,2023-03-06,39.7
9325,1569,2023-07-12,52.04
9326,1706,2023-03-03,66.88
9327,1164,2023-01-20,59.17
9328,2405,2023-08-29,51.88
9329,1737,2023-07-22,40.2
9330,1047,2023-10-27,33.4
9331,2907,2023-07-14,38.65
9332,665,2023-03-03,196.19
9333,1357,2023-04-17,49.78
9334,1015,2023-05-05,59.23
9335,2133,2023-10-28,33.25
9336,2669,2023-09-24,222.31
9337,1055,2023-07-21,44.84
9338,1765,2023-06-11,51.77
9339,2288,2023-12-10,49.67
9340,1914,2023-10-29,63.77
9341,363,2023-04-22,47.21
9342,2870,2023-12-03,53.45
9343,1413,2023-02-01,40.54
9344,668,2023-04-08,49.77
9345,1881,2023-09-04,52.8
9346,1395,2023-09-18,39.79
9347,99,2023-07-10,65.69
9348,2095,2023-01-29,64.22
9349,2887,2023-02-17,62.73
9350,422,2023-09-07,46.46
9351,1504,2023-08-14,41.83
9352,62,2023-09-29,45.96
9353,1133,2023-06-02,70.19
9354,1703,2023-11-24,48.17
9355,598,2023-10-12,41.81
9356,392,2023-06-29,41.2
9357,1076,2023-10-29,58.96
9358,2651,2023-06-02,52.78
9359,1313,2023-08-22,60.61
9360,2030,2023-01-23,1789.19
9361,2385,2023-04-04,196.18
9362,810,2023-09-02,46.48
9363,1406,2023-10-17,59.87
9364,2800,2023-06-09,43.95
9365,1160,2023-10-12,37.51
9366,1532,2023-01-09,1591.61
9367,1386,2023-07-04,45.23
9368,881,2023-10-22,41.36
9369,1600,2023-05-15,36.52
9370,2683,2023-04-20,170.6
9371,254,2023-03-10,55.76
9372,2068,2023-05-16,60.77
9373,2576,2023-04-06,224.64
9374,1169,2023-04-29,1878.27
9375,1232,2023-10-01,233.92
9376,2424,2023-12-24,50.8
9377,166,2023-12-04,42.25
9378,1574,2023-06-26,57.4
9379,2909,2023-12-27,52.44
9380,617,2023-08-25,52.37
9381,2660,2023-09-29,63.78
9382,1626,2023-10-04,54.5
9383,503,2023-05-18,50.68
9384,913,2023-12-28,42.12
9385,2127,2023-05-12,48.34
9386,585,2023-02-13,61.05
9387,1959,2023-05-03,42.29
9388,2736,2023-05-16,41.5
9389,396,2023-05-06,63.91
9390,1632,2023-10-02,73.5
9391,1881,2023-03-05,67.92
9392,402,2023-10-23,60.69
9393,975,2023-08-20,40.25
9394,224,2023-02-20,47.91
9395,518,2023-05-17,277.76
9396,2682,2023-06-07,51.81
9397,236,2023-02-25,56.18
9398,116,2023-03-22,52.46
9399,226,2023-08-20,44.26
9400,2278,2023-11-22,49.33
9401,182,2023-05-08,1551.51
9402,1342,2023-05-06,51.05
9403,210,2023-11-13,1209.62
9404,1416,2023-03-21,1007.25
9405,2144,2023-12-23,54.63
9406,894,2023-11-29,55.37
9407,1882,2023-06-24,1499.48
9408,2804,2023-05-25,59.48
9409,1110,2023-05-06,55.01
9410,2463,2023-07-01,1392.94
9411,2027,2023-08-07,44.31
9412,394,2023-10-05,52.04
9413,2744,2023-03-24,57.52
9414,844,2023-05-21,59.45
9415,1525,2023-11-30,67.97
9416,604,2023-04-05,211.97
9417,582,2023-12-31,52.32
9418,2043,2023-07-13,76.72
9419,1940,2023-04-20,57.84
9420,133,2023-02-21,43.13
9421,2839,2023-04-13,48.79
9422,2697,2023-04-11,47.72
9423,2269,2023-05-22,40.96
9424,976,2023-07-20,51.81
9425,1814,2023-11-15,48.14
9426,1544,2023-07-18,54.0
9427,2836,2023-10-11,230.9
9428,2739,2023-08-05,41.23
9429,1358,2023-02-15,30.9
9430,39,2023-01-28,47.53
9431,1317,2023-01-02,53.13
9432,2738,2023-01-17,201.16
9433,162,2023-11-11,46.44
9434,1910,2023-03-18,1258.78
9435,1128,2023-06-14,53.95
9436,2209,2023-04-07,61.35
9437,1659,2023-04-15,44.59
9438,1964,2023-01-24,53.07
9439,1058,2023-07-19,40.65
9440,2290,2023-02-04,43.33
9441,967,2023-01-02,39.35
9442,890,2023-10-16,41.55
9443,2161,2023-11-28,54.41
9444,2366,2023-12-08,51.47
9445,2071,2023-05-18,41.68
9446,2872,2023-12-03,38.21
9447,2749,2023-03-03,51.43
9448,1667,2023-10-26,48.22
9449,1442,2023-07-16,50.94
9450,1068,2023-02-28,47.54
9451,128,2023-09-22,53.52
9452,2924,2023-11-29,61.56
9453,158,2023-07-07,55.86
9454,827,2023-03-04,47.11
9455,1891,2023-11-04,47.02
9456,2900,2023-10-06,1041.1
9457,512,2023-01-30,222.67
9458,2093,2023-06-20,47.05
9459,2267,2023-01-21,34.94
9460,443,2023-10-26,29.85
9461,2363,2023-07-20,138.47
9462,2225,2023-05-15,41.61
9463,2276,2023-09-29,44.61
9464,1727,2023-01-23,46.07
9465,2007,2023-03-28,42.49
9466,1696,2023-01-31,47.03
9467,267,2023-05-01,63.19
9468,2918,2023-03-10,54.47
9469,838,2023-05-14,49.72
9470,489,2023-11-11,44.3
9471,702,2023-05-26,46.0
9472,687,2023-11-29,42.73
9473,996,2023-09-20,54.92
9474,357,2023-10-20,62.41
9475,872,2023-03-27,35.8
9476,1974,2023-01-16,53.59
9477,2252,2023-08-04,50.37
9478,552,2023-04-26,38.93
9479,1811,2023-04-28,62.87
9480,323,2023-09-27,43.13
9481,2642,2023-12-09,47.68
9482,2229,2023-06-11,33.99
9483,2547,2023-07-07,39.24
9484,83,2023-04-14,40.68
9485,2351,2023-05-21,54.61
9486,262,2023-06-16,46.81
9487,784,2023-10-27,1756.13
9488,1224,2023-01-28,48.55
9489,914,2023-09-29,41.33
9490,2740,2023-02-19,49.58
9491,944,2023-06-05,41.81
9492,2731,2023-11-20,55.77
9493,1319,2023-12-14,79.8
9494,1536,2023-05-01,75.14
9495,689,2023-05-20,1292.64
9496,2444,2023-01-16,40.0
9497,1773,2023-11-05,51.38
9498,839,2023-02-18,50.13
9499,878,2023-06-13,39.91
9500,2871,2023-03-03,1060.85
9501,49,2023-12-06,52.64
9502,2837,2023-06-03,64.74
9503,293,2023-11-08,51.65
9504,1652,2023-12-12,36.24
9505,536,2023-05-30,65.91
9506,311,2023-03-14,50.17
9507,537,2023-03-10,39.51
9508,1927,2023-06-26,39.09
9509,2687,2023-12-20,49.25
9510,234,2023-01-02,54.41
9511,1233,2023-11-05,1765.56
9512,2653,2023-04-29,60.97
9513,2142,2023-01-07,1352.61
9514,2375,2023-09-12,59.92
9515,2273,2023-03-16,180.89
9516,967,2023-12-17,47.63
9517,890,2023-07-14,62.46
9518,2059,2023-07-06,54.66
9519,35,2023-01-03,38.0
9520,447,2023-07-03,56.94
9521,1764,2023-12-01,213.42
9522,2489,2023-09-30,139.93
9523,2701,2023-02-21,35.11
9524,1559,2023-09-20,54.32
9525,595,2023-05-13,54.92
9526,2026,2023-08-13,42.7
9527,2277,2023-11-06,53.19
9528,344,2023-03-02,65.39
9529,1104,2023-12-31,245.66
9530,1420,2023-01-16,33.31
9531,1314,2023-08-17,41.87
9532,1479,2023-07-14,48.81
9533,1152,2023-09-08,23.27
9534,2957,2023-10-30,54.28
9535,1922,2023-02-17,208.97
9536,1383,2023-08-23,59.56
9537,2575,2023-05-01,34.35
9538,2123,2023-11-16,195.54
9539,1570,2023-02-19,34.62
9540,1895,2023-02-10,59.57
9541,2244,2023-01-22,52.82
9542,1867,2023-07-01,42.78
9543,29,2023-01-05,69.83
9544,706,2023-05-25,59.13
9545,1021,2023-12-23,25.14
9546,2064,2023-03-19,44.08
9547,1447,2023-08-19,60.25
9548,2853,2023-10-24,53.47
9549,2988,2023-12-14,51.35
9550,1660,2023-07-28,64.34
9551,967,2023-06-12,46.15
9552,2277,2023-06-17,38.19
9553,2763,2023-10-05,26.18
9554,573,2023-08-25,203.49
9555,1607,2023-06-25,48.91
9556,615,2023-02-22,50.53
9557,326,2023-12-15,41.43
9558,2923,2023-01-10,48.74
9559,359,2023-05-26,46.34
9560,1811,2023-08-15,38.65
9561,2372,2023-08-24,38.05
9562,1722,2023-08-30,38.83
9563,1350,2023-11-01,58.22
9564,165,2023-03-12,832.45
9565,1597,2023-06-07,51.33
9566,1628,2023-01-19,25.81
9567,2846,2023-02-24,49.01
9568,2503,2023-08-03,20.05
9569,1177,2023-07-28,51.87
9570,1151,2023-01-21,64.05
9571,193,2023-10-09,35.25
9572,2675,2023-09-06,53.47
9573,2578,2023-01-28,51.66
9574,92,2023-10-23,44.63
9575,139,2023-07-30,41.58
9576,481,2023-10-12,43.41
9577,2497,2023-01-20,48.37
9578,1357,2023-01-20,56.99
9579,2917,2023-11-26,70.39
9580,340,2023-04-30,69.9
9581,1076,2023-04-07,66.85
9582,2514,2023-04-30,45.22
9583,2766,2023-01-25,35.97
9584,799,2023-06-02,73.91
9585,475,2023-09-02,47.75
9586,2449,2023-09-17,231.36
9587,1463,2023-01-04,203.98
9588,605,2023-05-23,33.88
9589,2980,2023-10-09,63.1
9590,2970,2023-12-01,45.67
9591,821,2023-12-12,31.62
9592,2705,2023-08-08,51.16
9593,598,2023-11-23,227.55
9594,1533,2023-06-09,33.25
9595,514,2023-03-17,65.86
9596,1527,2023-04-09,47.2
9597,1878,2023-06-29,38.81
9598,1700,2023-05-07,53.01
9599,1030,2023-02-01,227.2
9600,500,2023-09-22,41.79
9601,1685,2023-11-30,192.18
9602,717,2023-01-13,1258.44
9603,1142,2023-12-18,205.19
9604,1509,2023-12-05,38.18
9605,2649,2023-07-21,25.76
9606,666,2023-01-18,62.53
9607,2516,2023-04-03,51.31
9608,2209,2023-10-07,73.68
9609,2318,2023-12-24,1498.99
9610,1080,2023-11-12,33.15
9611,228,2023-03-01,57.3
9612,2897,2023-08-02,47.57
9613,149,2023-04-10,47.78
9614,1070,2023-01-01,55.21
9615,1168,2023-02-12,48.19
9616,632,2023-11-07,54.73
9617,1364,2023-06-17,192.7
9618,413,2023-07-11,1401.49
9619,1756,2023-02-03,50.85
9620,520,2023-02-03,52.05
9621,1368,2023-06-25,48.36
9622,2435,2023-07-15,1813.51
9623,2323,2023-06-07,53.65
9624,2401,2023-09-02,44.6
9625,1103,2023-12-06,49.83
9626,598,2023-12-12,188.78
9627,1660,2023-12-01,46.79
9628,1686,2023-03-12,31.77
9629,2606,2023-11-23,52.33
9630,2161,2023-04-24,979.02
9631,2189,2023-10-12,32.63
9632,1925,2023-05-23,47.6
9633,730,2023-04-07,54.77
9634,589,2023-11-05,40.91
9635,2459,2023-11-16,61.88
9636,377,2023-07-31,53.29
9637,1408,2023-11-13,55.38
9638,1870,2023-07-04,42.17
9639,751,2023-07-24,65.52
9640,627,2023-12-30,1157.73
9641,1630,2023-08-04,54.41
9642,995,2023-09-03,40.44
9643,1584,2023-08-27,40.56
9644,703,2023-10-20,53.67
9645,2510,2023-01-08,40.55
9646,2060,2023-03-19,53.78
9647,1180,2023-11-20,37.68
9648,477,2023-10-04,47.61
9649,2987,2023-07-21,41.12
9650,401,2023-08-02,37.57
9651,2856,2023-04-04,48.99
9652,2225,2023-03-16,46.93
9653,57,2023-06-06,169.93
9654,1876,2023-06-02,55.04
9655,448,2023-05-22,203.43
9656,203,2023-03-19,51.43
9657,1657,2023-11-18,56.43
9658,738,2023-07-01,42.56
9659,202,2023-07-14,53.01
9660,1354,2023-06-07,49.22
9661,2411,2023-05-26,41.59
9662,892,2023-02-23,218.53
9663,2502,2023-12-22,57.99
9664,2404,2023-10-04,50.79
9665,216,2023-11-05,39.5
9666,2603,2023-03-24,63.83
9667,2935,2023-06-05,56.42
9668,23,2023-01-04,59.0
9669,2203,2023-11-07,52.52
9670,1210,2023-09-28,48.75
9671,2297,2023-03-05,62.69
9672,749,2023-04-22,40.76
9673,805,2023-08-27,46.93
9674,134,2023-05-24,48.25
9675,321,2023-01-20,43.43
9676,2438,2023-03-05,57.57
9677,434,2023-10-16,915.05
9678,1046,2023-03-22,52.61
9679,873,2023-07-16,59.67
9680,2906,2023-03-10,59.34
9681,2099,2023-07-05,43.31
9682,2224,2023-06-16,38.63
9683,2918,2023-07-24,199.77
9684,253,2023-06-13,61.73
9685,966,2023-04-04,188.61
9686,739,2023-09-06,58.76
9687,1130,2023-03-09,74.18
9688,1340,2023-12-09,46.5
9689,302,2023-01-21,40.31
9690,2596,2023-11-15,50.32
9691,1978,2023-03-26,64.04
9692,2764,2023-01-24,45.49
9693,2827,2023-04-21,64.33
9694,2316,2023-12-17,41.48
9695,551,2023-03-24,51.01
9696,1479,2023-12-24,34.06
9697,1316,2023-03-19,199.29
9698,1588,2023-05-20,41.75
9699,1823,2023-09-28,28.94
9700,1825,2023-12-05,67.47
9701,1165,2023-06-18,238.47
9702,314,2023-07-16,61.14
9703,184,2023-09-19,48.04
9704,1688,2023-08-03,59.52
9705,713,2023-03-08,67.63
9706,2176,2023-08-17,45.83
9707,1311,2023-06-10,39.89
9708,2748,2023-05-02,48.11
9709,2434,2023-05-29,62.37
9710,271,2023-12-06,57.35
9711,1795,2023-07-12,63.43
9712,811,2023-08-19,50.95
9713,2463,2023-04-21,61.28
9714,198,2023-05-25,51.68
9715,1080,2023-08-09,57.66
9716,2879,2023-03-05,69.29
9717,1227,2023-05-06,181.82
9718,1645,2023-08-06,55.19
9719,628,2023-10-11,165.88
9720,604,2023-12-20,31.84
9721,1162,2023-08-24,56.42
9722,1446,2023-01-13,39.96
9723,1081,2023-06-02,1744.61
9724,1586,2023-08-27,49.98
9725,2119,2023-07-09,45.36
9726,911,2023-05-31,65.3
9727,594,2023-03-27,46.12
9728,1396,2023-01-21,122.38
9729,600,2023-07-01,1942.04
9730,514,2023-11-15,43.68
9731,1896,2023-06-07,48.59
9732,2132,2023-03-17,57.07
9733,1067,2023-11-25,50.07
9734,2887,2023-07-22,44.44
9735,1958,2023-08-17,224.18
9736,2654,2023-06-01,254.27
9737,810,2023-09-20,32.79
9738,2181,2023-03-13,53.04
9739,1089,2023-08-13,54.02
9740,290,2023-05-11,40.66
9741,2424,2023-12-26,42.71
9742,769,2023-01-28,49.44
9743,2515,2023-10-26,2205.27
9744,471,2023-04-07,52.93
9745,2197,2023-02-15,55.91
9746,88,2023-01-01,52.75
9747,2444,2023-06-15,43.46
9748,790,2023-09-02,35.92
9749,1665,2023-08-07,61.93
9750,1310,2023-04-12,195.06
9751,865,2023-10-18,51.74
9752,1294,2023-07-23,46.31
9753,24,2023-07-21,66.77
9754,1887,2023-02-23,48.44
9755,311,2023-10-07,55.08
9756,1485,2023-10-05,1427.54
9757,1232,2023-01-16,41.77
9758,2712,2023-01-13,70.99
9759,2486,2023-12-22,53.11
9760,706,2023-12-22,40.62
9761,1360,2023-11-14,55.41
9762,422,2023-03-28,1482.69
9763,1774,2023-03-19,216.07
9764,2369,2023-03-08,55.04
9765,2635,2023-12-13,45.91
9766,947,2023-07-30,58.56
9767,1187,2023-08-02,42.19
9768,1835,2023-07-04,50.34
9769,1565,2023-02-02,59.39
9770,849,2023-04-25,46.09
9771,1590,2023-10-02,62.22
9772,1319,2023-07-17,43.24
9773,2090,2023-05-23,53.2
9774,1948,2023-08-16,59.33
9775,1309,2023-04-30,52.27
9776,2987,2023-12-19,54.27
9777,387,2023-01-24,36.77
9778,2036,2023-01-27,43.31
9779,1162,2023-03-16,40.41
9780,2026,2023-08-29,52.72
9781,2958,2023-01-23,55.21
9782,716,2023-06-10,58.3
9783,2479,2023-02-10,39.11
9784,2602,2023-08-26,1154.8
9785,2848,2023-08-27,55.44
9786,426,2023-02-25,47.1
9787,1440,2023-04-08,44.38
9788,2074,2023-05-26,20.24
9789,385,2023-09-19,186.78
9790,56,2023-02-09,167.15
9791,2682,2023-07-12,66.13
9792,106,2023-08-27,46.14
9793,2897,2023-02-11,58.33
9794,670,2023-08-10,63.22
9795,376,2023-07-15,47.41
9796,743,2023-10-15,47.66
9797,967,2023-01-10,49.7
9798,308,2023-08-23,38.3
9799,2139,2023-11-21,49.65
9800,802,2023-09-22,32.22
9801,110,2023-03-10,189.81
9802,1665,2023-05-19,60.43
9803,2633,2023-12-21,48.81
9804,340,2023-08-07,61.69
9805,1589,2023-07-15,51.44
9806,979,2023-03-15,47.87
9807,2404,2023-04-13,55.4
9808,1916,2023-08-13,46.74
9809,168,2023-05-03,1343.74
9810,557,2023-04-12,53.96
9811,905,2023-09-21,210.09
9812,105,2023-06-10,54.71
9813,2048,2023-08-21,41.43
9814,2198,2023-10-02,249.51
9815,146,2023-09-15,263.86
9816,2764,2023-11-07,40.39
9817,874,2023-05-19,43.9
9818,299,2023-08-15,50.66
9819,1737,2023-09-30,35.57
9820,646,2023-11-13,50.49
9821,2771,2023-03-27,59.48
9822,638,2023-10-18,55.76
9823,2287,2023-08-05,1521.89
9824,2512,2023-12-25,46.38
9825,2501,2023-03-07,52.12
9826,784,2023-09-14,56.0
9827,897,2023-05-15,59.23
9828,371,2023-02-24,174.72
9829,487,2023-12-22,62.69
9830,2038,2023-08-31,59.09
9831,2213,2023-09-09,40.54
9832,1361,2023-01-21,47.24
9833,192,2023-11-03,51.57
9834,730,2023-06-12,31.42
9835,2262,2023-12-22,50.15
9836,2622,2023-09-21,196.02
9837,957,2023-03-09,51.61
9838,381,2023-04-17,201.67
9839,2721,2023-03-08,263.26
9840,798,2023-07-18,34.94
9841,239,2023-07-11,62.99
9842,2748,2023-01-02,35.55
9843,1106,2023-09-14,49.76
9844,1387,2023-01-01,46.65
9845,2553,2023-12-24,56.59
9846,2250,2023-04-25,45.89
9847,2968,2023-03-29,60.27
9848,1528,2023-07-16,54.22
9849,1668,2023-04-02,285.61
9850,37,2023-10-01,47.94
9851,2692,2023-12-10,43.93
9852,1997,2023-06-09,45.9
9853,1426,2023-06-22,50.33
9854,2813,2023-02-02,160.03
9855,2754,2023-03-14,54.58
9856,2593,2023-07-15,50.97
9857,1491,2023-10-11,35.77
9858,1225,2023-03-28,42.39
9859,2588,2023-11-05,191.43
9860,2023,2023-08-12,61.71
9861,2442,2023-02-13,73.36
9862,833,2023-12-02,52.11
9863,597,2023-05-18,1333.41
9864,2441,2023-09-27,43.76
9865,700,2023-12-25,60.48
9866,1647,2023-02-05,63.79
9867,2019,2023-02-03,66.08
9868,441,2023-03-29,35.45
9869,1861,2023-05-26,52.15
9870,1641,2023-01-16,180.73
9871,1530,2023-08-21,54.15
9872,2966,2023-02-10,231.57
9873,2368,2023-09-12,54.28
9874,2601,2023-10-08,74.41
9875,1095,2023-05-06,51.94
9876,568,2023-01-08,53.49
9877,2967,2023-12-16,50.13
9878,236,2023-12-06,62.86
9879,1305,2023-11-20,59.46
9880,1186,2023-06-25,1021.9
9881,1033,2023-08-16,38.19
9882,2108,2023-11-19,52.91
9883,2941,2023-01-18,52.45
9884,1841,2023-02-25,48.99
9885,225,2023-02-04,44.13
9886,1843,2023-04-28,46.99
9887,2748,2023-10-09,46.38
9888,582,2023-09-11,48.97
9889,169,2023-08-01,47.37
9890,1466,2023-03-02,57.95
9891,14,2023-03-29,43.95
9892,2212,2023-09-28,46.73
9893,1444,2023-12-13,53.18
9894,2805,2023-02-01,51.45
9895,1871,2023-05-13,211.4
9896,1544,2023-03-05,48.82
9897,1690,2023-07-18,51.7
9898,1572,2023-09-13,41.29
9899,1052,2023-12-08,228.42
9900,1732,2023-06-04,57.36
9901,446,2023-08-19,183.46
9902,716,2023-10-28,57.2
9903,819,2023-02-04,45.3
9904,2152,2023-01-26,49.84
9905,2790,2023-01-23,2463.04
9906,426,2023-05-21,248.43
9907,1125,2023-10-12,43.95
9908,1565,2023-11-16,41.72
9909,2687,2023-06-05,55.38
9910,850,2023-04-23,36.95
9911,1546,2023-05-19,37.3
9912,1130,2023-07-28,50.38
9913,1703,2023-11-19,208.48
9914,2002,2023-12-30,63.43
9915,2817,2023-03-27,43.83
9916,277,2023-10-12,231.04
9917,1807,2023-03-01,1184.93
9918,2948,2023-02-23,47.29
9919,2236,2023-04-03,42.97
9920,1940,2023-11-21,50.72
9921,2153,2023-09-22,39.61
9922,546,2023-08-01,176.75
9923,2428,2023-11-29,37.47
9924,110,2023-01-10,73.41
9925,545,2023-12-24,57.08
9926,2402,2023-07-22,54.01
9927,743,2023-07-15,230.25
9928,2365,2023-02-27,207.04
9929,1290,2023-09-13,59.08
9930,1876,2023-08-11,46.27
9931,1089,2023-06-29,55.69
9932,333,2023-12-28,42.3
9933,1537,2023-02-04,216.2
9934,1157,2023-12-25,36.1
9935,592,2023-04-13,30.03
9936,783,2023-06-10,40.71
9937,540,2023-07-19,70.43
9938,2783,2023-06-09,69.43
9939,1559,2023-07-02,56.47
9940,1520,2023-12-19,58.45
9941,2669,2023-05-16,54.01
9942,619,2023-08-14,173.53
9943,2957,2023-08-31,39.93
9944,1834,2023-04-16,1880.37
9945,992,2023-03-12,71.72
9946,2147,2023-03-18,63.7
9947,2365,2023-02-23,44.12
9948,2171,2023-10-04,37.86
9949,2847,2023-04-21,32.29
9950,1617,2023-08-12,63.6
9951,1519,2023-03-16,40.92
9952,2505,2023-01-14,53.63
9953,522,2023-09-15,42.27
9954,2568,2023-07-08,40.09
9955,917,2023-12-30,34.81
9956,717,2023-08-27,46.93
9957,2363,2023-11-30,223.74
9958,2757,2023-10-31,46.03
9959,2758,2023-04-01,61.27
9960,1937,2023-07-03,257.26
9961,560,2023-01-17,23.2
9962,969,2023-01-12,47.33
9963,2404,2023-06-15,54.27
9964,1078,2023-05-26,61.19
9965,890,2023-10-09,33.5
9966,793,2023-02-06,61.07
9967,2313,2023-03-11,167.82
9968,982,2023-06-18,64.55
9969,802,2023-12-01,39.12
9970,43,2023-06-19,44.15
9971,1610,2023-09-10,48.11
9972,2910,2023-12-12,222.42
9973,1778,2023-10-24,56.6
9974,350,2023-05-22,48.05
9975,1568,2023-09-30,37.68
9976,1130,2023-08-13,56.37
9977,2960,2023-07-02,1681.96
9978,2049,2023-08-09,46.96
9979,1781,2023-02-22,53.5
9980,584,2023-04-28,38.3
9981,432,2023-12-31,43.8
9982,1933,2023-06-08,50.32
9983,2101,2023-05-16,42.68
9984,2988,2023-03-18,49.34
9985,2568,2023-12-02,54.75
9986,1349,2023-02-14,30.69
9987,2195,2023-01-18,61.79
9988,2031,2023-12-21,64.81
9989,1190,2023-07-24,47.57
9990,1163,2023-11-20,41.89
9991,2677,2023-03-24,48.14
9992,299,2023-02-19,46.66
9993,1940,2023-10-08,67.18
9994,789,2023-06-15,44.11
9995,850,2023-08-31,43.07
9996,2226,2023-06-13,45.54
9997,2890,2023-11-20,47.04
9998,1378,2023-02-25,1504.9
9999,1178,2023-02-08,153.7
10000,1950,2023-11-15,47.71
10001,878,2023-05-08,51.88
10002,1139,2023-05-02,42.53
10003,1578,2023-09-04,59.16
10004,2807,2023-07-05,165.86
10005,2493,2023-07-27,41.76
10006,2756,2023-11-11,39.56
10007,2650,2023-10-31,217.8
10008,1647,2023-08-27,59.63
10009,1904,2023-08-03,49.49
10010,1383,2023-10-19,53.03
10011,145,2023-08-12,45.53
10012,2323,2023-03-29,49.99
10013,2557,2023-01-25,39.36
10014,1203,2023-08-08,50.29
10015,2801,2023-10-02,48.39
10016,1862,2023-05-15,45.53
10017,1855,2023-08-21,1006.4
10018,2525,2023-03-07,41.77
10019,1867,2023-03-21,56.99
10020,1099,2023-09-12,17.04
10021,1152,2023-05-05,198.89
10022,1735,2023-05-26,58.14
10023,2714,2023-04-13,978.09
10024,568,2023-10-04,41.17
10025,1814,2023-05-04,29.84
10026,531,2023-09-24,49.19
10027,2207,2023-10-05,55.36
10028,1562,2023-04-21,54.52
10029,681,2023-11-09,44.08
10030,2071,2023-03-30,68.82
10031,1071,2023-06-07,53.11
10032,2573,2023-08-04,34.4
10033,729,2023-10-28,47.58
10034,1730,2023-02-05,42.2
10035,2192,2023-03-28,63.24
10036,668,2023-04-28,65.11
10037,1613,2023-11-24,44.19
10038,681,2023-07-01,38.23
10039,973,2023-03-09,144.54
10040,2847,2023-12-25,31.04
10041,2133,2023-06-08,57.57
10042,2464,2023-10-12,33.46
10043,2742,2023-06-13,61.03
10044,2530,2023-12-27,69.8
10045,2504,2023-03-14,54.88
10046,827,2023-04-29,31.79
10047,297,2023-12-07,43.04
10048,1254,2023-07-14,56.91
10049,2998,2023-03-30,234.01
10050,2728,2023-12-11,36.48
10051,2426,2023-03-17,51.56
10052,2469,2023-08-09,206.5
10053,2153,2023-05-19,46.81
10054,1729,2023-08-29,63.33
10055,2025,2023-06-03,51.09
10056,330,2023-02-22,36.97
10057,2487,2023-05-22,61.0
10058,1156,2023-11-16,53.47
10059,1891,2023-01-31,59.12
10060,382,2023-08-11,65.35
10061,2186,2023-10-19,44.46
10062,2991,2023-09-23,77.53
10063,843,2023-10-09,53.18
10064,2318,2023-10-03,189.98
10065,396,2023-02-13,45.76
10066,2961,2023-03-03,49.0
10067,2512,2023-07-20,55.93
10068,450,2023-12-01,45.76
10069,1355,2023-01-09,41.36
10070,1987,2023-03-12,57.18
10071,1309,2023-03-31,56.91
10072,1298,2023-01-24,32.41
10073,2068,2023-05-20,66.36
10074,2287,2023-11-12,59.14
10075,1294,2023-12-06,45.97
10076,2466,2023-03-19,45.8
10077,1850,2023-08-02,48.12
10078,186,2023-01-16,1592.81
10079,1234,2023-01-29,50.26
10080,1438,2023-10-18,138.71
10081,253,2023-02-12,246.59
10082,19,2023-12-18,152.35
10083,2760,2023-02-22,59.67
10084,1160,2023-10-03,51.65
10085,223,2023-08-20,42.19
10086,3,2023-07-31,36.27
10087,1260,2023-01-08,59.08
10088,854,2023-05-02,49.88
10089,1489,2023-02-11,61.4
10090,228,2023-11-29,232.78
10091,2961,2023-08-21,1354.6
10092,1678,2023-03-11,55.85
10093,499,2023-01-16,55.0
10094,2569,2023-03-10,39.0
10095,2750,2023-02-22,55.64
10096,1886,2023-06-22,54.35
10097,2965,2023-09-19,39.02
10098,2016,2023-10-16,32.13
10099,1163,2023-01-15,57.95
10100,1300,2023-09-27,1992.22
10101,2339,2023-06-16,200.07
10102,1077,2023-03-04,71.48
10103,715,2023-09-18,39.19
10104,948,2023-05-01,41.14
10105,2696,2023-12-12,185.1
10106,2732,2023-08-28,57.64
10107,870,2023-04-17,53.85
10108,1071,2023-06-29,45.21
10109,94,2023-01-16,58.22
10110,2988,2023-12-21,39.14
10111,560,2023-11-05,67.76
10112,1776,2023-08-03,52.12
10113,2261,2023-03-18,46.91
10114,436,2023-08-13,48.37
10115,852,2023-04-03,63.45
10116,2556,2023-06-30,44.7
10117,2884,2023-06-23,185.51
10118,2699,2023-12-20,194.41
10119,205,2023-12-20,61.18
10120,2429,2023-08-07,65.86
10121,1100,2023-05-23,44.62
10122,77,2023-11-11,65.39
10123,816,2023-10-09,49.91
10124,768,2023-09-16,52.82
10125,2458,2023-12-22,43.85
10126,106,2023-02-16,55.08
10127,2599,2023-01-05,34.4
10128,2874,2023-03-03,43.02
10129,2136,2023-03-25,68.42
10130,1747,2023-05-13,67.41
10131,2929,2023-12-02,51.91
10132,1466,2023-03-04,65.38
10133,2588,2023-10-08,248.99
10134,245,2023-02-13,60.36
10135,2626,2023-06-02,51.72
10136,1406,2023-09-27,57.2
10137,982,2023-12-08,56.78
10138,2765,2023-06-20,53.62
10139,1737,2023-06-05,76.65
10140,142,2023-10-02,62.65
10141,893,2023-12-24,225.72
10142,1392,2023-01-20,61.57
10143,2400,2023-08-02,45.52
10144,545,2023-03-20,39.53
10145,2961,2023-05-19,2090.05
10146,2200,2023-04-08,206.08
10147,1470,2023-06-01,65.2
10148,2701,2023-07-17,62.67
10149,763,2023-09-30,53.84
10150,624,2023-06-05,57.37
10151,656,2023-02-19,55.06
10152,2498,2023-08-16,48.51
10153,2769,2023-01-10,47.92
10154,1248,2023-05-29,1935.73
10155,43,2023-02-27,57.97
10156,2312,2023-06-11,51.56
10157,1027,2023-12-17,49.85
10158,1661,2023-04-17,53.28
10159,1292,2023-10-16,46.62
10160,596,2023-07-05,51.99
10161,1013,2023-02-15,67.9
10162,2225,2023-05-09,41.97
10163,2111,2023-11-14,40.4
10164,958,2023-03-28,50.38
10165,561,2023-09-06,202.32
10166,1331,2023-11-25,48.77
10167,1313,2023-09-14,1687.34
10168,1822,2023-10-04,53.38
10169,1551,2023-10-05,68.18
10170,850,2023-01-04,42.84
10171,1279,2023-03-06,45.78
10172,2652,2023-07-21,66.52
10173,1534,2023-03-04,38.22
10174,1815,2023-05-23,46.99
10175,1742,2023-09-01,45.12
10176,606,2023-10-19,222.07
10177,2878,2023-10-12,226.97
10178,1487,2023-06-29,160.93
10179,1295,2023-06-23,58.86
10180,746,2023-11-21,27.46
10181,558,2023-04-21,71.27
10182,2112,2023-06-24,67.89
10183,942,2023-06-02,42.16
10184,2297,2023-12-22,49.53
10185,1270,2023-08-05,56.88
10186,940,2023-10-24,61.37
10187,1611,2023-08-28,43.75
10188,2205,2023-08-14,974.51
10189,2783,2023-07-05,36.46
10190,1726,2023-02-17,175.58
10191,985,2023-07-27,36.16
10192,1588,2023-06-06,43.4
10193,1337,2023-08-13,52.98
10194,1875,2023-05-24,38.81
10195,662,2023-04-21,1063.7
10196,33,2023-11-14,50.43
10197,1817,2023-12-29,39.46
10198,2606,2023-12-28,50.36
10199,2121,2023-05-12,31.93
10200,1890,2023-04-23,207.97
10201,2873,2023-11-20,51.09
10202,1157,2023-03-30,48.99
10203,61,2023-06-10,42.74
10204,1544,2023-11-30,57.04
10205,272,2023-03-16,37.43
10206,2294,2023-10-08,51.01
10207,1200,2023-01-07,52.56
10208,2676,2023-04-23,57.13
10209,1807,2023-02-05,54.5
10210,2753,2023-09-23,35.53
10211,2710,2023-04-23,68.9
10212,1155,2023-10-19,42.09
10213,1126,2023-08-11,1727.45
10214,310,2023-07-30,55.02
10215,1316,2023-01-18,53.48
10216,1746,2023-08-29,48.71
10217,2543,2023-05-14,129.61
10218,338,2023-08-08,45.31
10219,2627,2023-04-12,43.42
10220,10,2023-05-20,56.88
10221,49,2023-06-18,283.67
10222,1511,2023-07-10,44.75
10223,2671,2023-01-25,52.56
10224,1345,2023-02-02,56.73
10225,731,2023-12-09,45.41
10226,795,2023-11-25,1206.27
10227,1649,2023-01-06,1219.26
10228,133,2023-07-13,51.16
10229,2131,2023-08-18,45.05
10230,2105,2023-05-17,49.98
10231,376,2023-11-19,48.24
10232,2397,2023-08-04,197.3
10233,271,2023-12-15,51.87
10234,1507,2023-12-30,52.27
10235,2159,2023-07-02,43.94
10236,2917,2023-06-17,174.89
10237,2935,2023-10-09,48.51
10238,76,2023-02-07,141.66
10239,1957,2023-06-12,48.41
10240,1667,2023-05-22,55.86
10241,329,2023-09-05,55.67
10242,2170,2023-04-13,279.91
10243,41,2023-07-18,128.14
10244,1191,2023-07-19,48.29
10245,2970,2023-02-11,177.29
10246,2690,2023-05-27,30.33
10247,2327,2023-03-07,58.2
10248,2811,2023-07-12,55.4
10249,2517,2023-10-25,71.01
10250,2057,2023-02-07,65.08
10251,13,2023-05-21,50.27
10252,924,2023-04-16,46.48
10253,2971,2023-06-01,69.47
10254,1843,2023-12-18,156.22
10255,1233,2023-11-22,44.12
10256,1215,2023-02-07,46.75
10257,653,2023-04-07,57.45
10258,1704,2023-04-18,55.79
10259,621,2023-04-29,237.49
10260,1963,2023-05-31,47.22
10261,1646,2023-03-15,52.52
10262,2244,2023-02-26,60.1
10263,417,2023-12-01,42.35
10264,664,2023-09-09,146.75
10265,1779,2023-10-19,1770.08
10266,1380,2023-11-09,49.62
10267,148,2023-09-12,52.85
10268,2046,2023-09-11,71.15
10269,1389,2023-09-16,74.23
10270,2412,2023-09-27,53.48
10271,1726,2023-02-03,41.3
10272,402,2023-11-22,59.38
10273,2654,2023-11-21,40.81
10274,1516,2023-08-26,68.58
10275,2032,2023-06-28,47.79
10276,229,2023-04-14,64.88
10277,1599,2023-01-29,56.37
10278,2585,2023-08-15,211.98
10279,268,2023-08-20,28.67
10280,1429,2023-10-31,60.99
10281,1817,2023-12-16,65.11
10282,1035,2023-12-01,126.47
10283,1344,2023-04-27,45.09
10284,126,2023-07-26,39.22
10285,2354,2023-07-04,51.35
10286,1726,2023-05-18,49.47
10287,1113,2023-11-19,1750.25
10288,2676,2023-06-13,58.52
10289,1376,2023-03-16,55.1
10290,689,2023-08-21,54.25
10291,1281,2023-10-11,227.08
10292,1233,2023-09-12,45.45
10293,281,2023-01-09,145.5
10294,443,2023-07-22,71.41
10295,1864,2023-11-01,54.63
10296,837,2023-04-01,49.75
10297,389,2023-11-28,56.42
10298,617,2023-05-30,38.86
10299,147,2023-12-26,26.17
10300,521,2023-06-25,65.21
10301,630,2023-02-02,40.98
10302,2482,2023-07-03,40.42
10303,2192,2023-06-06,56.59
10304,289,2023-02-22,232.77
10305,1410,2023-10-23,40.61
10306,14,2023-07-21,55.88
10307,257,2023-10-01,45.08
10308,1722,2023-06-24,60.61
10309,1424,2023-09-01,62.92
10310,1231,2023-09-26,45.72
10311,858,2023-03-15,57.59
10312,2991,2023-04-06,49.0
10313,1196,2023-12-27,47.99
10314,464,2023-06-22,57.61
10315,270,2023-06-04,1434.5
10316,1245,2023-07-02,41.83
10317,2671,2023-11-19,1800.77
10318,1207,2023-10-16,57.89
10319,72,2023-09-15,69.01
10320,1307,2023-03-16,52.39
10321,2122,2023-06-23,48.36
10322,2403,2023-11-26,64.77
10323,1751,2023-08-19,41.81
10324,497,2023-09-04,50.99
10325,988,2023-06-10,55.75
10326,2628,2023-07-05,1622.16
10327,910,2023-05-23,55.63
10328,373,2023-10-09,29.62
10329,362,2023-05-08,44.24
10330,2141,2023-06-15,53.86
10331,1345,2023-01-27,29.47
10332,324,2023-09-03,193.14
10333,2432,2023-05-15,32.58
10334,575,2023-07-21,51.54
10335,736,2023-01-21,60.87
10336,2785,2023-03-20,40.55
10337,2394,2023-06-07,52.71
10338,1216,2023-04-04,49.18
10339,1696,2023-01-08,48.08
10340,1908,2023-12-05,1419.23
10341,719,2023-09-16,57.58
10342,781,2023-02-24,54.87
10343,1020,2023-02-05,198.41
10344,1404,2023-01-06,235.86
10345,1427,2023-02-11,61.96
10346,664,2023-02-19,233.61
10347,1773,2023-04-22,48.73
10348,2648,2023-05-26,44.39
10349,11,2023-08-18,102.83
10350,2235,2023-07-30,191.92
10351,2774,2023-11-02,48.86
10352,1039,2023-01-30,60.26
10353,2826,2023-10-22,46.24
10354,2459,2023-04-26,47.37
10355,585,2023-08-14,53.35
10356,1076,2023-02-28,244.99
10357,2625,2023-03-17,208.35
10358,1375,2023-08-04,72.08
10359,1452,2023-05-12,1566.63
10360,1855,2023-10-31,2320.96
10361,1790,2023-03-22,1765.52
10362,743,2023-11-01,1561.21
10363,1777,2023-03-08,68.04
10364,204,2023-08-18,54.64
10365,1077,2023-11-29,40.64
10366,974,2023-10-04,40.73
10367,2988,2023-12-27,129.67
10368,1399,2023-03-13,47.77
10369,1866,2023-07-28,60.87
10370,1300,2023-09-29,48.73
10371,1055,2023-05-24,51.44
10372,1159,2023-09-08,49.25
10373,105,2023-10-11,33.03
10374,253,2023-06-28,56.68
10375,295,2023-03-21,38.76
10376,2716,2023-02-26,55.04
10377,1182,2023-11-04,74.54
10378,549,2023-06-23,44.91
10379,2679,2023-08-26,55.74
10380,1778,2023-06-15,54.0
10381,299,2023-03-25,48.61
10382,1749,2023-02-17,69.8
10383,1844,2023-05-07,47.88
10384,101,2023-06-18,239.36
10385,2380,2023-12-20,58.56
10386,2884,2023-12-15,57.15
10387,1775,2023-03-08,46.43
10388,2441,2023-11-26,54.56
10389,874,2023-12-06,23.73
10390,2429,2023-07-13,33.94
10391,92,2023-06-04,50.42
10392,447,2023-06-09,32.51
10393,109,2023-07-03,54.93
10394,317,2023-09-23,53.68
10395,1836,2023-06-17,69.61
10396,1944,2023-05-25,48.63
10397,1459,2023-07-05,215.02
10398,442,2023-12-19,48.52
10399,2266,2023-09-19,41.22
10400,1246,2023-10-01,1558.33
10401,2721,2023-11-24,217.62
10402,1552,2023-12-11,69.74
10403,278,2023-08-11,44.86
10404,569,2023-02-11,43.21
10405,1010,2023-01-04,31.55
10406,2923,2023-10-03,51.3
10407,2514,2023-10-11,51.23
10408,839,2023-07-12,28.75
10409,2802,2023-04-14,60.11
10410,1608,2023-09-04,59.53
10411,2886,2023-10-27,226.02
10412,30,2023-01-23,161.85
10413,2407,2023-10-30,1301.45
10414,1943,2023-01-13,233.95
10415,2134,2023-05-24,59.01
10416,1258,2023-08-06,41.41
10417,2795,2023-07-02,67.62
10418,2361,2023-12-17,48.42
10419,365,2023-08-30,51.8
10420,1801,2023-07-12,18.01
10421,1823,2023-09-29,39.14
10422,1863,2023-06-14,52.88
10423,905,2023-06-29,32.31
10424,698,2023-04-27,42.93
10425,2179,2023-09-23,183.9
10426,2851,2023-02-07,56.73
10427,2837,2023-02-13,163.25
10428,1856,2023-12-17,58.98
10429,351,2023-03-15,66.63
10430,180,2023-08-14,51.75
10431,1504,2023-11-03,57.54
10432,1187,2023-11-04,48.63
10433,1807,2023-12-14,200.24
10434,774,2023-11-11,136.48
10435,510,2023-01-13,54.04
10436,365,2023-01-12,45.17
10437,353,2023-02-19,64.36
10438,2848,2023-11-09,51.5
10439,1107,2023-09-06,42.68
10440,1249,2023-04-29,48.37
10441,412,2023-02-26,136.89
10442,735,2023-07-01,52.86
10443,118,2023-09-21,43.94
10444,482,2023-04-16,41.22
10445,192,2023-07-10,50.78
10446,2639,2023-05-17,39.72
10447,2638,2023-07-07,66.55
10448,2707,2023-04-30,21.91
10449,107,2023-08-30,54.43
10450,382,2023-11-15,54.38
10451,783,2023-03-13,60.2
10452,2438,2023-08-31,37.58
10453,244,2023-05-11,211.54
10454,2633,2023-09-26,54.03
10455,2917,2023-02-21,44.95
10456,468,2023-03-03,36.13
10457,866,2023-04-29,64.85
10458,2982,2023-12-31,42.82
10459,1562,2023-09-21,39.56
10460,1234,2023-08-27,56.85
10461,604,2023-12-17,1374.5
10462,1661,2023-09-12,174.36
10463,1097,2023-06-22,36.88
10464,2016,2023-11-05,61.24
10465,1659,2023-08-25,52.42
10466,1734,2023-11-15,2181.65
10467,1614,2023-04-05,51.67
10468,860,2023-12-03,44.54
10469,1880,2023-02-26,41.22
10470,1277,2023-03-08,47.06
10471,13,2023-02-15,59.96
10472,2347,2023-04-04,39.39
10473,1100,2023-05-18,58.76
10474,1075,2023-04-03,42.53
10475,787,2023-08-20,46.38
10476,149,2023-02-18,52.55
10477,1755,2023-01-23,37.1
10478,2170,2023-03-03,39.46
10479,1304,2023-09-24,1366.26
10480,2586,2023-11-25,52.15
10481,1180,2023-04-28,53.3
10482,2424,2023-03-29,204.78
10483,82,2023-03-30,67.34
10484,492,2023-02-24,35.53
10485,2404,2023-06-02,56.23
10486,2026,2023-08-27,45.38
10487,925,2023-09-22,24.34
10488,1297,2023-09-25,1377.83
10489,1604,2023-04-23,52.91
10490,1597,2023-06-15,54.01
10491,123,2023-06-05,36.82
10492,708,2023-01-08,54.68
10493,2378,2023-07-21,48.21
10494,991,2023-08-05,50.25
10495,2371,2023-10-19,52.75
10496,2818,2023-02-19,52.17
10497,2041,2023-04-17,50.64
10498,2481,2023-01-09,55.74
10499,710,2023-08-21,314.68
10500,794,2023-07-07,40.68
10501,712,2023-11-19,61.63
10502,2587,2023-11-05,67.95
10503,2649,2023-12-04,38.26
10504,1718,2023-04-20,45.8
10505,257,2023-05-25,166.52
10506,1213,2023-08-16,48.42
10507,871,2023-11-05,68.17
10508,2947,2023-04-24,67.15
10509,1732,2023-03-04,56.25
10510,809,2023-10-02,55.93
10511,2725,2023-05-04,55.38
10512,271,2023-03-27,42.78
10513,1544,2023-03-11,64.61
10514,550,2023-02-16,53.36
10515,1138,2023-07-18,42.63
10516,568,2023-12-30,53.57
10517,359,2023-07-20,50.84
10518,1674,2023-10-03,48.63
10519,1638,2023-02-06,45.22
10520,1358,2023-07-22,44.86
10521,1713,2023-05-10,68.66
10522,1363,2023-10-19,48.3
10523,798,2023-03-05,43.36
10524,1285,2023-09-20,51.36
10525,887,2023-04-30,39.72
10526,1759,2023-10-05,50.02
10527,1223,2023-07-21,58.65
10528,2259,2023-02-15,39.27
10529,287,2023-06-17,63.12
10530,1716,2023-04-20,65.46
10531,1786,2023-02-15,33.13
10532,743,2023-07-31,36.99
10533,1506,2023-01-28,57.5
10534,2041,2023-03-28,51.4
10535,1047,2023-10-18,32.93
10536,296,2023-06-06,42.5
10537,2054,2023-09-22,179.94
10538,2598,2023-09-22,59.42
10539,681,2023-01-22,47.46
10540,1892,2023-09-13,32.02
10541,795,2023-07-10,55.32
10542,203,2023-08-20,44.37
10543,325,2023-07-05,59.95
10544,2873,2023-11-22,50.27
10545,2292,2023-07-02,38.84
10546,327,2023-07-21,1336.62
10547,987,2023-03-06,200.35
10548,761,2023-02-12,62.33
10549,1037,2023-08-09,42.81
10550,907,2023-01-17,27.41
10551,1404,2023-11-20,34.82
10552,365,2023-10-12,76.8
10553,1245,2023-07-02,221.09
10554,2121,2023-02-13,180.26
10555,1649,2023-07-07,52.4
10556,1070,2023-09-20,51.9
10557,274,2023-06-23,54.4
10558,2256,2023-02-23,52.61
10559,1953,2023-08-08,62.63
10560,1885,2023-02-15,38.64
10561,124,2023-09-17,48.25
10562,1353,2023-07-14,58.18
10563,2591,2023-12-13,47.9
10564,1692,2023-03-02,37.31
10565,2108,2023-06-15,60.07
10566,2947,2023-06-09,1556.86
10567,2934,2023-05-31,57.32
10568,2830,2023-04-21,74.23
10569,442,2023-02-06,50.94
10570,1241,2023-01-03,55.51
10571,911,2023-01-13,46.57
10572,1026,2023-06-11,205.56
10573,1560,2023-12-10,48.77
10574,1742,2023-11-28,51.11
10575,2880,2023-09-21,209.49
10576,1735,2023-03-24,54.92
10577,626,2023-09-22,62.61
10578,1691,2023-11-30,54.44
10579,998,2023-08-07,49.17
10580,2782,2023-05-26,45.62
10581,91,2023-10-25,49.79
10582,2215,2023-10-24,45.54
10583,207,2023-06-10,2067.36
10584,1089,2023-08-17,42.0
10585,1912,2023-08-22,42.73
10586,516,2023-03-30,38.68
10587,1181,2023-11-29,42.3
10588,1793,2023-11-06,38.59
10589,2795,2023-08-03,51.07
10590,2354,2023-04-07,62.38
10591,1902,2023-08-01,41.99
10592,2006,2023-12-20,998.49
10593,395,2023-11-08,58.72
10594,1098,2023-04-10,43.62
10595,187,2023-05-25,67.83
10596,1598,2023-01-10,28.43
10597,1592,2023-02-13,42.76
10598,2671,2023-09-08,44.81
10599,730,2023-08-15,45.53
10600,240,2023-09-06,65.19
10601,2581,2023-06-18,1600.79
10602,141,2023-05-10,56.71
10603,139,2023-01-19,178.44
10604,2507,2023-12-02,34.97
10605,70,2023-08-23,35.57
10606,385,2023-12-11,29.32
10607,630,2023-01-01,25.87
10608,2246,2023-05-10,44.87
10609,205,2023-01-27,58.98
10610,1750,2023-01-02,69.02
10611,568,2023-09-07,59.72
10612,982,2023-08-10,55.51
10613,805,2023-05-18,205.91
10614,1711,2023-10-02,56.12
10615,2907,2023-05-21,44.99
10616,882,2023-09-13,214.61
10617,2036,2023-11-08,224.29
10618,974,2023-04-05,49.92
10619,640,2023-06-22,49.09
10620,1455,2023-02-26,49.49
10621,325,2023-04-12,54.14
10622,442,2023-06-18,73.8
10623,804,2023-03-11,35.36
10624,2336,2023-12-04,47.82
10625,226,2023-02-18,44.19
10626,1088,2023-12-13,48.5
10627,967,2023-01-05,55.67
10628,2986,2023-07-21,35.96
10629,560,2023-07-21,41.89
10630,714,2023-06-28,49.35
10631,498,2023-02-26,57.51
10632,2897,2023-07-05,58.49
10633,2974,2023-04-02,51.25
10634,2108,2023-10-19,41.64
10635,257,2023-08-15,44.17
10636,577,2023-04-22,45.96
10637,2287,2023-05-28,40.75
10638,38,2023-09-26,31.6
10639,2073,2023-07-22,44.35
10640,410,2023-12-31,44.25
10641,461,2023-12-14,39.53
10642,1441,2023-12-24,67.3
10643,2405,2023-02-25,35.78
10644,383,2023-10-28,52.02
10645,1833,2023-11-12,56.77
10646,569,2023-07-04,48.73
10647,1072,2023-02-23,46.67
10648,433,2023-02-06,31.48
10649,56,2023-07-30,62.1
10650,2625,2023-10-20,48.25
10651,2316,2023-09-27,40.25
10652,2117,2023-12-17,57.18
10653,1752,2023-08-08,1194.49
10654,2048,2023-08-16,54.01
10655,902,2023-12-24,196.75
10656,1625,2023-07-30,34.87
10657,2841,2023-10-25,62.17
10658,257,2023-01-01,168.73
10659,672,2023-01-23,37.7
10660,490,2023-10-11,42.01
10661,2794,2023-07-07,213.79
10662,2097,2023-01-18,67.75
10663,1683,2023-02-18,164.16
10664,316,2023-02-16,56.8
10665,2461,2023-04-25,46.65
10666,434,2023-02-08,59.99
10667,1026,2023-08-05,57.91
10668,1976,2023-07-29,51.96
10669,1980,2023-09-19,58.82
10670,1390,2023-07-30,55.04
10671,420,2023-02-22,1491.61
10672,1597,2023-10-08,42.83
10673,1585,2023-12-21,47.84
10674,844,2023-11-17,27.63
10675,1468,2023-05-13,38.68
10676,2964,2023-09-21,44.55
10677,434,2023-10-22,44.38
10678,2691,2023-04-21,46.44
10679,1579,2023-02-12,50.9
10680,2105,2023-12-04,49.19
10681,964,2023-08-26,55.21
10682,977,2023-09-04,34.67
10683,46,2023-01-04,56.37
10684,1194,2023-12-30,159.69
10685,417,2023-12-15,34.72
10686,848,2023-12-16,38.4
10687,2187,2023-11-08,45.88
10688,247,2023-06-22,43.8
10689,230,2023-07-12,67.11
10690,792,2023-01-03,64.99
10691,637,2023-10-05,49.55
10692,2422,2023-02-25,1748.03
10693,738,2023-10-01,59.02
10694,1089,2023-06-25,61.61
10695,88,2023-04-26,28.6
10696,713,2023-03-25,61.97
10697,1750,2023-06-08,40.28
10698,1228,2023-10-13,46.02
10699,1937,2023-03-21,49.79
10700,1406,2023-03-07,44.9
10701,601,2023-07-28,169.54
10702,1500,2023-01-10,52.64
10703,2587,2023-07-18,64.1
10704,214,2023-02-28,62.04
10705,2122,2023-08-22,56.68
10706,2109,2023-11-03,1286.06
10707,698,2023-09-01,1465.78
10708,1243,2023-02-23,41.51
10709,2060,2023-12-03,234.82
10710,2862,2023-01-09,52.22
10711,2080,2023-04-11,65.12
10712,1184,2023-10-22,49.29
10713,1001,2023-07-22,38.95
10714,237,2023-06-02,36.53
10715,1205,2023-04-20,210.85
10716,2606,2023-11-18,58.2
10717,1482,2023-09-23,52.81
10718,1104,2023-06-01,65.64
10719,647,2023-03-24,61.26
10720,2868,2023-05-14,47.1
10721,473,2023-11-22,41.47
10722,112,2023-06-09,50.58
10723,1846,2023-02-08,63.8
10724,1655,2023-06-25,62.51
10725,383,2023-01-13,47.92
10726,17,2023-11-11,1621.36
10727,493,2023-03-08,48.63
10728,2974,2023-09-05,47.77
10729,1897,2023-02-10,47.56
10730,1510,2023-07-03,38.65
10731,117,2023-02-04,59.36
10732,1579,2023-12-03,39.56
10733,880,2023-10-17,56.61
10734,2163,2023-03-17,56.67
10735,1819,2023-03-11,32.43
10736,1573,2023-08-22,49.05
10737,2862,2023-01-11,210.41
10738,1649,2023-10-10,25.69
10739,644,2023-10-31,64.9
10740,1360,2023-01-24,63.99
10741,336,2023-10-01,2180.31
10742,2970,2023-01-27,34.55
10743,147,2023-02-23,67.82
10744,122,2023-02-24,171.45
10745,81,2023-08-21,43.67
10746,2733,2023-10-04,161.8
10747,2710,2023-04-30,58.47
10748,2423,2023-08-13,57.46
10749,2111,2023-02-27,45.35
10750,504,2023-09-12,55.2
10751,668,2023-06-25,2274.67
10752,2497,2023-02-23,54.12
10753,2916,2023-05-26,47.73
10754,1445,2023-09-16,43.85
10755,1346,2023-06-01,57.6
10756,2728,2023-09-19,40.25
10757,1190,2023-01-19,61.12
10758,1621,2023-12-08,57.13
10759,1981,2023-06-20,42.88
10760,1673,2023-07-16,34.95
10761,2509,2023-03-14,62.56
10762,459,2023-10-30,50.75
10763,1213,2023-03-26,45.29
10764,464,2023-10-11,48.27
10765,912,2023-10-29,1031.08
10766,2427,2023-05-12,55.73
10767,1026,2023-04-30,48.75
10768,2412,2023-08-04,202.04
10769,72,2023-05-16,43.49
10770,1451,2023-04-26,49.42
10771,2686,2023-03-02,56.25
10772,1194,2023-01-17,55.45
10773,1849,2023-02-03,55.04
10774,2385,2023-01-20,55.41
10775,2023,2023-07-27,199.17
10776,2243,2023-06-11,38.0
10777,1012,2023-10-26,56.61
10778,653,2023-01-10,51.68
10779,1299,2023-04-04,180.38
10780,7,2023-04-17,52.14
10781,905,2023-04-15,62.07
10782,2029,2023-03-12,1738.39
10783,2614,2023-03-25,56.27
10784,616,2023-07-28,50.59
10785,1874,2023-09-16,44.07
10786,2621,2023-08-27,235.29
10787,2647,2023-10-29,36.32
10788,770,2023-08-20,1638.12
10789,2290,2023-10-09,50.7
10790,1567,2023-07-25,53.35
10791,1486,2023-09-21,32.76
10792,1441,2023-11-07,48.57
10793,766,2023-12-13,226.24
10794,384,2023-07-04,46.8
10795,2439,2023-04-24,76.71
10796,2944,2023-03-20,37.88
10797,688,2023-12-23,41.35
10798,1150,2023-12-08,35.45
10799,47,2023-10-28,42.11
10800,1973,2023-02-19,51.69
10801,2667,2023-11-16,52.96
10802,464,2023-04-05,169.78
10803,1873,2023-09-15,44.57
10804,123,2023-12-17,71.28
10805,2182,2023-03-03,48.44
10806,1643,2023-05-22,38.08
10807,841,2023-11-26,53.02
10808,1586,2023-08-10,46.99
10809,2897,2023-12-22,35.62
10810,2655,2023-04-21,1793.79
10811,1804,2023-04-14,39.41
10812,23,2023-01-15,37.33
10813,566,2023-09-27,48.7
10814,1910,2023-06-08,34.59
10815,2814,2023-06-06,1285.08
10816,965,2023-01-27,171.47
10817,2283,2023-03-26,66.48
10818,996,2023-01-09,55.06
10819,1188,2023-10-03,51.45
10820,1795,2023-08-15,64.59
10821,826,2023-07-05,47.83
10822,216,2023-03-20,37.35
10823,657,2023-08-04,46.75
10824,2983,2023-02-26,38.89
10825,1114,2023-05-24,67.03
10826,1988,2023-12-22,42.17
10827,311,2023-11-27,56.25
10828,557,2023-03-08,58.93
10829,2305,2023-10-02,51.39
10830,2581,2023-04-15,43.79
10831,1557,2023-07-07,49.93
10832,52,2023-06-13,51.47
10833,1362,2023-09-24,40.69
10834,1195,2023-02-20,812.14
10835,1649,2023-05-06,57.51
10836,2348,2023-03-21,67.1
10837,672,2023-07-02,47.67
10838,778,2023-11-06,60.22
10839,832,2023-01-17,39.63
10840,2280,2023-06-19,64.61
10841,1861,2023-10-07,38.08
10842,1530,2023-10-31,70.08
10843,2076,2023-12-06,44.11
10844,1973,2023-08-02,44.86
10845,1075,2023-07-17,50.93
10846,1717,2023-01-07,43.45
10847,1284,2023-01-11,63.18
10848,591,2023-01-12,49.93
10849,2833,2023-04-20,43.82
10850,2668,2023-05-13,58.21
10851,1987,2023-05-08,45.37
10852,2634,2023-05-28,56.0
10853,1002,2023-02-23,202.62
10854,2232,2023-11-07,1751.86
10855,1047,2023-03-20,58.29
10856,2177,2023-12-12,214.43
10857,2339,2023-04-07,59.66
10858,1856,2023-09-06,57.1
10859,501,2023-05-07,197.59
10860,2234,2023-01-30,55.93
10861,479,2023-01-24,50.82
10862,1595,2023-07-20,34.98
10863,2540,2023-05-11,2121.31
10864,513,2023-05-02,175.04
10865,2515,2023-12-22,42.93
10866,2333,2023-11-23,244.08
10867,601,2023-05-30,50.45
10868,1441,2023-01-14,36.93
10869,1124,2023-10-31,35.43
10870,189,2023-01-29,49.76
10871,989,2023-02-19,203.25
10872,2938,2023-08-28,43.24
10873,1882,2023-10-10,53.15
10874,388,2023-12-01,1904.55
10875,2289,2023-12-18,47.58
10876,1806,2023-06-05,51.79
10877,2034,2023-05-17,40.35
10878,1755,2023-11-23,67.51
10879,2465,2023-12-02,50.31
10880,2224,2023-06-03,55.56
10881,387,2023-03-22,57.98
10882,1495,2023-03-28,1705.28
10883,853,2023-09-21,55.46
10884,2711,2023-09-15,181.65
10885,452,2023-07-04,51.69
10886,2325,2023-06-29,48.58
10887,1759,2023-07-05,44.08
10888,213,2023-05-03,57.54
10889,41,2023-04-06,57.85
10890,1146,2023-04-03,48.81
10891,2342,2023-01-03,49.66
10892,600,2023-01-02,55.77
10893,2025,2023-11-01,48.34
10894,2589,2023-12-23,70.86
10895,2031,2023-05-28,55.05
10896,1783,2023-10-12,38.61
10897,1852,2023-05-25,46.81
10898,2499,2023-11-26,65.6
10899,1780,2023-12-27,52.04
10900,2838,2023-09-19,56.94
10901,2382,2023-03-03,36.17
10902,1905,2023-08-14,46.83
10903,2939,2023-01-31,51.42
10904,2092,2023-07-09,77.01
10905,144,2023-09-25,41.51
10906,333,2023-01-12,52.43
10907,998,2023-07-10,50.39
10908,1420,2023-01-25,46.79
10909,55,2023-04-01,216.19
10910,1331,2023-03-29,51.43
10911,2918,2023-11-28,62.65
10912,1447,2023-10-01,48.29
10913,1441,2023-10-28,45.8
10914,2845,2023-04-21,39.44
10915,2373,2023-03-21,200.94
10916,1734,2023-11-20,46.14
10917,1695,2023-05-20,52.97
10918,80,2023-08-02,57.55
10919,985,2023-01-18,46.39
10920,2606,2023-02-23,253.46
10921,865,2023-04-07,48.83
10922,2765,2023-10-10,63.44
10923,1588,2023-08-22,45.26
10924,472,2023-08-28,243.76
10925,2122,2023-11-30,48.32
10926,1577,2023-12-10,58.95
10927,1503,2023-02-23,58.06
10928,589,2023-03-28,41.96
10929,1411,2023-09-18,49.86
10930,1906,2023-08-24,220.81
10931,564,2023-05-03,66.2
10932,467,2023-02-23,54.17
10933,599,2023-08-04,53.98
10934,1645,2023-07-16,45.18
10935,992,2023-02-08,48.72
10936,1933,2023-12-31,61.61
10937,2785,2023-08-16,58.88
10938,2296,2023-08-25,67.65
10939,1605,2023-05-12,36.4
10940,67,2023-11-26,41.8
10941,2621,2023-11-17,32.58
10942,2751,2023-06-17,43.01
10943,470,2023-02-06,42.7
10944,2541,2023-03-08,24.81
10945,1725,2023-04-21,63.69
10946,2711,2023-08-07,1626.44
10947,2334,2023-07-28,73.31
10948,1632,2023-03-28,266.59
10949,2360,2023-10-30,144.71
10950,2357,2023-06-28,54.18
10951,775,2023-01-13,158.02
10952,1137,2023-10-27,63.75
10953,2012,2023-05-05,50.0
10954,2504,2023-08-21,44.55
10955,1487,2023-09-08,37.17
10956,132,2023-05-06,206.4
10957,930,2023-08-23,56.87
10958,929,2023-05-18,60.76
10959,2169,2023-02-18,65.06
10960,1221,2023-07-05,152.07
10961,1506,2023-07-24,220.54
10962,634,2023-03-19,40.25
10963,2945,2023-07-13,231.9
10964,2820,2023-04-13,46.01
10965,1063,2023-04-15,52.87
10966,2614,2023-10-14,51.64
10967,2560,2023-11-20,53.61
10968,1185,2023-07-30,221.29
10969,289,2023-09-07,51.38
10970,2248,2023-10-20,50.15
10971,1812,2023-07-20,71.43
10972,528,2023-01-24,63.42
10973,917,2023-10-27,34.36
10974,1709,2023-03-24,174.33
10975,1407,2023-10-24,41.99
10976,1242,2023-06-28,900.11
10977,1111,2023-10-25,32.51
10978,799,2023-12-30,68.0
10979,1524,2023-07-25,41.4
10980,12,2023-02-09,59.55
10981,833,2023-10-31,48.06
10982,2889,2023-04-23,60.56
10983,2691,2023-12-06,61.65
10984,1242,2023-01-04,48.47
10985,1673,2023-04-18,64.66
10986,2154,2023-11-12,51.81
10987,691,2023-04-24,60.35
10988,528,2023-06-16,50.09
10989,1496,2023-09-18,32.52
10990,2894,2023-04-16,1151.84
10991,893,2023-08-12,60.14
10992,387,2023-09-19,36.65
10993,1250,2023-09-08,2157.53
10994,2529,2023-01-14,48.99
10995,1778,2023-07-17,32.49
10996,408,2023-05-06,77.83
10997,1677,2023-07-25,53.68
10998,898,2023-05-20,47.39
10999,711,2023-03-03,50.82
11000,2687,2023-10-10,49.24
11001,1683,2023-02-23,215.19
11002,2863,2023-12-12,45.05
11003,918,2023-01-12,47.01
11004,2251,2023-05-16,41.09
11005,417,2023-11-26,224.84
11006,416,2023-05-24,40.32
11007,1472,2023-10-09,41.04
11008,1536,2023-05-16,171.91
11009,85,2023-10-28,174.36
11010,167,2023-08-09,54.87
11011,2432,2023-12-06,72.4
11012,2516,2023-07-28,41.92
11013,1096,2023-12-25,39.14
11014,810,2023-05-03,41.64
11015,1545,2023-04-26,44.79
11016,1817,2023-06-06,61.13
11017,2521,2023-09-27,45.86
11018,993,2023-01-17,46.31
11019,1282,2023-09-26,220.57
11020,275,2023-12-15,30.38
11021,1774,2023-08-07,162.53
11022,2538,2023-11-15,193.43
11023,1757,2023-08-26,59.28
11024,2374,2023-02-02,200.16
11025,2577,2023-10-12,58.24
11026,892,2023-02-06,32.59
11027,89,2023-04-13,58.6
11028,2534,2023-07-30,38.39
11029,708,2023-10-07,63.7
11030,2398,2023-05-22,42.72
11031,387,2023-08-27,49.28
11032,2135,2023-08-17,217.64
11033,2355,2023-05-13,240.25
11034,1874,2023-05-05,47.85
11035,1178,2023-02-22,238.47
11036,440,2023-03-29,41.27
11037,2788,2023-04-08,45.38
11038,2312,2023-04-05,64.3
11039,977,2023-07-07,50.63
11040,735,2023-09-13,52.5
11041,2469,2023-03-14,162.07
11042,2541,2023-12-28,53.08
11043,633,2023-10-09,45.14
11044,993,2023-01-18,227.85
11045,2459,2023-06-13,54.46
11046,173,2023-05-26,53.93
11047,4,2023-11-10,48.53
11048,2902,2023-09-10,72.1
11049,1664,2023-06-09,38.64
11050,2016,2023-12-15,40.6
11051,1496,2023-02-18,48.11
11052,1061,2023-06-25,47.44
11053,2631,2023-11-23,38.22
11054,1055,2023-03-06,54.84
11055,381,2023-10-16,69.02
11056,1292,2023-02-19,50.05
11057,2392,2023-01-04,56.02
11058,1593,2023-04-29,164.26
11059,166,2023-12-06,42.32
11060,2748,2023-06-13,56.94
11061,2390,2023-08-11,64.11
11062,1043,2023-12-24,43.24
11063,1652,2023-06-05,47.29
11064,1208,2023-09-19,1315.98
11065,545,2023-06-22,43.35
11066,2240,2023-01-23,63.46
11067,2368,2023-03-02,47.2
11068,2628,2023-12-22,43.37
11069,2523,2023-11-17,47.38
11070,2685,2023-05-14,242.91
11071,2475,2023-01-24,1863.78
11072,97,2023-10-20,42.35
11073,2544,2023-02-14,38.51
11074,2709,2023-06-28,1265.89
11075,1302,2023-12-22,183.4
11076,2057,2023-12-24,48.9
11077,457,2023-03-04,48.55
11078,1819,2023-01-29,66.7
11079,273,2023-12-23,56.18
11080,2988,2023-12-31,195.54
11081,1032,2023-04-06,44.11
11082,208,2023-09-23,78.47
11083,1938,2023-10-18,38.13
11084,1661,2023-02-24,61.63
11085,1147,2023-06-02,45.73
11086,1057,2023-08-07,46.85
11087,1537,2023-06-22,38.87
11088,204,2023-04-06,1345.73
11089,2566,2023-05-03,60.39
11090,1833,2023-01-12,43.39
11091,2565,2023-01-04,52.03
11092,443,2023-12-28,58.66
11093,689,2023-12-12,61.82
11094,2898,2023-03-08,40.22
11095,833,2023-05-25,47.3
11096,2387,2023-03-06,50.14
11097,1462,2023-03-23,46.47
11098,1160,2023-04-15,61.87
11099,387,2023-06-30,166.92
11100,2042,2023-12-06,49.64
11101,2554,2023-04-15,59.39
11102,1349,2023-08-14,49.53
11103,1719,2023-01-28,1515.94
11104,680,2023-01-16,1665.61
11105,690,2023-10-04,43.72
11106,2933,2023-11-29,57.48
11107,1569,2023-10-25,52.96
11108,2671,2023-02-23,1545.75
11109,1170,2023-10-15,42.23
11110,893,2023-04-24,278.56
11111,953,2023-02-07,143.44
11112,1255,2023-08-18,43.15
11113,784,2023-06-15,51.01
11114,2047,2023-07-01,40.61
11115,1872,2023-07-24,50.29
11116,495,2023-09-02,47.59
11117,747,2023-12-25,48.66
11118,2485,2023-11-29,46.39
11119,1855,2023-11-05,44.62
11120,2393,2023-05-01,66.68
11121,2598,2023-09-16,42.0
11122,2868,2023-07-29,34.38
11123,2589,2023-11-06,72.2
11124,2192,2023-10-23,48.5
11125,2636,2023-07-13,47.28
11126,657,2023-03-09,58.71
11127,1883,2023-04-24,52.17
11128,2393,2023-08-08,47.47
11129,2744,2023-08-08,56.96
11130,1797,2023-08-06,64.48
11131,268,2023-08-25,67.44
11132,2217,2023-10-25,41.4
11133,1763,2023-04-04,44.7
11134,2081,2023-09-10,45.38
11135,377,2023-12-23,44.66
11136,1586,2023-08-03,52.99
11137,1464,2023-09-15,40.74
11138,2441,2023-12-13,45.9
11139,489,2023-08-28,112.32
11140,722,2023-11-11,33.12
11141,946,2023-08-02,51.36
11142,2087,2023-04-08,48.29
11143,1636,2023-01-16,144.28
11144,1041,2023-06-03,35.55
11145,2274,2023-01-16,62.56
11146,2115,2023-07-17,206.07
11147,1678,2023-04-18,50.69
11148,2883,2023-01-23,42.94
11149,999,2023-02-11,64.0
11150,1778,2023-02-06,53.55
11151,2285,2023-11-24,1950.69
11152,957,2023-06-14,55.26
11153,2967,2023-04-26,62.6
11154,1590,2023-05-30,60.68
11155,1162,2023-01-06,48.98
11156,2521,2023-02-01,62.22
11157,1869,2023-05-25,53.57
11158,553,2023-10-21,52.5
11159,1634,2023-10-20,254.37
11160,695,2023-06-26,53.58
11161,317,2023-06-26,40.09
11162,2646,2023-03-02,49.85
11163,768,2023-03-18,36.2
11164,2934,2023-03-27,56.59
11165,2609,2023-07-10,155.2
11166,1972,2023-01-07,48.39
11167,2306,2023-03-26,57.79
11168,1504,2023-09-19,55.31
11169,2805,2023-09-16,45.07
11170,123,2023-02-16,53.11
11171,2390,2023-12-07,56.69
11172,1869,2023-04-04,1580.57
11173,1672,2023-08-12,43.6
11174,1083,2023-10-06,50.32
11175,1729,2023-01-03,59.66
11176,2308,2023-05-09,72.21
11177,1997,2023-11-19,68.59
11178,2143,2023-09-06,54.87
11179,1149,2023-08-17,53.32
11180,2089,2023-11-23,47.74
11181,1915,2023-05-11,271.84
11182,254,2023-08-16,275.27
11183,7,2023-06-26,42.9
11184,2776,2023-11-19,35.18
11185,2117,2023-11-07,57.57
11186,542,2023-01-31,64.26
11187,89,2023-03-07,61.9
11188,1939,2023-07-25,56.46
11189,213,2023-04-11,39.25
11190,2882,2023-11-16,35.02
11191,266,2023-01-31,1639.89
11192,2960,2023-07-10,70.55
11193,2341,2023-03-07,49.37
11194,1231,2023-10-30,1165.33
11195,2381,2023-08-23,53.2
11196,1005,2023-10-05,48.02
11197,2095,2023-07-21,50.58
11198,622,2023-12-16,217.92
11199,427,2023-08-13,46.05
11200,210,2023-03-24,204.84
11201,888,2023-02-15,165.39
11202,1444,2023-03-30,38.7
11203,154,2023-07-05,46.71
11204,415,2023-07-08,50.81
11205,1181,2023-09-03,38.08
11206,1285,2023-02-15,62.9
11207,769,2023-09-14,46.31
11208,983,2023-12-18,41.19
11209,1512,2023-03-02,37.17
11210,579,2023-04-15,50.39
11211,2788,2023-12-03,50.33
11212,2211,2023-01-14,45.64
11213,1039,2023-10-28,47.14
11214,2243,2023-03-18,56.84
11215,542,2023-08-18,66.53
11216,359,2023-06-16,39.1
11217,850,2023-03-07,66.05
11218,427,2023-02-01,38.88
11219,2545,2023-04-06,49.96
11220,2876,2023-02-27,50.82
11221,486,2023-04-14,193.75
11222,1832,2023-11-08,2066.63
11223,1473,2023-05-14,39.01
11224,1437,2023-08-05,65.92
11225,330,2023-03-08,59.91
11226,1756,2023-06-27,54.36
11227,2937,2023-09-04,50.42
11228,1171,2023-10-21,56.04
11229,259,2023-08-23,45.69
11230,2340,2023-05-11,62.24
11231,143,2023-04-22,48.25
11232,2017,2023-02-23,32.03
11233,2795,2023-10-17,41.97
11234,627,2023-08-27,74.36
11235,1389,2023-08-28,40.04
11236,90,2023-10-22,44.98
11237,720,2023-04-22,55.7
11238,481,2023-03-29,222.2
11239,2132,2023-08-16,56.56
11240,1101,2023-10-31,51.76
11241,673,2023-11-01,58.71
11242,517,2023-10-17,32.29
11243,2533,2023-07-27,45.66
11244,1614,2023-12-22,53.43
11245,782,2023-10-01,43.87
11246,2152,2023-03-11,47.18
11247,2036,2023-08-08,57.23
11248,2387,2023-08-19,41.77
11249,687,2023-10-17,62.93
11250,1590,2023-11-03,42.52
11251,900,2023-12-27,52.59
11252,1502,2023-12-15,38.06
11253,2655,2023-09-12,47.54
11254,223,2023-05-22,52.65
11255,1077,2023-03-10,50.44
11256,1101,2023-03-30,55.0
11257,1742,2023-12-25,244.21
11258,503,2023-05-16,39.19
11259,1340,2023-05-23,47.17
11260,2870,2023-12-05,220.26
11261,624,2023-07-06,272.79
11262,1887,2023-01-11,41.25
11263,2213,2023-05-28,66.53
11264,1051,2023-10-19,58.09
11265,1094,2023-12-04,56.87
11266,1986,2023-02-07,68.91
11267,1389,2023-12-11,38.97
11268,1330,2023-07-27,52.11
11269,1148,2023-07-29,42.86
11270,19,2023-01-01,1349.36
11271,1281,2023-12-26,63.08
11272,1046,2023-03-06,35.8
11273,989,2023-01-01,200.5
11274,2498,2023-08-31,70.24
11275,2600,2023-11-12,56.97
11276,1574,2023-01-25,50.61
11277,1072,2023-12-13,65.54
11278,2743,2023-02-19,48.42
11279,2635,2023-12-14,32.04
11280,2769,2023-08-29,55.75
11281,1207,2023-02-01,55.98
11282,1459,2023-02-02,34.92
11283,2155,2023-07-19,66.74
11284,1212,2023-08-22,59.03
11285,776,2023-01-26,65.33
11286,1860,2023-02-11,50.26
11287,1867,2023-03-02,1740.17
11288,1161,2023-02-10,49.75
11289,1882,2023-05-10,51.97
11290,2946,2023-12-21,41.31
11291,2384,2023-12-20,51.24
11292,2655,2023-07-17,50.43
11293,2886,2023-10-14,53.52
11294,1781,2023-05-31,29.76
11295,602,2023-07-23,44.1
11296,1595,2023-07-01,53.27
11297,2451,2023-07-26,44.28
11298,540,2023-05-27,49.68
11299,1096,2023-07-23,51.76
11300,1806,2023-02-17,62.5
11301,24,2023-09-15,44.98
11302,624,2023-05-19,1276.27
11303,1836,2023-06-21,28.84
11304,1080,2023-04-11,38.33
11305,986,2023-07-06,62.74
11306,223,2023-11-11,243.56
11307,179,2023-10-21,60.3
11308,2848,2023-12-29,43.54
11309,2482,2023-01-21,59.56
11310,1961,2023-10-25,162.53
11311,1474,2023-01-10,61.45
11312,793,2023-07-06,47.19
11313,884,2023-05-13,225.95
11314,2540,2023-02-02,44.16
11315,1213,2023-03-10,61.41
11316,1602,2023-03-21,1527.81
11317,810,2023-07-10,40.93
11318,961,2023-04-11,53.39
11319,420,2023-10-12,199.5
11320,2697,2023-08-09,52.22
11321,1188,2023-02-22,39.08
11322,1279,2023-06-09,48.76
11323,2524,2023-02-11,61.61
11324,1441,2023-02-16,47.38
11325,2218,2023-06-08,217.18
11326,1341,2023-07-03,57.03
11327,2222,2023-09-03,53.88
11328,2518,2023-01-11,44.62
11329,2393,2023-06-03,1345.88
11330,2493,2023-08-08,44.09
11331,1042,2023-06-04,45.42
11332,1094,2023-12-05,49.45
11333,1362,2023-12-31,44.69
11334,2676,2023-10-10,41.11
11335,592,2023-07-06,57.63
11336,527,2023-03-03,40.67
11337,2504,2023-05-28,51.33
11338,1293,2023-05-24,54.74
11339,1655,2023-04-13,52.71
11340,811,2023-10-27,36.02
11341,188,2023-04-03,44.92
11342,1593,2023-10-13,53.52
11343,2759,2023-04-29,33.8
11344,529,2023-01-29,37.68
11345,434,2023-01-30,63.42
11346,2336,2023-12-26,52.52
11347,1942,2023-10-15,59.0
11348,2547,2023-05-18,43.54
11349,1805,2023-02-20,43.97
11350,303,2023-10-19,147.09
11351,87,2023-08-22,57.25
11352,2878,2023-02-24,54.45
11353,438,2023-10-19,42.05
11354,2589,2023-08-28,55.23
11355,1046,2023-11-08,1506.23
11356,833,2023-02-05,51.96
11357,797,2023-03-30,52.01
11358,560,2023-07-31,41.69
11359,762,2023-11-14,65.48
11360,1699,2023-12-31,60.75
11361,2515,2023-09-02,42.95
11362,1125,2023-03-28,43.68
11363,2723,2023-08-28,50.82
11364,685,2023-11-16,36.68
11365,1165,2023-07-07,52.65
11366,138,2023-02-26,39.39
11367,578,2023-04-23,41.22
11368,710,2023-08-11,52.98
11369,228,2023-03-11,54.29
11370,2329,2023-08-15,202.52
11371,2732,2023-09-13,147.86
11372,828,2023-06-29,1720.55
11373,431,2023-07-03,60.42
11374,1064,2023-07-10,53.24
11375,1710,2023-08-20,62.72
11376,1687,2023-10-03,47.98
11377,1235,2023-08-21,40.99
11378,302,2023-02-23,1229.65
11379,1110,2023-09-14,62.8
11380,1421,2023-03-31,41.07
11381,533,2023-08-14,43.95
11382,769,2023-09-04,60.32
11383,1939,2023-05-31,49.11
11384,1405,2023-04-23,44.73
11385,444,2023-09-26,36.2
11386,260,2023-06-06,55.06
11387,1539,2023-12-13,54.96
11388,1332,2023-12-17,43.03
11389,2787,2023-10-26,59.99
11390,2844,2023-06-08,62.52
11391,70,2023-11-26,69.05
11392,1478,2023-08-13,50.95
11393,1463,2023-01-14,1745.18
11394,1849,2023-12-21,49.39
11395,481,2023-04-19,33.16
11396,1168,2023-04-06,56.25
11397,2072,2023-07-14,52.08
11398,2794,2023-02-27,245.52
11399,2893,2023-12-18,49.18
11400,1199,2023-10-21,51.79
11401,2373,2023-06-03,62.04
11402,1893,2023-03-05,59.54
11403,1695,2023-06-07,59.07
11404,1884,2023-09-22,46.82
11405,1372,2023-05-01,1000.64
11406,798,2023-10-15,45.96
11407,18,2023-01-11,1340.57
11408,44,2023-08-02,52.29
11409,155,2023-06-11,61.87
11410,867,2023-04-15,193.14
11411,2970,2023-05-27,60.55
11412,743,2023-07-01,40.2
11413,1852,2023-12-04,60.87
11414,1426,2023-02-06,56.4
11415,225,2023-03-23,45.5
11416,217,2023-01-12,45.75
11417,31,2023-01-04,57.67
11418,1893,2023-02-12,177.99
11419,1083,2023-02-20,52.04
11420,1916,2023-09-18,48.64
11421,898,2023-05-14,58.58
11422,2983,2023-03-28,58.55
11423,445,2023-12-28,49.54
11424,1259,2023-02-25,30.69
11425,1131,2023-08-05,212.45
11426,1215,2023-03-09,32.28
11427,2016,2023-12-18,53.01
11428,2578,2023-02-13,232.82
11429,1937,2023-05-23,55.24
11430,738,2023-12-12,51.02
11431,1703,2023-02-11,1436.28
11432,874,2023-05-19,61.37
11433,566,2023-03-14,39.94
11434,2019,2023-09-24,50.43
11435,1886,2023-07-13,60.6
11436,2124,2023-06-04,37.45
11437,547,2023-09-03,47.13
11438,2315,2023-11-10,29.13
11439,317,2023-08-06,1257.35
11440,1860,2023-09-10,53.76
11441,25,2023-10-04,57.29
11442,160,2023-10-04,60.05
11443,2644,2023-03-13,66.67
11444,1138,2023-05-09,58.21
11445,900,2023-12-24,37.28
11446,2550,2023-07-05,55.85
11447,1190,2023-01-13,65.6
11448,703,2023-11-25,192.13
11449,1,2023-08-08,48.58
11450,1923,2023-01-06,54.28
11451,2789,2023-08-27,44.19
11452,2368,2023-04-22,200.64
11453,1425,2023-08-16,68.04
11454,382,2023-01-17,43.93
11455,1742,2023-03-14,65.92
11456,1827,2023-01-12,52.38
11457,1274,2023-03-27,57.5
11458,1549,2023-06-29,34.7
11459,1579,2023-05-02,44.47
11460,898,2023-07-23,53.47
11461,717,2023-03-11,50.85
11462,2355,2023-04-18,41.79
11463,391,2023-07-20,1437.67
11464,1700,2023-02-21,61.75
11465,2346,2023-02-06,48.15
11466,233,2023-04-27,854.33
11467,1927,2023-09-16,24.74
11468,2319,2023-09-21,39.89
11469,1320,2023-10-30,28.04
11470,2725,2023-03-05,44.14
11471,706,2023-02-11,59.34
11472,234,2023-02-12,30.32
11473,1392,2023-05-05,43.21
11474,2893,2023-09-27,43.3
11475,1256,2023-12-13,43.76
11476,1897,2023-08-21,43.63
11477,2539,2023-05-12,184.32
11478,2551,2023-01-02,53.42
11479,890,2023-04-25,39.97
11480,592,2023-01-01,49.09
11481,746,2023-11-27,1457.08
11482,1720,2023-03-06,45.22
11483,428,2023-05-05,52.49
11484,2745,2023-09-13,48.26
11485,2694,2023-11-18,34.98
11486,732,2023-05-23,62.98
11487,800,2023-11-24,46.75
11488,2412,2023-09-03,59.77
11489,202,2023-04-26,42.83
11490,2930,2023-10-30,51.53
11491,2194,2023-03-31,56.88
11492,836,2023-10-23,1335.58
11493,2687,2023-02-11,38.98
11494,135,2023-02-04,44.25
11495,2674,2023-02-10,51.59
11496,1288,2023-12-07,53.07
11497,2112,2023-05-04,48.47
11498,2539,2023-02-26,70.09
11499,41,2023-10-21,57.24
11500,913,2023-08-23,39.29
11501,1730,2023-04-06,37.71
11502,975,2023-11-15,34.75
11503,1134,2023-12-09,57.96
11504,2416,2023-05-12,50.98
11505,1460,2023-06-25,36.26
11506,2966,2023-02-21,49.45
11507,2041,2023-02-07,68.48
11508,244,2023-12-09,44.13
11509,2950,2023-01-05,1741.72
11510,166,2023-08-01,57.07
11511,1050,2023-04-30,961.65
11512,1498,2023-11-22,66.72
11513,728,2023-07-28,36.42
11514,1116,2023-08-05,1602.1
11515,483,2023-01-24,45.72
11516,2591,2023-12-08,53.38
11517,2979,2023-07-24,214.44
11518,2448,2023-08-14,1380.78
11519,1231,2023-08-06,52.65
11520,2667,2023-07-30,1609.46
11521,2927,2023-01-26,48.75
11522,2149,2023-09-09,48.99
11523,880,2023-01-03,65.1
11524,830,2023-01-02,1641.17
11525,2025,2023-04-02,220.99
11526,759,2023-01-02,174.5
11527,163,2023-05-30,70.54
11528,1197,2023-03-12,2231.56
11529,2550,2023-01-04,35.43
11530,2595,2023-02-07,45.04
11531,1308,2023-12-25,53.66
11532,2429,2023-03-11,177.38
11533,2918,2023-07-20,54.65
11534,2953,2023-11-04,55.15
11535,1996,2023-09-09,67.56
11536,1935,2023-10-14,58.99
11537,1557,2023-10-19,48.17
11538,2657,2023-06-03,50.89
11539,307,2023-05-13,50.66
11540,1363,2023-03-15,44.6
11541,2103,2023-10-01,45.06
11542,333,2023-09-28,50.21
11543,2175,2023-07-04,47.82
11544,2753,2023-12-19,40.34
11545,243,2023-01-05,61.04
11546,1885,2023-10-20,48.68
11547,2648,2023-12-26,234.26
11548,1433,2023-03-27,41.38
11549,2551,2023-08-02,178.55
11550,2652,2023-01-15,50.02
11551,303,2023-09-30,1667.05
11552,235,2023-02-20,78.74
11553,2187,2023-09-10,52.3
11554,195,2023-02-14,42.1
11555,1551,2023-07-10,71.67
11556,1793,2023-05-02,58.94
11557,647,2023-07-06,53.54
11558,2049,2023-08-02,29.53
11559,561,2023-05-29,47.46
11560,1120,2023-06-19,40.67
11561,713,2023-07-28,44.75
11562,413,2023-03-23,32.15
11563,538,2023-07-15,53.85
11564,1879,2023-09-03,52.13
11565,2477,2023-12-11,43.94
11566,235,2023-12-23,61.32
11567,2397,2023-02-09,39.12
11568,1780,2023-06-17,142.4
11569,1894,2023-02-12,68.97
11570,1505,2023-11-25,55.11
11571,1863,2023-07-30,46.45
11572,2444,2023-06-28,223.97
11573,1375,2023-01-23,41.93
11574,416,2023-04-05,48.47
11575,1910,2023-06-09,50.64
11576,916,2023-09-01,64.63
11577,81,2023-01-17,190.37
11578,2084,2023-04-22,46.51
11579,1091,2023-04-13,1969.97
11580,2689,2023-11-10,42.32
11581,2930,2023-03-27,48.48
11582,1691,2023-02-04,258.41
11583,757,2023-01-30,40.16
11584,2671,2023-07-11,156.8
11585,468,2023-06-28,1591.43
11586,1166,2023-04-14,55.25
11587,2404,2023-06-14,34.82
11588,2757,2023-05-02,51.81
11589,1495,2023-05-14,64.22
11590,1645,2023-10-17,47.96
11591,1020,2023-11-08,52.2
11592,1615,2023-08-12,53.93
11593,902,2023-01-25,42.25
11594,673,2023-01-13,64.46
11595,439,2023-11-15,1097.96
11596,2579,2023-08-18,60.75
11597,127,2023-04-12,75.65
11598,2253,2023-07-22,45.36
11599,2077,2023-09-24,38.78
11600,445,2023-12-31,57.85
11601,966,2023-08-10,29.41
11602,464,2023-04-14,955.46
11603,2199,2023-04-21,1009.88
11604,2288,2023-03-10,53.09
11605,2314,2023-12-24,194.44
11606,913,2023-09-15,48.33
11607,497,2023-06-17,37.72
11608,1464,2023-10-20,44.61
11609,1772,2023-02-18,53.07
11610,2733,2023-09-07,52.04
11611,158,2023-11-27,45.49
11612,172,2023-03-16,44.23
11613,494,2023-07-20,44.93
11614,970,2023-02-03,54.42
11615,1335,2023-11-10,243.84
11616,1427,2023-04-21,38.84
11617,1693,2023-12-18,36.05
11618,1794,2023-11-12,52.3
11619,2724,2023-08-25,37.07
11620,659,2023-02-01,45.02
11621,2951,2023-07-28,55.0
11622,666,2023-05-12,53.3
11623,367,2023-04-16,46.84
11624,550,2023-02-02,186.63
11625,643,2023-02-12,221.98
11626,1894,2023-04-17,53.4
11627,255,2023-09-22,50.19
11628,208,2023-08-14,41.65
11629,2498,2023-06-28,71.42
11630,95,2023-08-10,56.23
11631,1884,2023-05-05,48.12
11632,2887,2023-10-03,50.19
11633,478,2023-06-16,41.04
11634,2731,2023-05-31,51.31
11635,762,2023-02-10,169.4
11636,190,2023-10-27,123.81
11637,2759,2023-02-04,51.0
11638,1508,2023-11-10,45.75
11639,1757,2023-10-31,60.95
11640,1560,2023-08-19,53.02
11641,756,2023-08-03,35.24
11642,1447,2023-11-10,52.25
11643,836,2023-04-11,192.12
11644,1664,2023-02-26,55.6
11645,1629,2023-08-03,46.19
11646,1836,2023-06-05,49.46
11647,133,2023-03-05,64.3
11648,55,2023-03-03,201.34
11649,510,2023-12-05,33.63
11650,670,2023-03-03,39.49
11651,2458,2023-04-04,54.45
11652,1690,2023-12-07,41.37
11653,1317,2023-01-26,51.49
11654,734,2023-05-01,2215.95
11655,1694,2023-02-19,53.55
11656,259,2023-09-09,42.8
11657,1146,2023-02-05,44.68
11658,299,2023-10-16,46.41
11659,561,2023-04-10,51.95
11660,1913,2023-11-20,45.43
11661,1865,2023-11-25,53.4
11662,297,2023-05-16,46.16
11663,2410,2023-07-13,69.08
11664,2637,2023-08-09,119.79
11665,1462,2023-10-06,59.22
11666,2175,2023-11-22,50.8
11667,197,2023-02-24,47.33
11668,2269,2023-04-20,47.17
11669,995,2023-05-29,68.34
11670,2139,2023-09-22,59.09
11671,2459,2023-06-11,47.41
11672,8,2023-07-06,50.76
11673,2592,2023-05-09,46.15
11674,2516,2023-04-18,214.67
11675,320,2023-03-09,58.39
11676,1418,2023-03-07,69.47
11677,2317,2023-05-24,179.45
11678,1699,2023-02-22,43.78
11679,2109,2023-05-08,32.09
11680,1462,2023-11-17,56.97
11681,1288,2023-07-26,44.46
11682,2845,2023-11-16,1887.11
11683,1119,2023-08-04,67.85
11684,553,2023-03-09,44.16
11685,2974,2023-03-03,213.92
11686,661,2023-07-29,28.99
11687,716,2023-12-03,61.2
11688,2827,2023-11-23,41.72
11689,2242,2023-02-21,247.98
11690,2530,2023-04-26,53.77
11691,1459,2023-03-06,39.5
11692,855,2023-05-10,60.64
11693,2546,2023-06-26,178.88
11694,2260,2023-10-05,27.74
11695,665,2023-06-12,49.97
11696,2718,2023-11-28,62.16
11697,1898,2023-06-01,56.87
11698,1675,2023-12-16,36.41
11699,2269,2023-08-24,40.35
11700,273,2023-06-07,39.59
11701,1178,2023-11-23,57.93
11702,1273,2023-04-16,72.76
11703,279,2023-11-02,60.12
11704,816,2023-09-12,46.01
11705,276,2023-12-24,58.49
11706,1005,2023-04-23,210.31
11707,2562,2023-01-30,43.82
11708,923,2023-01-12,36.25
11709,642,2023-06-26,64.59
11710,505,2023-12-04,50.62
11711,2638,2023-02-15,41.7
11712,772,2023-06-20,222.88
11713,1265,2023-05-10,42.47
11714,2788,2023-09-02,175.7
11715,2723,2023-12-19,40.63
11716,1260,2023-07-22,51.31
11717,1014,2023-08-14,41.72
11718,128,2023-03-21,73.04
11719,2551,2023-11-06,43.65
11720,1224,2023-02-04,188.6
11721,2950,2023-02-21,67.83
11722,2591,2023-06-10,49.55
11723,1526,2023-03-25,66.69
11724,1674,2023-11-24,57.52
11725,492,2023-01-26,44.7
11726,1258,2023-08-13,44.53
11727,2762,2023-11-13,49.8
11728,2839,2023-06-03,62.82
11729,1667,2023-10-20,31.14
11730,416,2023-04-05,41.97
11731,2196,2023-08-13,49.28
11732,970,2023-09-24,59.24
11733,2077,2023-02-10,166.67
11734,1385,2023-05-13,146.45
11735,308,2023-03-07,54.74
11736,2210,2023-07-29,62.72
11737,2917,2023-06-02,56.61
11738,2900,2023-06-21,37.57
11739,61,2023-11-21,72.13
11740,2173,2023-02-28,39.05
11741,1480,2023-07-03,54.53
11742,2886,2023-06-29,238.04
11743,1931,2023-11-18,54.35
11744,2514,2023-11-20,53.96
11745,2291,2023-01-12,30.48
11746,1514,2023-03-09,54.64
11747,473,2023-11-25,51.81
11748,959,2023-07-21,62.59
11749,533,2023-01-06,28.13
11750,494,2023-01-15,46.34
11751,2947,2023-02-11,73.97
11752,82,2023-01-31,55.87
11753,2904,2023-06-30,185.53
11754,879,2023-09-19,46.1
11755,1546,2023-10-16,45.1
11756,2971,2023-01-21,227.62
11757,12,2023-07-01,52.45
11758,1287,2023-07-03,51.07
11759,449,2023-09-01,55.63
11760,762,2023-12-16,218.01
11761,26,2023-05-29,52.32
11762,1807,2023-09-13,48.66
11763,2556,2023-04-10,1234.5
11764,1569,2023-02-24,45.92
11765,62,2023-07-05,1804.3
11766,229,2023-11-16,41.85
11767,1839,2023-03-27,50.61
11768,607,2023-06-23,41.39
11769,1059,2023-01-22,65.27
11770,1729,2023-09-01,55.82
11771,1480,2023-03-01,49.2
11772,2939,2023-04-14,53.15
11773,1526,2023-05-19,1472.99
11774,761,2023-10-30,56.01
11775,595,2023-06-08,276.42
11776,1593,2023-08-20,54.64
11777,1056,2023-03-18,48.93
11778,1855,2023-01-18,46.58
11779,2049,2023-01-22,50.01
11780,1459,2023-07-03,45.19
11781,1862,2023-05-25,54.39
11782,1160,2023-02-07,40.68
11783,1220,2023-10-08,62.55
11784,133,2023-10-15,49.67
11785,86,2023-05-23,43.7
11786,1500,2023-01-13,221.29
11787,1831,2023-07-05,37.78
11788,1204,2023-09-24,47.93
11789,2564,2023-09-26,254.88
11790,175,2023-04-07,33.98
11791,2811,2023-12-23,48.79
11792,1976,2023-10-21,1237.68
11793,578,2023-01-01,46.25
11794,1799,2023-10-22,59.81
11795,2097,2023-01-27,59.04
11796,2576,2023-02-05,30.61
11797,145,2023-06-09,36.63
11798,762,2023-01-31,65.11
11799,1378,2023-05-07,59.18
11800,1826,2023-09-19,63.77
11801,929,2023-12-11,52.59
11802,794,2023-07-29,36.64
11803,1602,2023-05-30,34.64
11804,1661,2023-01-31,53.13
11805,319,2023-04-10,37.63
11806,1111,2023-11-25,138.17
11807,1577,2023-10-29,55.17
11808,698,2023-12-19,68.72
11809,847,2023-08-07,57.44
11810,1802,2023-09-10,150.03
11811,783,2023-06-20,60.37
11812,2090,2023-09-14,51.21
11813,1117,2023-02-26,67.6
11814,1751,2023-01-09,44.31
11815,2577,2023-01-05,38.75
11816,1650,2023-12-01,41.23
11817,292,2023-04-24,43.42
11818,969,2023-09-22,57.84
11819,1488,2023-06-22,130.13
11820,1843,2023-08-08,38.03
11821,97,2023-07-24,69.55
11822,1119,2023-01-24,60.33
11823,74,2023-06-19,208.55
11824,1360,2023-04-13,66.84
11825,1092,2023-03-01,54.27
11826,758,2023-03-27,79.34
11827,1942,2023-09-12,1121.48
11828,208,2023-06-14,892.19
11829,1245,2023-06-16,51.17
11830,1286,2023-03-25,26.98
11831,410,2023-07-21,46.4
11832,2379,2023-03-31,67.68
11833,2392,2023-03-30,55.34
11834,771,2023-04-30,40.65
11835,1844,2023-06-05,42.89
11836,74,2023-07-07,61.6
11837,1661,2023-07-07,47.07
11838,254,2023-09-19,30.82
11839,820,2023-02-21,36.34
11840,986,2023-05-20,267.92
11841,332,2023-01-19,51.11
11842,1422,2023-03-16,51.59
11843,2795,2023-08-18,63.63
11844,836,2023-05-10,218.12
11845,1692,2023-02-24,43.46
11846,455,2023-09-28,41.34
11847,1930,2023-04-10,45.7
11848,1139,2023-03-10,47.76
11849,313,2023-10-26,40.62
11850,1018,2023-01-17,73.92
11851,228,2023-12-20,49.62
11852,2882,2023-04-26,113.62
11853,858,2023-06-01,47.34
11854,1269,2023-11-26,72.07
11855,2866,2023-04-26,49.6
11856,1018,2023-01-30,48.39
11857,2576,2023-11-19,60.83
11858,950,2023-02-20,1354.69
11859,427,2023-03-01,40.58
11860,2090,2023-08-17,1822.97
11861,465,2023-09-16,57.88
11862,1646,2023-12-26,1270.68
11863,278,2023-01-05,45.41
11864,2884,2023-01-28,52.97
11865,19,2023-09-11,58.55
11866,66,2023-12-30,38.52
11867,167,2023-08-19,56.55
11868,1609,2023-12-23,37.1
11869,403,2023-07-19,59.98
11870,409,2023-11-28,42.82
11871,2160,2023-09-28,46.29
11872,597,2023-12-05,55.21
11873,2699,2023-10-31,21.06
11874,1063,2023-02-15,211.67
11875,2153,2023-01-28,48.78
11876,324,2023-01-07,53.29
11877,1983,2023-08-20,161.07
11878,1438,2023-07-18,55.58
11879,429,2023-04-04,47.12
11880,2683,2023-03-23,63.74
11881,2778,2023-03-29,52.38
11882,2937,2023-07-05,36.87
11883,1085,2023-08-31,41.16
11884,1636,2023-03-09,42.47
11885,1378,2023-11-07,183.4
11886,393,2023-07-06,43.77
11887,2252,2023-08-27,55.9
11888,2306,2023-08-06,224.07
11889,2534,2023-04-18,37.08
11890,1541,2023-11-03,49.91
11891,446,2023-02-07,161.74
11892,1204,2023-12-15,68.13
11893,1024,2023-10-03,56.95
11894,342,2023-01-10,49.96
11895,133,2023-01-26,58.27
11896,2491,2023-02-17,48.95
11897,1860,2023-12-13,59.08
11898,2301,2023-01-14,63.11
11899,265,2023-04-10,37.02
11900,93,2023-07-06,51.56
11901,1686,2023-01-12,49.92
11902,1435,2023-10-06,1574.27
11903,2186,2023-12-07,40.19
11904,1232,2023-11-24,1125.51
11905,1002,2023-06-16,41.09
11906,1661,2023-05-02,57.84
11907,1597,2023-04-05,48.21
11908,2355,2023-01-25,167.39
11909,266,2023-01-17,1749.48
11910,646,2023-01-29,50.21
11911,2366,2023-11-19,59.63
11912,1137,2023-12-07,74.52
11913,2949,2023-11-09,1568.35
11914,1402,2023-03-13,1593.57
11915,454,2023-09-27,63.83
11916,2239,2023-09-07,1914.57
11917,1915,2023-10-22,193.39
11918,1464,2023-05-24,52.87
11919,1211,2023-10-01,55.92
11920,831,2023-08-11,60.4
11921,1391,2023-03-16,76.48
11922,1113,2023-04-12,64.56
11923,2235,2023-01-20,112.32
11924,2867,2023-04-27,55.89
11925,1970,2023-06-23,51.1
11926,2180,2023-06-22,66.71
11927,872,2023-01-04,53.6
11928,635,2023-12-06,71.5
11929,1400,2023-05-28,2039.55
11930,691,2023-04-24,48.68
11931,2740,2023-11-17,1498.81
11932,1866,2023-06-16,217.22
11933,1058,2023-10-27,41.51
11934,1956,2023-04-28,52.27
11935,582,2023-04-10,64.2
11936,2219,2023-10-01,39.94
11937,1390,2023-06-24,50.07
11938,784,2023-06-08,49.62
11939,181,2023-08-15,41.98
11940,19,2023-02-07,42.32
11941,1250,2023-07-17,185.75
11942,2929,2023-05-16,61.71
11943,1617,2023-04-14,40.38
11944,2223,2023-07-12,56.82
11945,1246,2023-09-07,61.5
11946,1639,2023-01-13,49.07
11947,54,2023-02-24,52.44
11948,2743,2023-12-10,55.51
11949,2911,2023-03-26,57.53
11950,1427,2023-04-19,44.5
11951,2397,2023-02-12,1171.82
11952,443,2023-03-12,50.99
11953,2881,2023-09-25,44.43
11954,580,2023-02-28,167.63
11955,282,2023-02-13,34.52
11956,2408,2023-09-29,51.54
11957,2963,2023-01-14,177.81
11958,823,2023-04-22,160.52
11959,2940,2023-11-10,73.61
11960,1670,2023-08-16,34.95
11961,641,2023-06-18,44.1
11962,1032,2023-10-18,47.25
11963,2017,2023-09-03,51.39
11964,563,2023-09-23,1167.76
11965,2539,2023-12-03,64.47
11966,341,2023-08-31,66.9
11967,472,2023-06-07,60.39
11968,1711,2023-10-27,63.01
11969,2297,2023-11-23,192.68
11970,235,2023-01-18,47.66
11971,1107,2023-03-24,36.65
11972,1117,2023-12-01,51.01
11973,1909,2023-08-19,44.44
11974,1418,2023-12-08,1158.84
11975,824,2023-09-10,58.57
11976,1292,2023-06-16,51.48
11977,632,2023-02-11,34.77
11978,529,2023-09-06,61.53
11979,1981,2023-09-05,54.4
11980,2170,2023-10-13,2042.87
11981,2940,2023-01-20,42.47
11982,2058,2023-12-18,44.0
11983,1340,2023-02-11,65.36
11984,2886,2023-12-11,59.89
11985,1297,2023-03-28,44.49
11986,1330,2023-09-18,53.65
11987,1234,2023-11-02,58.81
11988,1982,2023-10-24,34.27
11989,1754,2023-12-16,54.29
11990,2801,2023-08-28,227.9
11991,2934,2023-06-16,48.77
11992,2512,2023-11-09,48.8
11993,2760,2023-08-07,62.62
11994,2776,2023-05-13,56.67
11995,2765,2023-07-26,54.16
11996,1949,2023-02-20,54.04
11997,2128,2023-04-16,39.1
11998,2528,2023-07-03,30.01
11999,902,2023-07-20,35.94
12000,891,2023-01-11,65.69
